time,chest_ax,chest_ay,chest_az,chest_gx,chest_gy,chest_gz,leftankle_ax,leftankle_ay,leftankle_az,leftankle_gx,leftankle_gy,leftankle_gz,leftwrist_ax,leftwrist_ay,leftwrist_az,leftwrist_gx,leftwrist_gy,leftwrist_gz,rightankle_ax,rightankle_ay,rightankle_az,rightankle_gx,rightankle_gy,rightankle_gz,rightwrist_ax,rightwrist_ay,rightwrist_az,rightwrist_gx,rightwrist_gy,rightwrist_gz,lumbar_ax,lumbar_ay,lumbar_az,lumbar_gx,lumbar_gy,lumbar_gz,gait_paradigma_rightwrist,gait_paradigma_leftwrist
2022-06-09 15:29:05.008261120,-0.921142578125,-0.073974609375,-0.395263671875,-0.3662109375,1.15966796875,-0.244140625,0.0517578125,0.923828125,-0.212158203125,0.1220703125,-0.18310546875,-0.06103515625,-0.572998046875,0.5361328125,0.615478515625,0.1220703125,-0.18310546875,-0.06103515625,0.04833984375,-1.025634765625,-0.164306640625,-0.1220703125,-0.06103515625,0.06103515625,-0.599853515625,-0.577392578125,0.65283203125,-0.67138671875,-0.30517578125,-0.06103515625,-0.96435546875,0.006591796875,0.120849609375,-56.33544921875,24.2919921875,-28.25927734375,-0.4900626310459559,-0.6100290496190559
2022-06-09 15:29:05.018422528,-0.924072265625,-0.07470703125,-0.39990234375,-0.42724609375,1.15966796875,-0.244140625,0.05419921875,0.923583984375,-0.2099609375,0.18310546875,-0.18310546875,-0.1220703125,-0.571533203125,0.533935546875,0.615234375,0.1220703125,-0.30517578125,-0.06103515625,0.04833984375,-1.025634765625,-0.159423828125,-0.1220703125,-0.06103515625,0.0,-0.6015625,-0.578125,0.654052734375,-0.67138671875,-0.06103515625,-0.244140625,-0.96484375,0.005615234375,0.11767578125,-56.33544921875,24.90234375,-28.1982421875,-0.48045268240741795,-0.5979375527337126
2022-06-09 15:29:05.028584192,-0.922607421875,-0.07177734375,-0.39892578125,-0.30517578125,1.220703125,-0.244140625,0.05078125,0.924072265625,-0.209228515625,0.1220703125,-0.06103515625,-0.18310546875,-0.5673828125,0.534423828125,0.61474609375,0.18310546875,-0.3662109375,-0.06103515625,0.04736328125,-1.02685546875,-0.159912109375,-0.18310546875,0.1220703125,0.06103515625,-0.6015625,-0.578857421875,0.651123046875,-0.8544921875,0.0,-0.244140625,-0.971923828125,0.0048828125,0.11474609375,-56.2744140625,25.57373046875,-28.25927734375,-0.4694373270763262,-0.5860106644429975
2022-06-09 15:29:05.038745856,-0.921630859375,-0.074462890625,-0.3994140625,-0.3662109375,1.28173828125,-0.3662109375,0.050537109375,0.923828125,-0.20849609375,0.1220703125,-0.1220703125,-0.06103515625,-0.568359375,0.53369140625,0.61669921875,0.244140625,-0.06103515625,-0.06103515625,0.047119140625,-1.025634765625,-0.156982421875,-0.18310546875,0.18310546875,0.06103515625,-0.604248046875,-0.576904296875,0.651611328125,-0.732421875,-0.06103515625,-0.30517578125,-0.977294921875,0.005859375,0.11669921875,-56.15234375,25.45166015625,-28.3203125,-0.4578612837894415,-0.5743902087233073
2022-06-09 15:29:05.048907520,-0.921875,-0.07421875,-0.398681640625,-0.48828125,1.3427734375,-0.3662109375,0.0517578125,0.92041015625,-0.211181640625,0.06103515625,0.0,0.06103515625,-0.5693359375,0.533203125,0.615234375,0.18310546875,0.0,0.0,0.04833984375,-1.027099609375,-0.160400390625,-0.18310546875,0.06103515625,0.06103515625,-0.604248046875,-0.575439453125,0.654052734375,-0.8544921875,-0.244140625,-0.244140625,-0.974609375,0.005126953125,0.1162109375,-56.21337890625,24.4140625,-28.25927734375,-0.4461454928579224,-0.5630292331079436
2022-06-09 15:29:05.059069184,-0.92236328125,-0.07568359375,-0.396484375,-0.42724609375,1.40380859375,-0.3662109375,0.051025390625,0.923095703125,-0.213134765625,0.18310546875,-0.18310546875,0.0,-0.56982421875,0.533447265625,0.614990234375,0.30517578125,-0.06103515625,0.0,0.048828125,-1.0263671875,-0.16455078125,-0.244140625,-0.06103515625,0.06103515625,-0.603515625,-0.57568359375,0.6513671875,-1.15966796875,-0.244140625,-0.18310546875,-0.969482421875,0.005126953125,0.1181640625,-56.2744140625,23.86474609375,-28.1982421875,-0.4332564472053209,-0.5520990667600068
2022-06-09 15:29:05.069230592,-0.923828125,-0.073974609375,-0.39892578125,-0.244140625,1.3427734375,-0.42724609375,0.0517578125,0.9228515625,-0.215087890625,0.18310546875,-0.18310546875,-0.06103515625,-0.568603515625,0.536865234375,0.617919921875,0.42724609375,-0.06103515625,0.0,0.04833984375,-1.026123046875,-0.163818359375,-0.18310546875,-0.1220703125,0.0,-0.601806640625,-0.575927734375,0.65234375,-1.0986328125,0.0,-0.1220703125,-0.967041015625,0.006103515625,0.1171875,-56.21337890625,24.169921875,-28.1982421875,-0.4198029988642764,-0.5418121243468615
2022-06-09 15:29:05.079392256,-0.92431640625,-0.07275390625,-0.40087890625,-0.1220703125,1.03759765625,-0.54931640625,0.0498046875,0.92431640625,-0.210205078125,0.18310546875,-0.06103515625,-0.06103515625,-0.5673828125,0.538818359375,0.61865234375,0.244140625,0.06103515625,-0.06103515625,0.047119140625,-1.026611328125,-0.1640625,-0.18310546875,-0.1220703125,0.0,-0.607666015625,-0.577392578125,0.65283203125,-1.15966796875,-0.1220703125,-0.1220703125,-0.96875,0.004638671875,0.116455078125,-56.15234375,24.90234375,-28.25927734375,-0.40640116846871366,-0.5311168910529784
2022-06-09 15:29:05.089553920,-0.921630859375,-0.0712890625,-0.40087890625,-0.06103515625,0.6103515625,-0.48828125,0.05029296875,0.924072265625,-0.209716796875,0.1220703125,-0.06103515625,-0.06103515625,-0.569091796875,0.537353515625,0.616943359375,0.18310546875,0.1220703125,-0.06103515625,0.04736328125,-1.025634765625,-0.16259765625,-0.1220703125,-0.06103515625,0.0,-0.603759765625,-0.577392578125,0.650390625,-1.40380859375,-0.48828125,-0.06103515625,-0.9716796875,0.006103515625,0.116943359375,-56.09130859375,24.90234375,-28.1982421875,-0.3920229700595255,-0.5195470431463933
2022-06-09 15:29:05.099715584,-0.919921875,-0.0712890625,-0.40185546875,0.0,0.3662109375,-0.30517578125,0.052001953125,0.921875,-0.21044921875,0.18310546875,-0.1220703125,0.06103515625,-0.5693359375,0.53515625,0.614013671875,0.30517578125,0.18310546875,-0.06103515625,0.047607421875,-1.023193359375,-0.162353515625,-0.1220703125,0.0,0.0,-0.603759765625,-0.578857421875,0.65087890625,-1.46484375,-0.48828125,-0.1220703125,-0.9716796875,0.008056640625,0.11474609375,-56.2744140625,24.4140625,-28.3203125,-0.3764698202495249,-0.5081572732830876
2022-06-09 15:29:05.109876992,-0.920654296875,-0.07421875,-0.400390625,-0.1220703125,0.732421875,-0.42724609375,0.05322265625,0.919189453125,-0.2109375,0.244140625,-0.18310546875,0.0,-0.569580078125,0.534912109375,0.613037109375,0.30517578125,0.06103515625,-0.1220703125,0.04833984375,-1.024658203125,-0.163330078125,-0.1220703125,-0.06103515625,-0.06103515625,-0.6025390625,-0.578125,0.64892578125,-1.40380859375,-0.48828125,-0.06103515625,-0.96875,0.0068359375,0.1181640625,-56.396484375,24.10888671875,-28.25927734375,-0.3608149897003977,-0.4968324541026827
2022-06-09 15:29:05.120038400,-0.9189453125,-0.076416015625,-0.400146484375,-0.244140625,1.0986328125,-0.42724609375,0.053466796875,0.918701171875,-0.210693359375,0.1220703125,-0.1220703125,-0.1220703125,-0.568603515625,0.53564453125,0.616455078125,0.3662109375,-0.06103515625,-0.1220703125,0.048095703125,-1.0263671875,-0.16357421875,-0.1220703125,-0.06103515625,-0.06103515625,-0.599853515625,-0.5791015625,0.64501953125,-1.3427734375,-0.42724609375,-0.06103515625,-0.96728515625,0.00634765625,0.1201171875,-56.2744140625,24.169921875,-28.25927734375,-0.3457205499824054,-0.48542300612185124
2022-06-09 15:29:05.130200064,-0.919921875,-0.07421875,-0.4013671875,-0.3662109375,1.15966796875,-0.42724609375,0.052490234375,0.921875,-0.2099609375,0.06103515625,-0.06103515625,-0.1220703125,-0.5732421875,0.537353515625,0.6142578125,0.42724609375,-0.18310546875,-0.18310546875,0.0478515625,-1.028076171875,-0.164794921875,0.0,-0.06103515625,-0.06103515625,-0.598876953125,-0.58056640625,0.646484375,-1.28173828125,0.0,-0.06103515625,-0.965087890625,0.00927734375,0.116455078125,-56.2744140625,24.59716796875,-28.25927734375,-0.33097353170257365,-0.47409230573234085
2022-06-09 15:29:05.140361728,-0.920654296875,-0.072998046875,-0.401123046875,-0.42724609375,1.03759765625,-0.48828125,0.05224609375,0.923828125,-0.207275390625,0.1220703125,0.0,-0.1220703125,-0.573486328125,0.53759765625,0.61376953125,0.3662109375,-0.18310546875,-0.30517578125,0.047119140625,-1.026123046875,-0.16259765625,0.0,0.1220703125,-0.06103515625,-0.603515625,-0.5791015625,0.648681640625,-1.52587890625,0.06103515625,-0.1220703125,-0.970947265625,0.007080078125,0.117431640625,-56.2744140625,25.32958984375,-28.3203125,-0.3153035810694535,-0.4619930486088284
2022-06-09 15:29:05.150523392,-0.92138671875,-0.071044921875,-0.40234375,-0.48828125,0.9765625,-0.42724609375,0.051025390625,0.92333984375,-0.20703125,0.18310546875,-0.06103515625,-0.06103515625,-0.571533203125,0.535400390625,0.61083984375,0.18310546875,-0.1220703125,-0.244140625,0.048095703125,-1.025390625,-0.16357421875,0.1220703125,0.18310546875,-0.06103515625,-0.606201171875,-0.582275390625,0.64794921875,-1.5869140625,-0.30517578125,0.0,-0.97314453125,0.007568359375,0.115966796875,-56.2744140625,25.2685546875,-28.4423828125,-0.298751962991578,-0.44904036319944585
2022-06-09 15:29:05.160685056,-0.92041015625,-0.072998046875,-0.40185546875,-0.6103515625,0.91552734375,-0.54931640625,0.051025390625,0.920166015625,-0.208740234375,0.1220703125,-0.1220703125,0.06103515625,-0.571533203125,0.534912109375,0.611572265625,0.244140625,-0.06103515625,-0.18310546875,0.04541015625,-1.0234375,-0.1640625,0.06103515625,0.1220703125,-0.06103515625,-0.60888671875,-0.582275390625,0.6484375,-1.40380859375,-0.30517578125,0.0,-0.972412109375,0.005126953125,0.11669921875,-56.2744140625,24.47509765625,-28.38134765625,-0.28301585312958766,-0.4363457021309975
2022-06-09 15:29:05.170846464,-0.921630859375,-0.07666015625,-0.39794921875,-0.54931640625,0.8544921875,-0.54931640625,0.0537109375,0.91943359375,-0.211181640625,0.1220703125,-0.1220703125,0.0,-0.56982421875,0.537353515625,0.61572265625,0.42724609375,-0.30517578125,-0.1220703125,0.047119140625,-1.02490234375,-0.1640625,0.06103515625,0.06103515625,-0.06103515625,-0.607177734375,-0.58056640625,0.6484375,-1.15966796875,-0.3662109375,0.06103515625,-0.9677734375,0.0068359375,0.119873046875,-56.2744140625,24.0478515625,-28.25927734375,-0.268925496444708,-0.4248424584760456
2022-06-09 15:29:05.181008128,-0.92041015625,-0.076171875,-0.40234375,-0.67138671875,0.732421875,-0.48828125,0.052734375,0.919677734375,-0.208984375,0.244140625,-0.1220703125,-0.06103515625,-0.570068359375,0.539306640625,0.617431640625,0.3662109375,-0.30517578125,-0.1220703125,0.0498046875,-1.026611328125,-0.163818359375,0.0,0.06103515625,0.0,-0.604736328125,-0.580078125,0.65087890625,-1.40380859375,-0.54931640625,0.18310546875,-0.966552734375,0.006591796875,0.12109375,-56.396484375,24.35302734375,-28.25927734375,-0.2554721463558655,-0.4139434170006371
2022-06-09 15:29:05.191169792,-0.91845703125,-0.0791015625,-0.4052734375,-0.732421875,0.91552734375,-0.42724609375,0.049072265625,0.9228515625,-0.206298828125,0.18310546875,-0.1220703125,-0.1220703125,-0.5693359375,0.538818359375,0.614013671875,0.244140625,-0.244140625,-0.244140625,0.050048828125,-1.026123046875,-0.1640625,0.06103515625,0.0,-0.06103515625,-0.605712890625,-0.579345703125,0.64990234375,-1.3427734375,-0.48828125,0.1220703125,-0.96875,0.008544921875,0.119873046875,-56.2744140625,24.7802734375,-28.3203125,-0.24155744349260272,-0.40203676283595746
2022-06-09 15:29:05.201331456,-0.919921875,-0.074951171875,-0.408935546875,-0.67138671875,1.15966796875,-0.6103515625,0.05029296875,0.92431640625,-0.20654296875,0.1220703125,0.0,-0.18310546875,-0.56884765625,0.53564453125,0.611328125,0.1220703125,-0.244140625,-0.1220703125,0.04638671875,-1.02490234375,-0.163330078125,0.0,0.06103515625,-0.06103515625,-0.603515625,-0.580810546875,0.646484375,-1.3427734375,-0.42724609375,0.18310546875,-0.974365234375,0.007080078125,0.117919921875,-56.33544921875,24.90234375,-28.38134765625,-0.22778520983578138,-0.389488704246916
2022-06-09 15:29:05.211493120,-0.92138671875,-0.074951171875,-0.41796875,-1.28173828125,1.220703125,-0.79345703125,0.0517578125,0.923095703125,-0.20751953125,0.1220703125,0.0,-0.06103515625,-0.56689453125,0.5341796875,0.61279296875,0.06103515625,-0.1220703125,-0.06103515625,0.045166015625,-1.024658203125,-0.160888671875,0.1220703125,0.1220703125,-0.06103515625,-0.6025390625,-0.57958984375,0.646240234375,-1.28173828125,-0.244140625,0.244140625,-0.97119140625,0.00634765625,0.12060546875,-56.21337890625,24.5361328125,-28.4423828125,-0.2146078634283936,-0.3772623239225726
2022-06-09 15:29:05.221654528,-0.9169921875,-0.075439453125,-0.4072265625,-1.52587890625,0.79345703125,-0.6103515625,0.052490234375,0.921630859375,-0.207763671875,0.06103515625,-0.1220703125,0.0,-0.568359375,0.533203125,0.61181640625,0.1220703125,0.06103515625,-0.1220703125,0.04736328125,-1.025146484375,-0.15966796875,0.18310546875,0.1220703125,-0.1220703125,-0.602294921875,-0.57861328125,0.648193359375,-1.03759765625,-0.06103515625,0.06103515625,-0.969482421875,0.007568359375,0.115478515625,-56.15234375,24.23095703125,-28.38134765625,-0.20195224755697977,-0.36501661781675243
2022-06-09 15:29:05.231815936,-0.914306640625,-0.0732421875,-0.39013671875,-1.220703125,0.3662109375,-0.6103515625,0.052490234375,0.92041015625,-0.208740234375,0.1220703125,-0.244140625,0.0,-0.5712890625,0.532470703125,0.613525390625,0.244140625,0.06103515625,-0.06103515625,0.04931640625,-1.024169921875,-0.166015625,0.18310546875,0.06103515625,-0.30517578125,-0.603515625,-0.581787109375,0.647705078125,-1.03759765625,-0.1220703125,0.0,-0.9677734375,0.01025390625,0.118896484375,-56.21337890625,24.4140625,-28.4423828125,-0.18915227446268396,-0.35321274039848416
2022-06-09 15:29:05.241977600,-0.9130859375,-0.073974609375,-0.401611328125,0.3662109375,0.67138671875,-0.48828125,0.0517578125,0.921142578125,-0.214111328125,0.18310546875,-0.18310546875,-0.06103515625,-0.571044921875,0.5361328125,0.612548828125,0.3662109375,-0.18310546875,-0.18310546875,0.05029296875,-1.025146484375,-0.164794921875,0.1220703125,0.1220703125,-0.18310546875,-0.603759765625,-0.58251953125,0.6494140625,-1.15966796875,-0.244140625,-0.06103515625,-0.966552734375,0.00830078125,0.11767578125,-56.21337890625,24.5361328125,-28.50341796875,-0.17539797018143155,-0.34173211758684463
2022-06-09 15:29:05.252139264,-0.913818359375,-0.06494140625,-0.41796875,2.86865234375,1.46484375,-0.1220703125,0.0517578125,0.9228515625,-0.212646484375,0.244140625,-0.18310546875,-0.06103515625,-0.569580078125,0.53759765625,0.61474609375,0.42724609375,-0.244140625,-0.1220703125,0.0498046875,-1.02587890625,-0.166259765625,0.18310546875,0.18310546875,-0.1220703125,-0.603515625,-0.583251953125,0.6513671875,-1.220703125,-0.48828125,-0.06103515625,-0.9697265625,0.0087890625,0.1142578125,-56.15234375,24.59716796875,-28.50341796875,-0.16071542324073196,-0.3304215034675283
2022-06-09 15:29:05.262300928,-0.91845703125,-0.0703125,-0.409912109375,2.0751953125,1.89208984375,-0.06103515625,0.052978515625,0.921142578125,-0.2080078125,0.244140625,-0.1220703125,-0.06103515625,-0.570556640625,0.537841796875,0.61474609375,0.3662109375,-0.3662109375,-0.1220703125,0.047607421875,-1.025146484375,-0.162841796875,0.06103515625,0.1220703125,-0.06103515625,-0.603515625,-0.583740234375,0.6533203125,-1.15966796875,-0.42724609375,0.0,-0.970947265625,0.00732421875,0.114990234375,-56.21337890625,24.7802734375,-28.564453125,-0.1462208793036882,-0.3193637152282881
2022-06-09 15:29:05.272462336,-0.91845703125,-0.0771484375,-0.39697265625,0.42724609375,0.9765625,-0.06103515625,0.052734375,0.92138671875,-0.2080078125,0.18310546875,-0.06103515625,0.0,-0.56787109375,0.535888671875,0.614501953125,0.30517578125,-0.30517578125,-0.1220703125,0.046875,-1.024658203125,-0.164306640625,0.06103515625,0.18310546875,-0.18310546875,-0.60107421875,-0.583984375,0.65185546875,-1.0986328125,-0.42724609375,-0.06103515625,-0.974609375,0.009033203125,0.114501953125,-56.21337890625,24.84130859375,-28.50341796875,-0.13212577143256743,-0.30799315014709694
2022-06-09 15:29:05.282624000,-0.908447265625,-0.07958984375,-0.39794921875,-0.48828125,0.3662109375,-0.06103515625,0.052001953125,0.9208984375,-0.20849609375,0.244140625,-0.18310546875,-0.18310546875,-0.567138671875,0.5380859375,0.614013671875,0.30517578125,-0.244140625,-0.06103515625,0.04736328125,-1.02490234375,-0.163330078125,0.1220703125,0.244140625,-0.1220703125,-0.6005859375,-0.58447265625,0.6494140625,-1.15966796875,-0.3662109375,0.06103515625,-0.974853515625,0.009033203125,0.113037109375,-56.09130859375,24.59716796875,-28.564453125,-0.11824066945699052,-0.29674840195185803
2022-06-09 15:29:05.292785664,-0.910400390625,-0.078125,-0.40576171875,-1.708984375,1.8310546875,-0.244140625,0.05126953125,0.92138671875,-0.21044921875,0.30517578125,-0.244140625,-0.06103515625,-0.5693359375,0.53857421875,0.611083984375,0.1220703125,0.06103515625,0.06103515625,0.0498046875,-1.025390625,-0.161865234375,0.0,0.06103515625,-0.18310546875,-0.59716796875,-0.583251953125,0.647216796875,-0.9765625,-0.3662109375,0.06103515625,-0.97216796875,0.00830078125,0.11474609375,-56.21337890625,23.98681640625,-28.564453125,-0.10521843470938153,-0.2858637042091883
2022-06-09 15:29:05.302947328,-0.920654296875,-0.080322265625,-0.402587890625,-2.38037109375,3.23486328125,-0.30517578125,0.051025390625,0.919677734375,-0.20947265625,0.30517578125,-0.18310546875,-0.1220703125,-0.569580078125,0.539306640625,0.61083984375,0.0,0.1220703125,0.0,0.04833984375,-1.025634765625,-0.16357421875,0.0,0.06103515625,-0.1220703125,-0.6005859375,-0.58251953125,0.6435546875,-0.91552734375,-0.18310546875,0.0,-0.967529296875,0.008056640625,0.115234375,-56.09130859375,24.23095703125,-28.4423828125,-0.09279148526804726,-0.2744857783640474
2022-06-09 15:29:05.313108992,-0.926513671875,-0.07568359375,-0.399658203125,-2.0751953125,2.5634765625,-0.42724609375,0.05224609375,0.923095703125,-0.208740234375,0.3662109375,-0.06103515625,-0.244140625,-0.56982421875,0.538330078125,0.609619140625,0.06103515625,0.42724609375,-0.06103515625,0.04736328125,-1.029052734375,-0.162353515625,0.06103515625,0.0,-0.06103515625,-0.599609375,-0.58349609375,0.64697265625,-0.79345703125,0.0,-0.06103515625,-0.96826171875,0.009033203125,0.11669921875,-56.09130859375,24.35302734375,-28.4423828125,-0.08051411475093884,-0.26242548170104063
2022-06-09 15:29:05.323270400,-0.928955078125,-0.07080078125,-0.404052734375,-1.3427734375,0.91552734375,-0.42724609375,0.052001953125,0.9248046875,-0.207275390625,0.1220703125,-0.06103515625,-0.18310546875,-0.57421875,0.5361328125,0.613037109375,0.1220703125,0.48828125,-0.06103515625,0.047119140625,-1.028076171875,-0.1611328125,0.06103515625,0.06103515625,-0.06103515625,-0.60107421875,-0.5810546875,0.65234375,-0.79345703125,-0.06103515625,0.0,-0.969482421875,0.006591796875,0.1142578125,-56.15234375,24.2919921875,-28.4423828125,-0.06863820723811787,-0.2504186735744264
2022-06-09 15:29:05.333432064,-0.927001953125,-0.07080078125,-0.41015625,-0.67138671875,0.30517578125,-0.244140625,0.051513671875,0.922119140625,-0.208740234375,0.06103515625,-0.06103515625,-0.1220703125,-0.5751953125,0.5390625,0.61474609375,0.30517578125,0.30517578125,-0.06103515625,0.047119140625,-1.026611328125,-0.15966796875,0.1220703125,-0.06103515625,-0.06103515625,-0.603759765625,-0.5810546875,0.652587890625,-0.8544921875,-0.18310546875,-0.1220703125,-0.97021484375,0.00634765625,0.114990234375,-56.21337890625,24.23095703125,-28.4423828125,-0.0563075172508295,-0.23903971451829353
2022-06-09 15:29:05.343593472,-0.923828125,-0.07275390625,-0.409423828125,-0.48828125,0.30517578125,-0.1220703125,0.052490234375,0.922607421875,-0.211181640625,0.18310546875,-0.1220703125,-0.06103515625,-0.574951171875,0.539794921875,0.61669921875,0.48828125,0.0,-0.18310546875,0.047607421875,-1.02490234375,-0.161376953125,0.1220703125,0.0,-0.1220703125,-0.605224609375,-0.58544921875,0.654296875,-0.8544921875,-0.30517578125,-0.18310546875,-0.970458984375,0.0078125,0.11767578125,-56.15234375,24.10888671875,-28.38134765625,-0.043066405227457305,-0.2280573998064256
2022-06-09 15:29:05.353755136,-0.921142578125,-0.073486328125,-0.404052734375,-0.3662109375,-0.18310546875,-0.1220703125,0.051513671875,0.919677734375,-0.212890625,0.244140625,-0.18310546875,-0.06103515625,-0.573486328125,0.541015625,0.618408203125,0.3662109375,-0.06103515625,-0.18310546875,0.049560546875,-1.026123046875,-0.1650390625,0.1220703125,0.0,-0.1220703125,-0.60400390625,-0.585205078125,0.652099609375,-0.79345703125,-0.48828125,-0.1220703125,-0.968017578125,0.00634765625,0.115478515625,-56.0302734375,24.2919921875,-28.3203125,-0.030020268377663695,-0.2166932689648926
2022-06-09 15:29:05.363916800,-0.9169921875,-0.07666015625,-0.40234375,-0.1220703125,-0.42724609375,0.0,0.049560546875,0.923828125,-0.212890625,0.18310546875,-0.1220703125,-0.06103515625,-0.5673828125,0.539306640625,0.6181640625,0.3662109375,-0.1220703125,-0.3662109375,0.05078125,-1.026123046875,-0.164306640625,0.0,0.0,0.0,-0.60205078125,-0.583740234375,0.65087890625,-0.79345703125,-0.48828125,-0.06103515625,-0.966064453125,0.007568359375,0.11669921875,-56.15234375,24.47509765625,-28.4423828125,-0.01761803600337819,-0.20420749285852813
2022-06-09 15:29:05.374078208,-0.911376953125,-0.07568359375,-0.410400390625,-0.244140625,-0.42724609375,0.0,0.05126953125,0.921142578125,-0.206298828125,-0.06103515625,0.0,0.0,-0.568115234375,0.538330078125,0.617919921875,0.1220703125,0.0,-0.42724609375,0.04736328125,-1.025390625,-0.161376953125,-0.06103515625,0.18310546875,0.0,-0.60107421875,-0.582763671875,0.649658203125,-0.79345703125,-0.244140625,0.06103515625,-0.968994140625,0.00537109375,0.116943359375,-56.21337890625,24.71923828125,-28.50341796875,-0.005873103459105744,-0.19002344986699182
2022-06-09 15:29:05.384239872,-0.9091796875,-0.07421875,-0.412353515625,-0.48828125,-0.1220703125,0.0,0.051513671875,0.921630859375,-0.209716796875,0.06103515625,-0.1220703125,0.06103515625,-0.566650390625,0.535888671875,0.614501953125,-0.06103515625,0.1220703125,-0.3662109375,0.044921875,-1.025634765625,-0.16162109375,0.0,0.30517578125,0.0,-0.59716796875,-0.580322265625,0.650146484375,-0.732421875,0.06103515625,0.06103515625,-0.97314453125,0.0078125,0.115478515625,-56.2744140625,24.5361328125,-28.4423828125,0.005231109526455002,-0.17475735144043836
2022-06-09 15:29:05.394401536,-0.906494140625,-0.076416015625,-0.41015625,-0.732421875,0.42724609375,0.1220703125,0.05126953125,0.920654296875,-0.21044921875,0.06103515625,-0.244140625,0.1220703125,-0.5673828125,0.53466796875,0.614990234375,-0.06103515625,0.18310546875,-0.244140625,0.045654296875,-1.026611328125,-0.16162109375,0.06103515625,0.18310546875,0.0,-0.599365234375,-0.58349609375,0.64501953125,-0.6103515625,0.1220703125,0.1220703125,-0.971435546875,0.005859375,0.11474609375,-56.15234375,24.169921875,-28.4423828125,0.015493144474863163,-0.1598399914291312
2022-06-09 15:29:05.404563200,-0.909423828125,-0.077392578125,-0.409912109375,-0.91552734375,0.9765625,0.18310546875,0.0517578125,0.91943359375,-0.2109375,0.06103515625,-0.1220703125,0.18310546875,-0.568603515625,0.53515625,0.614501953125,-0.1220703125,0.18310546875,-0.244140625,0.0498046875,-1.027587890625,-0.162841796875,-0.1220703125,0.0,-0.1220703125,-0.599365234375,-0.584716796875,0.6435546875,-0.48828125,0.1220703125,0.06103515625,-0.966796875,0.00537109375,0.1181640625,-56.15234375,23.92578125,-28.38134765625,0.02492735649832456,-0.1453167756356929
2022-06-09 15:29:05.414724864,-0.91259765625,-0.078125,-0.407470703125,-0.732421875,1.28173828125,0.18310546875,0.05126953125,0.9228515625,-0.211669921875,0.244140625,-0.06103515625,0.1220703125,-0.57177734375,0.5380859375,0.612548828125,-0.18310546875,0.244140625,-0.244140625,0.049072265625,-1.027587890625,-0.166015625,-0.06103515625,0.0,-0.1220703125,-0.59912109375,-0.583251953125,0.64404296875,-0.30517578125,0.0,0.06103515625,-0.968994140625,0.00537109375,0.121826171875,-56.21337890625,24.0478515625,-28.3203125,0.03356539115093082,-0.13049938453992316
2022-06-09 15:29:05.424886272,-0.914306640625,-0.077392578125,-0.4072265625,-0.48828125,1.15966796875,0.1220703125,0.051025390625,0.922119140625,-0.208984375,0.18310546875,0.0,-0.06103515625,-0.572509765625,0.537353515625,0.61328125,-0.18310546875,0.1220703125,-0.18310546875,0.046875,-1.02685546875,-0.164306640625,-0.06103515625,0.06103515625,-0.1220703125,-0.60205078125,-0.583984375,0.64404296875,-0.1220703125,0.244140625,0.18310546875,-0.96923828125,0.005126953125,0.1201171875,-56.21337890625,24.35302734375,-28.3203125,0.040526238919556534,-0.11581252903244876
2022-06-09 15:29:05.435047936,-0.917236328125,-0.075439453125,-0.40966796875,-0.244140625,0.91552734375,0.0,0.052734375,0.923828125,-0.207763671875,0.18310546875,0.06103515625,-0.06103515625,-0.57373046875,0.536376953125,0.611572265625,-0.244140625,-0.06103515625,-0.06103515625,0.04541015625,-1.02490234375,-0.162841796875,0.0,0.1220703125,-0.06103515625,-0.604736328125,-0.583984375,0.646484375,-0.06103515625,0.30517578125,0.1220703125,-0.972900390625,0.003173828125,0.11669921875,-56.15234375,24.5361328125,-28.3203125,0.04646232234519443,-0.10178824098043204
2022-06-09 15:29:05.445209600,-0.92236328125,-0.076904296875,-0.4091796875,0.1220703125,0.67138671875,0.0,0.0546875,0.920166015625,-0.206787109375,0.18310546875,0.0,0.06103515625,-0.573974609375,0.534912109375,0.611572265625,-0.244140625,-0.06103515625,0.0,0.048095703125,-1.025634765625,-0.160888671875,-0.06103515625,0.1220703125,-0.1220703125,-0.606201171875,-0.584228515625,0.648681640625,0.0,0.1220703125,0.18310546875,-0.97265625,0.005126953125,0.11962890625,-56.15234375,24.2919921875,-28.1982421875,0.05202554129823633,-0.08841700915728867
2022-06-09 15:29:05.455371264,-0.922607421875,-0.0771484375,-0.409912109375,0.42724609375,0.48828125,-0.1220703125,0.0537109375,0.91845703125,-0.210693359375,0.244140625,-0.1220703125,0.1220703125,-0.56982421875,0.53564453125,0.6123046875,-0.18310546875,0.1220703125,0.0,0.048828125,-1.025390625,-0.162109375,-0.06103515625,0.06103515625,-0.18310546875,-0.605224609375,-0.585205078125,0.6494140625,0.0,0.06103515625,0.1220703125,-0.968017578125,0.00634765625,0.1201171875,-56.09130859375,23.74267578125,-28.1982421875,0.0574224400137181,-0.07546951042347794
2022-06-09 15:29:05.465532672,-0.920166015625,-0.0771484375,-0.408203125,0.3662109375,0.30517578125,-0.1220703125,0.0517578125,0.920166015625,-0.214111328125,0.244140625,-0.1220703125,0.1220703125,-0.5712890625,0.536865234375,0.61376953125,-0.1220703125,0.18310546875,0.0,0.051513671875,-1.0263671875,-0.1630859375,0.06103515625,0.18310546875,-0.18310546875,-0.607421875,-0.583251953125,0.646728515625,0.0,-0.18310546875,0.0,-0.964599609375,0.00439453125,0.1181640625,-56.2744140625,23.74267578125,-28.38134765625,0.06353747546867894,-0.06284357034249077
2022-06-09 15:29:05.475694080,-0.91650390625,-0.07763671875,-0.41259765625,0.1220703125,0.06103515625,-0.18310546875,0.051513671875,0.92236328125,-0.212646484375,0.244140625,-0.1220703125,-0.06103515625,-0.574462890625,0.541015625,0.61376953125,-0.1220703125,0.244140625,0.0,0.05029296875,-1.027099609375,-0.164306640625,0.0,0.1220703125,0.0,-0.606201171875,-0.58251953125,0.647705078125,-0.1220703125,-0.3662109375,-0.1220703125,-0.96484375,0.00390625,0.119873046875,-56.21337890625,24.23095703125,-28.4423828125,0.07102079581253662,-0.05038785755844
2022-06-09 15:29:05.485855744,-0.91650390625,-0.0791015625,-0.416259765625,-0.06103515625,0.18310546875,-0.18310546875,0.05078125,0.922119140625,-0.20703125,0.18310546875,-0.1220703125,-0.1220703125,-0.574951171875,0.5390625,0.61328125,-0.18310546875,0.30517578125,-0.06103515625,0.047607421875,-1.02685546875,-0.160400390625,-0.06103515625,0.06103515625,0.0,-0.6005859375,-0.5830078125,0.6484375,-0.1220703125,-0.3662109375,-0.1220703125,-0.96728515625,0.005859375,0.12109375,-56.15234375,24.7802734375,-28.38134765625,0.07941511408099555,-0.03751767858030841
2022-06-09 15:29:05.496017408,-0.91748046875,-0.072998046875,-0.41259765625,0.3662109375,0.42724609375,-0.1220703125,0.05126953125,0.9228515625,-0.208740234375,0.244140625,0.0,-0.1220703125,-0.572509765625,0.536376953125,0.61181640625,-0.18310546875,0.244140625,-0.06103515625,0.04736328125,-1.026611328125,-0.161865234375,0.06103515625,0.1220703125,-0.06103515625,-0.5986328125,-0.586181640625,0.6455078125,-0.1220703125,-0.244140625,-0.1220703125,-0.970947265625,0.006103515625,0.11962890625,-56.15234375,24.84130859375,-28.38134765625,0.08783806467372901,-0.024241825296068997
2022-06-09 15:29:05.506179072,-0.91796875,-0.073974609375,-0.398681640625,0.732421875,0.244140625,0.06103515625,0.052001953125,0.920654296875,-0.20947265625,0.1220703125,-0.06103515625,-0.1220703125,-0.57177734375,0.53466796875,0.611083984375,-0.244140625,0.244140625,0.0,0.046142578125,-1.026123046875,-0.16162109375,0.18310546875,0.1220703125,0.0,-0.59765625,-0.5869140625,0.6435546875,0.06103515625,0.06103515625,-0.244140625,-0.970947265625,0.005859375,0.117919921875,-56.09130859375,24.84130859375,-28.38134765625,0.09611983286376313,-0.011107937021178849
2022-06-09 15:29:05.516340736,-0.915771484375,-0.07861328125,-0.401611328125,0.91552734375,-0.67138671875,0.244140625,0.05224609375,0.91943359375,-0.20849609375,0.1220703125,-0.18310546875,-0.1220703125,-0.572021484375,0.535400390625,0.611328125,-0.06103515625,0.18310546875,-0.1220703125,0.04833984375,-1.024169921875,-0.1650390625,0.1220703125,0.1220703125,-0.06103515625,-0.59765625,-0.58935546875,0.644775390625,0.1220703125,0.1220703125,-0.244140625,-0.969970703125,0.003662109375,0.119873046875,-56.0302734375,24.71923828125,-28.1982421875,0.10405344269288497,0.001954973037048946
2022-06-09 15:29:05.526502144,-0.9111328125,-0.07177734375,-0.410888671875,1.3427734375,-0.1220703125,0.3662109375,0.05029296875,0.92138671875,-0.21044921875,0.1220703125,-0.1220703125,-0.06103515625,-0.572021484375,0.538818359375,0.61328125,0.0,-0.06103515625,-0.1220703125,0.049560546875,-1.02734375,-0.163818359375,0.244140625,0.18310546875,-0.06103515625,-0.60107421875,-0.5888671875,0.6474609375,0.244140625,0.1220703125,-0.06103515625,-0.968017578125,0.003662109375,0.118408203125,-55.96923828125,24.5361328125,-28.25927734375,0.10250932228526877,0.0020936595991172258
2022-06-09 15:29:05.536663808,-0.91845703125,-0.071533203125,-0.413330078125,1.15966796875,1.5869140625,0.244140625,0.051513671875,0.924072265625,-0.212646484375,0.06103515625,-0.1220703125,-0.18310546875,-0.569091796875,0.540771484375,0.613525390625,0.0,-0.1220703125,0.0,0.0478515625,-1.02685546875,-0.165283203125,0.18310546875,0.06103515625,-0.06103515625,-0.60009765625,-0.587890625,0.647705078125,0.3662109375,0.06103515625,0.06103515625,-0.968017578125,0.00537109375,0.120361328125,-55.96923828125,24.71923828125,-28.3203125,0.09908206734000535,0.001474992744850745
2022-06-09 15:29:05.546825472,-0.925048828125,-0.072265625,-0.40673828125,0.67138671875,0.91552734375,0.18310546875,0.050048828125,0.919921875,-0.2109375,0.06103515625,-0.1220703125,-0.1220703125,-0.56884765625,0.539306640625,0.612548828125,0.0,-0.06103515625,-0.06103515625,0.046875,-1.0263671875,-0.16357421875,0.18310546875,0.1220703125,-0.06103515625,-0.597900390625,-0.58642578125,0.649658203125,0.42724609375,0.244140625,0.1220703125,-0.9697265625,0.00927734375,0.12060546875,-56.0302734375,24.84130859375,-28.38134765625,0.09445100646016313,0.0005082915938154908
2022-06-09 15:29:05.556987136,-0.916748046875,-0.07568359375,-0.40771484375,0.48828125,-1.3427734375,0.18310546875,0.052001953125,0.921875,-0.212158203125,0.0,0.0,-0.1220703125,-0.5654296875,0.536865234375,0.61181640625,-0.1220703125,0.0,-0.1220703125,0.047607421875,-1.027587890625,-0.15966796875,0.18310546875,0.18310546875,-0.06103515625,-0.59765625,-0.5849609375,0.647216796875,0.6103515625,0.3662109375,0.18310546875,-0.971923828125,0.008056640625,0.1171875,-56.09130859375,24.5361328125,-28.38134765625,0.08864241177250587,0.0003043969284255432
2022-06-09 15:29:05.567148800,-0.908447265625,-0.07421875,-0.410888671875,0.3662109375,-1.3427734375,0.1220703125,0.053466796875,0.921875,-0.208251953125,-0.06103515625,-0.1220703125,-0.06103515625,-0.568359375,0.53515625,0.61279296875,-0.1220703125,0.0,-0.18310546875,0.046875,-1.027099609375,-0.162353515625,0.18310546875,0.06103515625,-0.06103515625,-0.598876953125,-0.58251953125,0.6484375,0.732421875,0.42724609375,0.30517578125,-0.96875,0.0068359375,0.1171875,-56.0302734375,24.0478515625,-28.38134765625,0.08122671373956991,0.0008610449408672505
2022-06-09 15:29:05.577310208,-0.916259765625,-0.075927734375,-0.410888671875,0.0,0.91552734375,0.18310546875,0.0537109375,0.921142578125,-0.21240234375,-0.06103515625,-0.244140625,-0.06103515625,-0.571044921875,0.53857421875,0.6171875,-0.1220703125,0.18310546875,-0.06103515625,0.046875,-1.027099609375,-0.163818359375,0.1220703125,-0.06103515625,-0.06103515625,-0.60107421875,-0.580078125,0.652099609375,0.732421875,0.3662109375,0.18310546875,-0.968505859375,0.00830078125,0.120849609375,-55.96923828125,24.10888671875,-28.4423828125,0.0735277021619698,0.001061600561432563
2022-06-09 15:29:05.587471616,-0.924072265625,-0.078369140625,-0.407470703125,-0.6103515625,1.3427734375,0.18310546875,0.052001953125,0.92041015625,-0.21337890625,0.0,-0.18310546875,-0.1220703125,-0.573486328125,0.538818359375,0.615478515625,-0.244140625,0.244140625,-0.1220703125,0.050048828125,-1.025634765625,-0.164306640625,0.1220703125,0.0,-0.06103515625,-0.6015625,-0.58203125,0.648681640625,0.67138671875,0.244140625,0.1220703125,-0.9677734375,0.00732421875,0.119140625,-55.96923828125,24.2919921875,-28.50341796875,0.06686267662667578,0.001213781093563071
2022-06-09 15:29:05.597633280,-0.922119140625,-0.076416015625,-0.39892578125,-0.18310546875,-0.30517578125,0.244140625,0.05224609375,0.92724609375,-0.208251953125,0.1220703125,-0.30517578125,-0.18310546875,-0.571533203125,0.535888671875,0.6162109375,-0.244140625,0.1220703125,-0.1220703125,0.04931640625,-1.026611328125,-0.165771484375,0.18310546875,0.06103515625,0.06103515625,-0.601806640625,-0.58349609375,0.65087890625,0.42724609375,0.30517578125,0.1220703125,-0.96875,0.0078125,0.115478515625,-56.0302734375,24.35302734375,-28.50341796875,0.061617296460789395,0.0018629857405738637
2022-06-09 15:29:05.607794944,-0.915283203125,-0.07470703125,-0.401611328125,0.42724609375,-0.8544921875,0.18310546875,0.050048828125,0.92578125,-0.2080078125,0.06103515625,-0.244140625,-0.244140625,-0.571044921875,0.535400390625,0.609619140625,-0.1220703125,0.18310546875,-0.18310546875,0.046630859375,-1.02587890625,-0.16357421875,0.06103515625,0.18310546875,0.1220703125,-0.60205078125,-0.583251953125,0.650390625,0.54931640625,0.42724609375,0.0,-0.97216796875,0.006103515625,0.1171875,-55.908203125,24.47509765625,-28.4423828125,0.05739384061136377,0.0024122946613662766
2022-06-09 15:29:05.617956608,-0.916015625,-0.07763671875,-0.4052734375,0.67138671875,0.244140625,0.06103515625,0.052001953125,0.922119140625,-0.20703125,-0.06103515625,-0.1220703125,0.0,-0.5693359375,0.537109375,0.61181640625,-0.30517578125,0.1220703125,-0.18310546875,0.04736328125,-1.02587890625,-0.162841796875,0.0,0.18310546875,0.1220703125,-0.603759765625,-0.58203125,0.649658203125,0.54931640625,0.54931640625,-0.1220703125,-0.973876953125,0.004638671875,0.1181640625,-55.96923828125,24.5361328125,-28.3203125,0.05381647500368647,0.0033409541291118394
2022-06-09 15:29:05.628118016,-0.922119140625,-0.07470703125,-0.40576171875,0.732421875,0.9765625,0.1220703125,0.05126953125,0.92041015625,-0.208251953125,0.0,-0.244140625,0.0,-0.568603515625,0.53759765625,0.6123046875,-0.244140625,0.1220703125,-0.244140625,0.046875,-1.027587890625,-0.1630859375,0.0,0.18310546875,0.1220703125,-0.60595703125,-0.583740234375,0.648193359375,0.48828125,0.67138671875,-0.1220703125,-0.97216796875,0.003662109375,0.1142578125,-56.09130859375,24.23095703125,-28.3203125,0.051066667648650976,0.004799292316051584
2022-06-09 15:29:05.638279680,-0.924072265625,-0.076416015625,-0.402587890625,0.67138671875,0.42724609375,0.244140625,0.050537109375,0.9208984375,-0.21142578125,0.06103515625,-0.54931640625,-0.06103515625,-0.56982421875,0.537353515625,0.612548828125,-0.3662109375,0.0,-0.18310546875,0.0498046875,-1.029052734375,-0.16455078125,-0.1220703125,0.1220703125,0.06103515625,-0.60693359375,-0.58203125,0.645751953125,0.42724609375,0.6103515625,-0.1220703125,-0.970703125,0.004150390625,0.11376953125,-56.09130859375,23.62060546875,-28.25927734375,0.048896278255282644,0.006366823751923656
2022-06-09 15:29:05.648441344,-0.922607421875,-0.0791015625,-0.40283203125,0.732421875,-0.244140625,0.18310546875,0.052978515625,0.919921875,-0.212646484375,0.06103515625,-0.732421875,-0.18310546875,-0.5703125,0.534912109375,0.614013671875,-0.48828125,0.1220703125,-0.1220703125,0.04833984375,-1.02783203125,-0.163818359375,-0.06103515625,0.06103515625,0.06103515625,-0.60400390625,-0.5830078125,0.64697265625,0.42724609375,0.42724609375,-0.1220703125,-0.967529296875,0.002685546875,0.116943359375,-56.15234375,23.5595703125,-28.1982421875,0.04708638005156385,0.00798077329768776
2022-06-09 15:29:05.658603008,-0.920654296875,-0.07763671875,-0.405517578125,0.732421875,-0.244140625,0.244140625,0.05322265625,0.92236328125,-0.213623046875,0.1220703125,-0.9765625,-0.30517578125,-0.572021484375,0.53662109375,0.612548828125,-0.48828125,0.30517578125,-0.06103515625,0.046142578125,-1.02734375,-0.162109375,0.0,-0.06103515625,0.1220703125,-0.601318359375,-0.5810546875,0.651123046875,0.42724609375,0.18310546875,0.0,-0.969482421875,0.003173828125,0.11328125,-55.908203125,24.0478515625,-28.1982421875,0.04497483499194521,0.00933695412938107
2022-06-09 15:29:05.668764672,-0.920166015625,-0.074951171875,-0.408203125,0.67138671875,0.0,0.244140625,0.053466796875,0.923583984375,-0.209228515625,0.18310546875,-1.03759765625,-0.3662109375,-0.571044921875,0.53466796875,0.613037109375,-0.54931640625,0.244140625,-0.1220703125,0.046630859375,-1.02685546875,-0.164306640625,0.06103515625,0.06103515625,0.1220703125,-0.599853515625,-0.582763671875,0.6513671875,0.30517578125,0.06103515625,-0.06103515625,-0.9736328125,0.00439453125,0.11376953125,-55.84716796875,24.4140625,-28.1982421875,0.04321189441442774,0.010824220766895598
2022-06-09 15:29:05.678926080,-0.918701171875,-0.0771484375,-0.40673828125,0.6103515625,0.06103515625,0.3662109375,0.051513671875,0.921142578125,-0.207275390625,0.30517578125,-1.220703125,-0.3662109375,-0.5732421875,0.531494140625,0.612060546875,-0.42724609375,0.3662109375,0.0,0.04736328125,-1.025390625,-0.1630859375,0.06103515625,0.0,0.0,-0.598876953125,-0.58251953125,0.651611328125,0.30517578125,0.1220703125,0.0,-0.97216796875,0.00732421875,0.114990234375,-55.908203125,24.10888671875,-28.1982421875,0.0420082010844578,0.011860170993142516
2022-06-09 15:29:05.689087744,-0.9169921875,-0.075927734375,-0.403564453125,0.6103515625,0.06103515625,0.3662109375,0.05078125,0.92041015625,-0.209228515625,0.3662109375,-1.28173828125,-0.48828125,-0.574462890625,0.53515625,0.6142578125,-0.1220703125,0.30517578125,0.06103515625,0.047607421875,-1.023681640625,-0.16455078125,0.06103515625,-0.06103515625,-0.06103515625,-0.598876953125,-0.58447265625,0.65087890625,0.42724609375,0.244140625,0.06103515625,-0.970458984375,0.0068359375,0.118408203125,-55.96923828125,23.62060546875,-28.1982421875,0.0400488717523686,0.010953633536959329
2022-06-09 15:29:05.699249152,-0.916748046875,-0.07373046875,-0.40185546875,0.732421875,0.18310546875,0.244140625,0.050048828125,0.921875,-0.21044921875,0.18310546875,-1.3427734375,-0.6103515625,-0.574951171875,0.535400390625,0.615234375,0.0,0.1220703125,0.0,0.05029296875,-1.024658203125,-0.16845703125,0.1220703125,0.0,-0.06103515625,-0.597412109375,-0.583984375,0.64990234375,0.42724609375,0.30517578125,0.1220703125,-0.96484375,0.0068359375,0.115478515625,-56.0302734375,23.62060546875,-28.1982421875,0.03732882119644376,0.008894301718808562
2022-06-09 15:29:05.709410304,-0.914794921875,-0.07373046875,-0.405029296875,0.67138671875,0.54931640625,0.30517578125,0.050537109375,0.924072265625,-0.207275390625,0.1220703125,-1.0986328125,-0.67138671875,-0.5751953125,0.53466796875,0.614013671875,0.06103515625,0.06103515625,-0.06103515625,0.048828125,-1.026123046875,-0.16748046875,0.244140625,-0.06103515625,0.0,-0.600341796875,-0.583251953125,0.65234375,0.42724609375,0.48828125,0.18310546875,-0.962158203125,0.006103515625,0.115966796875,-55.96923828125,24.10888671875,-28.1982421875,0.03426450227296751,0.006846827284494816
2022-06-09 15:29:05.719570944,-0.91650390625,-0.07421875,-0.40625,0.54931640625,0.6103515625,0.30517578125,0.05126953125,0.924072265625,-0.210205078125,-0.06103515625,-0.9765625,-0.48828125,-0.57421875,0.534423828125,0.6123046875,0.06103515625,-0.06103515625,0.0,0.04736328125,-1.026123046875,-0.164794921875,0.30517578125,0.06103515625,0.0,-0.600830078125,-0.581787109375,0.6513671875,0.48828125,0.54931640625,0.18310546875,-0.966064453125,0.00439453125,0.117919921875,-56.0302734375,24.84130859375,-28.25927734375,0.03085640127242506,0.004581433740878493
2022-06-09 15:29:05.729731840,-0.9169921875,-0.0732421875,-0.40380859375,0.30517578125,0.42724609375,0.244140625,0.049560546875,0.918212890625,-0.208740234375,-0.1220703125,-0.79345703125,-0.30517578125,-0.570556640625,0.5322265625,0.615234375,0.1220703125,-0.1220703125,0.0,0.045654296875,-1.024169921875,-0.16259765625,0.30517578125,0.0,0.06103515625,-0.6025390625,-0.579345703125,0.646240234375,0.54931640625,0.67138671875,0.1220703125,-0.9716796875,0.00439453125,0.119140625,-56.09130859375,25.08544921875,-28.3203125,0.027338977985316593,0.0018234361743101335
2022-06-09 15:29:05.739892480,-0.915771484375,-0.07421875,-0.402587890625,0.18310546875,0.6103515625,0.18310546875,0.050048828125,0.916748046875,-0.21044921875,-0.244140625,-0.79345703125,-0.30517578125,-0.571533203125,0.533203125,0.6123046875,0.244140625,-0.1220703125,0.0,0.047607421875,-1.023681640625,-0.16162109375,0.30517578125,0.1220703125,0.06103515625,-0.603515625,-0.57763671875,0.64892578125,0.54931640625,0.6103515625,0.244140625,-0.96875,0.00439453125,0.12109375,-56.15234375,24.84130859375,-28.25927734375,0.023469352360679485,-0.0014651476445191047
2022-06-09 15:29:05.750053376,-0.91845703125,-0.074951171875,-0.40576171875,0.18310546875,0.79345703125,0.244140625,0.046630859375,0.919921875,-0.210693359375,-0.18310546875,-0.79345703125,-0.18310546875,-0.57275390625,0.536865234375,0.61328125,0.30517578125,0.0,-0.1220703125,0.048095703125,-1.02490234375,-0.164794921875,0.42724609375,0.06103515625,0.0,-0.603515625,-0.579345703125,0.647705078125,0.3662109375,0.54931640625,0.18310546875,-0.9677734375,0.006103515625,0.118408203125,-56.21337890625,24.47509765625,-28.13720703125,0.020092530601334202,-0.004741739311753479
2022-06-09 15:29:05.760214272,-0.918701171875,-0.075927734375,-0.4072265625,0.244140625,0.8544921875,0.30517578125,0.04736328125,0.923095703125,-0.210693359375,-0.1220703125,-0.67138671875,-0.244140625,-0.57421875,0.537353515625,0.61572265625,0.244140625,0.1220703125,-0.18310546875,0.049560546875,-1.028564453125,-0.16455078125,0.30517578125,0.06103515625,0.0,-0.60546875,-0.580810546875,0.647216796875,0.18310546875,0.30517578125,0.06103515625,-0.966552734375,0.00732421875,0.123291015625,-56.21337890625,24.4140625,-28.01513671875,0.0187629409691632,-0.007252272872817045
2022-06-09 15:29:05.770374912,-0.920654296875,-0.076171875,-0.41015625,0.30517578125,0.6103515625,0.244140625,0.050537109375,0.925537109375,-0.2080078125,-0.18310546875,-0.54931640625,-0.18310546875,-0.5732421875,0.53662109375,0.61669921875,0.1220703125,0.3662109375,-0.244140625,0.048828125,-1.0263671875,-0.1611328125,0.30517578125,0.06103515625,-0.06103515625,-0.60546875,-0.579345703125,0.646728515625,0.06103515625,0.18310546875,0.1220703125,-0.966552734375,0.00732421875,0.123779296875,-56.33544921875,24.96337890625,-27.89306640625,0.018835110921243903,-0.008784128873082775
2022-06-09 15:29:05.780536064,-0.918701171875,-0.076171875,-0.405517578125,0.48828125,0.3662109375,0.244140625,0.049072265625,0.922607421875,-0.20849609375,-0.244140625,-0.54931640625,-0.1220703125,-0.57373046875,0.533203125,0.6162109375,0.1220703125,0.42724609375,-0.3662109375,0.048583984375,-1.027587890625,-0.1591796875,0.30517578125,0.0,-0.06103515625,-0.602294921875,-0.581298828125,0.6494140625,0.1220703125,0.1220703125,0.06103515625,-0.9677734375,0.00927734375,0.12548828125,-56.396484375,25.146484375,-27.89306640625,0.019231815783263828,-0.009230755656909118
2022-06-09 15:29:05.790696704,-0.915283203125,-0.0751953125,-0.405517578125,0.54931640625,0.54931640625,0.30517578125,0.05078125,0.923095703125,-0.20654296875,-0.244140625,-0.30517578125,-0.06103515625,-0.570556640625,0.5341796875,0.615966796875,0.18310546875,0.244140625,-0.42724609375,0.044189453125,-1.0224609375,-0.15966796875,0.244140625,0.06103515625,-0.1220703125,-0.6005859375,-0.582763671875,0.649658203125,0.1220703125,0.0,0.0,-0.968017578125,0.008544921875,0.12353515625,-56.5185546875,25.0244140625,-27.89306640625,0.019968588573705315,-0.009070402361316843
2022-06-09 15:29:05.800857600,-0.91845703125,-0.07470703125,-0.404052734375,0.6103515625,0.91552734375,0.18310546875,0.049560546875,0.92333984375,-0.207763671875,-0.30517578125,-0.30517578125,0.0,-0.56982421875,0.53515625,0.6171875,0.3662109375,0.1220703125,-0.42724609375,0.04931640625,-1.024169921875,-0.161376953125,0.18310546875,0.1220703125,-0.18310546875,-0.602783203125,-0.583251953125,0.650634765625,0.30517578125,0.244140625,0.0,-0.96875,0.006591796875,0.123046875,-56.70166015625,24.84130859375,-27.89306640625,0.020402723123544186,-0.009307933025339832
2022-06-09 15:29:05.811018496,-0.921875,-0.07470703125,-0.404541015625,0.67138671875,1.15966796875,0.18310546875,0.04736328125,0.921142578125,-0.2099609375,-0.30517578125,-0.244140625,0.06103515625,-0.571044921875,0.533935546875,0.617431640625,0.42724609375,0.06103515625,-0.48828125,0.049072265625,-1.025634765625,-0.160400390625,0.0,0.06103515625,-0.18310546875,-0.602783203125,-0.583740234375,0.646728515625,0.30517578125,0.3662109375,0.0,-0.968017578125,0.0068359375,0.123046875,-56.7626953125,24.658203125,-27.89306640625,0.020319016500509157,-0.009930492402729474
2022-06-09 15:29:05.821179136,-0.9208984375,-0.074951171875,-0.40869140625,0.67138671875,0.79345703125,0.18310546875,0.047119140625,0.92138671875,-0.21240234375,-0.30517578125,-0.18310546875,0.1220703125,-0.5703125,0.53564453125,0.616943359375,0.42724609375,-0.06103515625,-0.48828125,0.047607421875,-1.0244140625,-0.162353515625,0.1220703125,0.0,-0.06103515625,-0.603759765625,-0.583740234375,0.649169921875,0.244140625,0.42724609375,-0.06103515625,-0.967529296875,0.00341796875,0.121826171875,-56.82373046875,24.84130859375,-28.01513671875,0.02078820316526886,-0.010459121676446692
2022-06-09 15:29:05.831340032,-0.920166015625,-0.074462890625,-0.407470703125,0.48828125,0.30517578125,0.1220703125,0.049560546875,0.921875,-0.207763671875,-0.3662109375,-0.06103515625,0.18310546875,-0.568603515625,0.534912109375,0.617431640625,0.3662109375,-0.18310546875,-0.3662109375,0.045166015625,-1.02587890625,-0.16259765625,0.1220703125,0.1220703125,-0.06103515625,-0.604248046875,-0.5810546875,0.649658203125,0.244140625,0.30517578125,0.0,-0.968505859375,0.00537109375,0.12255859375,-56.7626953125,25.08544921875,-28.076171875,0.021574379570991065,-0.011381456383048771
2022-06-09 15:29:05.841500672,-0.9189453125,-0.0771484375,-0.4072265625,0.54931640625,0.42724609375,0.18310546875,0.04931640625,0.92236328125,-0.20703125,-0.30517578125,-0.06103515625,0.18310546875,-0.56787109375,0.53662109375,0.61572265625,0.3662109375,-0.18310546875,-0.3662109375,0.046875,-1.02490234375,-0.16162109375,-0.06103515625,0.18310546875,-0.06103515625,-0.6015625,-0.58447265625,0.6494140625,0.18310546875,0.30517578125,0.0,-0.96826171875,0.00732421875,0.1201171875,-56.7626953125,25.146484375,-28.13720703125,0.022440767079357604,-0.012697496522535712
2022-06-09 15:29:05.851661568,-0.91796875,-0.078369140625,-0.4091796875,0.6103515625,0.732421875,0.18310546875,0.05029296875,0.922119140625,-0.207763671875,-0.3662109375,-0.06103515625,0.244140625,-0.57177734375,0.537841796875,0.6171875,0.30517578125,-0.1220703125,-0.30517578125,0.048828125,-1.024658203125,-0.16015625,-0.1220703125,0.244140625,-0.1220703125,-0.600341796875,-0.5869140625,0.64794921875,0.18310546875,0.3662109375,0.06103515625,-0.96826171875,0.0048828125,0.117919921875,-56.7626953125,25.146484375,-28.1982421875,0.02338543564354989,-0.01414569988363823
2022-06-09 15:29:05.861822720,-0.916015625,-0.076416015625,-0.408203125,0.48828125,0.8544921875,0.18310546875,0.05029296875,0.921875,-0.207275390625,-0.30517578125,0.06103515625,0.3662109375,-0.5693359375,0.5361328125,0.614013671875,0.42724609375,-0.06103515625,-0.30517578125,0.04736328125,-1.02392578125,-0.16162109375,-0.06103515625,0.244140625,-0.1220703125,-0.600830078125,-0.583984375,0.649658203125,0.30517578125,0.244140625,0.06103515625,-0.9697265625,0.00634765625,0.120849609375,-56.7626953125,24.96337890625,-28.076171875,0.023773355671861562,-0.016021198059063657
2022-06-09 15:29:05.871983360,-0.916259765625,-0.0751953125,-0.409912109375,0.48828125,0.6103515625,0.1220703125,0.051513671875,0.9228515625,-0.2099609375,-0.18310546875,0.1220703125,0.30517578125,-0.572509765625,0.536865234375,0.61328125,0.42724609375,-0.06103515625,-0.42724609375,0.04833984375,-1.02685546875,-0.164306640625,-0.06103515625,0.1220703125,-0.18310546875,-0.599853515625,-0.585205078125,0.64501953125,0.30517578125,0.18310546875,0.06103515625,-0.970947265625,0.005615234375,0.12255859375,-56.640625,24.71923828125,-28.01513671875,0.023828150357025013,-0.017635855106061804
2022-06-09 15:29:05.882144256,-0.9150390625,-0.076904296875,-0.40625,0.42724609375,0.67138671875,0.06103515625,0.048583984375,0.923095703125,-0.2109375,-0.1220703125,0.1220703125,0.244140625,-0.57177734375,0.53759765625,0.611572265625,0.3662109375,0.1220703125,-0.42724609375,0.046875,-1.026611328125,-0.163330078125,0.06103515625,0.06103515625,-0.06103515625,-0.597412109375,-0.5849609375,0.646240234375,0.30517578125,0.30517578125,0.06103515625,-0.967041015625,0.000244140625,0.12060546875,-56.5185546875,24.7802734375,-27.9541015625,0.023966272555325352,-0.018502231888598786
2022-06-09 15:29:05.892304896,-0.916015625,-0.07373046875,-0.408447265625,0.54931640625,0.67138671875,0.06103515625,0.051025390625,0.925537109375,-0.2060546875,-0.244140625,0.06103515625,0.18310546875,-0.5712890625,0.53662109375,0.61279296875,0.30517578125,0.3662109375,-0.42724609375,0.04931640625,-1.024658203125,-0.16064453125,0.0,0.18310546875,0.06103515625,-0.597900390625,-0.583740234375,0.6474609375,0.244140625,0.42724609375,-0.06103515625,-0.968017578125,-0.0009765625,0.115966796875,-56.45751953125,25.08544921875,-27.83203125,0.024847230192304837,-0.01899321942472776
2022-06-09 15:29:05.902465792,-0.91796875,-0.073486328125,-0.41015625,0.6103515625,0.79345703125,0.1220703125,0.051513671875,0.92529296875,-0.20654296875,-0.18310546875,0.18310546875,0.18310546875,-0.57275390625,0.537841796875,0.611572265625,0.244140625,0.30517578125,-0.42724609375,0.0478515625,-1.023681640625,-0.160400390625,-0.06103515625,0.244140625,0.0,-0.599853515625,-0.583740234375,0.64453125,0.30517578125,0.54931640625,0.0,-0.971923828125,0.00146484375,0.115478515625,-56.33544921875,25.57373046875,-27.89306640625,0.026034438461966403,-0.019058780248255136
2022-06-09 15:29:05.912626688,-0.917236328125,-0.072509765625,-0.408935546875,0.6103515625,0.79345703125,0.06103515625,0.05029296875,0.92138671875,-0.208984375,-0.244140625,0.1220703125,0.18310546875,-0.57275390625,0.53515625,0.611572265625,0.244140625,0.06103515625,-0.48828125,0.047119140625,-1.025390625,-0.163818359375,0.06103515625,0.06103515625,-0.06103515625,-0.603271484375,-0.58544921875,0.646240234375,0.42724609375,0.6103515625,0.1220703125,-0.974609375,0.001953125,0.11572265625,-56.15234375,25.32958984375,-28.01513671875,0.025991184714836857,-0.018553069364156904
2022-06-09 15:29:05.922787328,-0.91943359375,-0.07421875,-0.41015625,0.48828125,0.91552734375,0.06103515625,0.0498046875,0.921875,-0.208740234375,-0.30517578125,-0.1220703125,0.18310546875,-0.57177734375,0.538330078125,0.612548828125,0.30517578125,-0.06103515625,-0.48828125,0.0478515625,-1.02685546875,-0.165283203125,-0.06103515625,0.06103515625,-0.06103515625,-0.603515625,-0.585693359375,0.6474609375,0.48828125,0.6103515625,0.18310546875,-0.973388671875,0.002197265625,0.116455078125,-56.0302734375,24.71923828125,-28.13720703125,0.024727114339458067,-0.017796102330477126
2022-06-09 15:29:05.932948224,-0.920166015625,-0.07568359375,-0.4130859375,0.48828125,0.79345703125,0.1220703125,0.05078125,0.9208984375,-0.2138671875,-0.244140625,-0.18310546875,0.1220703125,-0.5732421875,0.5400390625,0.61376953125,0.30517578125,-0.1220703125,-0.42724609375,0.047119140625,-1.027587890625,-0.16259765625,-0.06103515625,0.0,-0.06103515625,-0.60107421875,-0.58349609375,0.6484375,0.48828125,0.54931640625,0.18310546875,-0.96923828125,0.00341796875,0.1181640625,-56.0302734375,24.4140625,-28.1982421875,0.023103116593726325,-0.01731109833750999
2022-06-09 15:29:05.943109120,-0.919677734375,-0.074462890625,-0.410400390625,0.42724609375,0.6103515625,0.18310546875,0.05126953125,0.921630859375,-0.212158203125,-0.18310546875,-0.18310546875,0.06103515625,-0.572265625,0.53955078125,0.615234375,0.42724609375,-0.06103515625,-0.3662109375,0.04833984375,-1.027587890625,-0.16357421875,0.0,0.0,0.0,-0.6064453125,-0.5830078125,0.6474609375,0.67138671875,0.42724609375,0.1220703125,-0.968505859375,0.00537109375,0.1201171875,-56.0302734375,24.59716796875,-28.3203125,0.021102273427905605,-0.017530841110122264
2022-06-09 15:29:05.953270016,-0.91943359375,-0.075439453125,-0.408935546875,0.3662109375,0.42724609375,0.1220703125,0.052734375,0.921875,-0.20556640625,-0.3662109375,-0.244140625,0.0,-0.5712890625,0.539794921875,0.613525390625,0.30517578125,0.0,-0.3662109375,0.046142578125,-1.02490234375,-0.162841796875,0.1220703125,0.06103515625,0.1220703125,-0.6044921875,-0.5830078125,0.644775390625,0.48828125,0.3662109375,0.1220703125,-0.97216796875,0.0068359375,0.11669921875,-55.96923828125,25.146484375,-28.38134765625,0.019312427909676355,-0.017920854777977446
2022-06-09 15:29:05.963430912,-0.919921875,-0.075927734375,-0.408447265625,0.1220703125,0.42724609375,0.0,0.05224609375,0.92333984375,-0.205078125,-0.30517578125,-0.30517578125,-0.1220703125,-0.571533203125,0.539306640625,0.612060546875,0.1220703125,0.1220703125,-0.42724609375,0.046875,-1.025390625,-0.1611328125,0.1220703125,0.1220703125,0.06103515625,-0.603759765625,-0.582275390625,0.6474609375,0.3662109375,0.48828125,0.18310546875,-0.970703125,0.00537109375,0.1162109375,-55.908203125,25.2685546875,-28.4423828125,0.018308870244835296,-0.017209558154151594
2022-06-09 15:29:05.973591552,-0.91650390625,-0.076171875,-0.402587890625,0.06103515625,0.42724609375,-0.06103515625,0.052490234375,0.923828125,-0.205078125,-0.3662109375,-0.30517578125,-0.06103515625,-0.56982421875,0.5390625,0.6123046875,0.244140625,0.244140625,-0.42724609375,0.047119140625,-1.0244140625,-0.162109375,0.1220703125,0.06103515625,0.0,-0.604248046875,-0.58154296875,0.6474609375,0.54931640625,0.54931640625,0.1220703125,-0.967041015625,0.00634765625,0.1181640625,-55.7861328125,24.7802734375,-28.3203125,0.017043939314623335,-0.015986810120784956
2022-06-09 15:29:05.983752448,-0.91650390625,-0.076904296875,-0.404296875,0.06103515625,0.30517578125,-0.1220703125,0.05126953125,0.92236328125,-0.20556640625,-0.48828125,-0.42724609375,-0.1220703125,-0.571044921875,0.54150390625,0.612548828125,0.30517578125,0.1220703125,-0.42724609375,0.05078125,-1.025146484375,-0.166259765625,0.18310546875,0.06103515625,0.1220703125,-0.6064453125,-0.583251953125,0.64990234375,0.42724609375,0.42724609375,0.1220703125,-0.962646484375,0.007568359375,0.1171875,-55.72509765625,24.59716796875,-28.13720703125,0.015754588775654943,-0.015044784306080139
2022-06-09 15:29:05.993913088,-0.917724609375,-0.077880859375,-0.404052734375,0.0,0.42724609375,0.0,0.0498046875,0.922119140625,-0.21142578125,-0.42724609375,-0.244140625,-0.244140625,-0.57080078125,0.54150390625,0.609375,0.0,-0.42724609375,-0.48828125,0.04931640625,-1.02490234375,-0.167236328125,0.1220703125,0.1220703125,0.06103515625,-0.603759765625,-0.58251953125,0.646728515625,0.42724609375,0.3662109375,0.1220703125,-0.96240234375,0.004638671875,0.1171875,-55.7861328125,25.32958984375,-28.13720703125,0.014873270832508556,-0.013006209509603295
2022-06-09 15:29:06.004073984,-0.9189453125,-0.078125,-0.404541015625,-0.18310546875,0.732421875,0.1220703125,0.050048828125,0.923828125,-0.21142578125,-0.3662109375,-0.244140625,-0.30517578125,-0.567626953125,0.5380859375,0.608154296875,-0.1220703125,-0.48828125,-0.42724609375,0.04736328125,-1.0263671875,-0.1640625,0.1220703125,0.06103515625,0.18310546875,-0.6025390625,-0.577880859375,0.649658203125,0.54931640625,0.54931640625,0.18310546875,-0.9658203125,0.005615234375,0.116455078125,-55.7861328125,26.2451171875,-28.076171875,0.013345561644998005,-0.009737762635513292
2022-06-09 15:29:06.014235136,-0.919921875,-0.078369140625,-0.405517578125,-0.244140625,1.03759765625,-0.06103515625,0.05224609375,0.92529296875,-0.20849609375,-0.48828125,-0.30517578125,-0.3662109375,-0.568603515625,0.5380859375,0.611328125,-0.244140625,-0.1220703125,-0.3662109375,0.048095703125,-1.026123046875,-0.161376953125,0.244140625,0.1220703125,0.1220703125,-0.60107421875,-0.578857421875,0.649658203125,0.42724609375,0.6103515625,0.244140625,-0.97314453125,0.0068359375,0.1142578125,-55.72509765625,26.3671875,-28.076171875,0.011362710866449577,-0.00626395439253713
2022-06-09 15:29:06.024395776,-0.922119140625,-0.077392578125,-0.41162109375,-0.42724609375,1.03759765625,-0.244140625,0.049560546875,0.921630859375,-0.205810546875,-0.91552734375,-0.42724609375,-0.42724609375,-0.56982421875,0.537841796875,0.6103515625,-0.18310546875,0.30517578125,-0.48828125,0.047607421875,-1.024658203125,-0.162353515625,0.244140625,0.244140625,0.1220703125,-0.603271484375,-0.58251953125,0.64892578125,0.30517578125,0.54931640625,0.244140625,-0.97509765625,0.0068359375,0.114013671875,-55.7861328125,25.69580078125,-28.076171875,0.009978612436607692,-0.0021857166078254053
2022-06-09 15:29:06.034556672,-0.922119140625,-0.076904296875,-0.41748046875,-0.732421875,0.30517578125,-0.244140625,0.050537109375,0.921630859375,-0.208740234375,-0.91552734375,-0.48828125,-0.54931640625,-0.57373046875,0.537109375,0.611572265625,-0.42724609375,0.54931640625,-0.6103515625,0.045654296875,-1.02587890625,-0.1630859375,0.30517578125,0.244140625,0.06103515625,-0.60302734375,-0.579345703125,0.650390625,0.42724609375,0.42724609375,0.18310546875,-0.9736328125,0.0078125,0.117431640625,-55.908203125,25.20751953125,-28.1982421875,0.008791291562337156,0.0036417127770151936
2022-06-09 15:29:06.044717312,-0.91552734375,-0.07275390625,-0.40478515625,-0.30517578125,-0.1220703125,-0.18310546875,0.052490234375,0.921875,-0.208251953125,-0.79345703125,-0.30517578125,-0.54931640625,-0.575927734375,0.535888671875,0.614501953125,-0.48828125,0.67138671875,-0.6103515625,0.046142578125,-1.0283203125,-0.1640625,0.244140625,0.1220703125,-0.06103515625,-0.602783203125,-0.57861328125,0.651123046875,0.42724609375,0.48828125,0.1220703125,-0.971435546875,0.008056640625,0.119140625,-55.96923828125,25.146484375,-28.25927734375,0.007581607688919245,0.010918450909072952
2022-06-09 15:29:06.054878208,-0.9130859375,-0.071044921875,-0.403076171875,0.18310546875,0.1220703125,-0.18310546875,0.054931640625,0.92724609375,-0.20849609375,-0.732421875,0.0,-0.67138671875,-0.57666015625,0.53662109375,0.615478515625,-0.42724609375,0.6103515625,-0.67138671875,0.046630859375,-1.02734375,-0.16552734375,0.30517578125,0.1220703125,-0.06103515625,-0.606689453125,-0.579345703125,0.650146484375,0.48828125,0.732421875,0.244140625,-0.970703125,0.006591796875,0.119140625,-56.15234375,25.2685546875,-28.25927734375,0.005839381105673391,0.01861803724573008
2022-06-09 15:29:06.065039104,-0.917236328125,-0.06689453125,-0.417236328125,2.0751953125,0.79345703125,0.06103515625,0.05224609375,0.927001953125,-0.20458984375,-0.91552734375,0.54931640625,-0.8544921875,-0.5751953125,0.535400390625,0.61474609375,-0.3662109375,0.42724609375,-0.67138671875,0.04736328125,-1.026123046875,-0.163818359375,0.3662109375,0.1220703125,-0.06103515625,-0.607421875,-0.578369140625,0.6494140625,0.48828125,0.732421875,0.30517578125,-0.967529296875,0.0078125,0.114501953125,-56.15234375,25.20751953125,-28.1982421875,0.0030852643955083803,0.026569149267482217
2022-06-09 15:29:06.075199744,-0.922119140625,-0.070068359375,-0.413818359375,2.50244140625,0.79345703125,0.30517578125,0.050537109375,0.92578125,-0.205078125,-1.03759765625,1.220703125,-1.03759765625,-0.575439453125,0.53271484375,0.614013671875,-0.3662109375,0.3662109375,-0.6103515625,0.0458984375,-1.024658203125,-0.16064453125,0.42724609375,0.244140625,-0.1220703125,-0.6044921875,-0.57666015625,0.652099609375,0.3662109375,0.6103515625,0.30517578125,-0.969482421875,0.00634765625,0.117431640625,-56.21337890625,25.32958984375,-28.1982421875,0.0003764477725090032,0.03442731040109548
2022-06-09 15:29:06.085360640,-0.9189453125,-0.0791015625,-0.406005859375,1.52587890625,-0.1220703125,0.48828125,0.0478515625,0.922119140625,-0.208984375,-1.0986328125,1.89208984375,-1.03759765625,-0.574462890625,0.531005859375,0.61376953125,-0.244140625,0.3662109375,-0.67138671875,0.044921875,-1.023681640625,-0.1611328125,0.42724609375,0.3662109375,-0.1220703125,-0.607177734375,-0.578857421875,0.650146484375,0.42724609375,0.54931640625,0.30517578125,-0.968017578125,0.00537109375,0.1162109375,-56.2744140625,25.634765625,-28.076171875,-0.002314998429124193,0.04221595800781497
2022-06-09 15:29:06.095521536,-0.91162109375,-0.079833984375,-0.402587890625,0.91552734375,-0.732421875,0.48828125,0.046630859375,0.920166015625,-0.212158203125,-1.0986328125,2.25830078125,-0.91552734375,-0.57373046875,0.531005859375,0.61376953125,0.0,0.54931640625,-0.732421875,0.046875,-1.023681640625,-0.161865234375,0.30517578125,0.30517578125,-0.1220703125,-0.60546875,-0.580078125,0.650146484375,0.48828125,0.42724609375,0.244140625,-0.97119140625,0.007568359375,0.11328125,-56.15234375,25.57373046875,-28.076171875,-0.005420651322483705,0.0497313479318402
2022-06-09 15:29:06.105682432,-0.910888671875,-0.079833984375,-0.4111328125,0.1220703125,0.48828125,0.30517578125,0.04833984375,0.921142578125,-0.21240234375,-0.9765625,2.197265625,-0.9765625,-0.572021484375,0.531005859375,0.615478515625,0.06103515625,0.6103515625,-0.48828125,0.05078125,-1.026123046875,-0.16162109375,0.30517578125,0.18310546875,-0.1220703125,-0.603271484375,-0.58056640625,0.64794921875,0.48828125,0.30517578125,0.18310546875,-0.970458984375,0.006103515625,0.1162109375,-56.21337890625,25.32958984375,-28.076171875,-0.008509891260325197,0.055749251873260075
2022-06-09 15:29:06.115844096,-0.913818359375,-0.078369140625,-0.4140625,-0.9765625,2.0751953125,0.3662109375,0.051513671875,0.92138671875,-0.2099609375,-1.03759765625,1.953125,-0.91552734375,-0.5732421875,0.531005859375,0.615478515625,-0.06103515625,0.79345703125,-0.3662109375,0.05029296875,-1.028076171875,-0.161376953125,0.244140625,0.18310546875,-0.18310546875,-0.603515625,-0.5810546875,0.64501953125,0.6103515625,0.30517578125,0.1220703125,-0.96875,0.00439453125,0.11767578125,-56.2744140625,25.08544921875,-28.13720703125,-0.011786034467370143,0.06042797654604204
2022-06-09 15:29:06.126005760,-0.91943359375,-0.075927734375,-0.4052734375,-0.9765625,1.89208984375,0.30517578125,0.0478515625,0.919921875,-0.204345703125,-1.0986328125,1.953125,-0.67138671875,-0.5751953125,0.530517578125,0.609619140625,-0.1220703125,0.91552734375,-0.48828125,0.04736328125,-1.028076171875,-0.15966796875,0.42724609375,0.244140625,-0.244140625,-0.6015625,-0.581787109375,0.645263671875,0.79345703125,0.67138671875,0.06103515625,-0.973388671875,0.003173828125,0.114990234375,-56.21337890625,25.2685546875,-28.1982421875,-0.015864464876098383,0.06569885115283514
2022-06-09 15:29:06.136167168,-0.92236328125,-0.0712890625,-0.3984375,-0.3662109375,1.03759765625,0.244140625,0.0458984375,0.920166015625,-0.20751953125,-1.03759765625,1.52587890625,-0.48828125,-0.5771484375,0.531005859375,0.610595703125,0.244140625,0.91552734375,-0.48828125,0.046875,-1.028076171875,-0.1611328125,0.48828125,0.244140625,-0.30517578125,-0.60888671875,-0.579345703125,0.64990234375,0.8544921875,0.6103515625,0.0,-0.972412109375,0.0029296875,0.1162109375,-56.15234375,25.390625,-28.25927734375,-0.020518015317878335,0.07082763488865984
2022-06-09 15:29:06.146328576,-0.92333984375,-0.070068359375,-0.40185546875,0.18310546875,0.79345703125,0.3662109375,0.049560546875,0.92236328125,-0.207763671875,-1.03759765625,0.9765625,-0.244140625,-0.576416015625,0.531005859375,0.612060546875,0.42724609375,0.79345703125,-0.6103515625,0.048828125,-1.025146484375,-0.16259765625,0.42724609375,0.30517578125,-0.18310546875,-0.60888671875,-0.580810546875,0.648193359375,0.67138671875,0.30517578125,0.06103515625,-0.97021484375,0.00244140625,0.115966796875,-56.09130859375,25.146484375,-28.25927734375,-0.02492773793395031,0.07516355251061935
2022-06-09 15:29:06.156490240,-0.9267578125,-0.072265625,-0.41064453125,0.1220703125,0.91552734375,0.42724609375,0.04931640625,0.924560546875,-0.206787109375,-0.91552734375,0.732421875,-0.18310546875,-0.5791015625,0.535400390625,0.61474609375,0.6103515625,0.6103515625,-0.732421875,0.048583984375,-1.02294921875,-0.162109375,0.48828125,0.30517578125,-0.244140625,-0.608642578125,-0.58056640625,0.650634765625,0.732421875,0.18310546875,0.0,-0.96875,0.00439453125,0.1142578125,-56.15234375,24.96337890625,-28.38134765625,-0.029086617455779562,0.07968474250848301
2022-06-09 15:29:06.166651904,-0.9267578125,-0.07373046875,-0.41357421875,-0.1220703125,0.48828125,0.42724609375,0.04931640625,0.92578125,-0.207275390625,-0.9765625,0.6103515625,-0.18310546875,-0.575927734375,0.535400390625,0.619140625,0.67138671875,0.3662109375,-0.79345703125,0.0517578125,-1.02392578125,-0.161865234375,0.30517578125,0.30517578125,-0.18310546875,-0.605224609375,-0.5791015625,0.652587890625,0.732421875,0.0,-0.18310546875,-0.966796875,0.007568359375,0.117431640625,-56.09130859375,24.96337890625,-28.25927734375,-0.0326960744039797,0.08439849093830976
2022-06-09 15:29:06.176813568,-0.92138671875,-0.07373046875,-0.405517578125,0.0,-0.3662109375,0.42724609375,0.048828125,0.92578125,-0.204345703125,-0.9765625,0.6103515625,-0.1220703125,-0.573486328125,0.5322265625,0.61572265625,0.79345703125,0.1220703125,-0.8544921875,0.050537109375,-1.0244140625,-0.160400390625,0.18310546875,0.48828125,0.0,-0.600341796875,-0.579833984375,0.654296875,0.54931640625,0.06103515625,-0.06103515625,-0.968017578125,0.007080078125,0.114990234375,-56.15234375,25.390625,-28.13720703125,-0.03558127208074291,0.08917207758684054
2022-06-09 15:29:06.186974976,-0.915771484375,-0.075439453125,-0.4052734375,0.30517578125,-0.48828125,0.3662109375,0.045654296875,0.927001953125,-0.201416015625,-1.03759765625,0.42724609375,0.1220703125,-0.571533203125,0.53369140625,0.615966796875,0.91552734375,0.1220703125,-1.15966796875,0.04736328125,-1.027099609375,-0.158935546875,0.244140625,0.48828125,-0.06103515625,-0.598388671875,-0.57958984375,0.650390625,0.67138671875,0.67138671875,-0.1220703125,-0.970458984375,0.005126953125,0.113037109375,-56.15234375,25.81787109375,-28.1982421875,-0.038603459471662216,0.09489890871009887
2022-06-09 15:29:06.197136640,-0.9140625,-0.078369140625,-0.408935546875,0.3662109375,0.1220703125,0.30517578125,0.050537109375,0.92236328125,-0.202880859375,-1.03759765625,0.18310546875,0.3662109375,-0.571533203125,0.533935546875,0.615966796875,0.91552734375,0.30517578125,-1.15966796875,0.0458984375,-1.027099609375,-0.15771484375,0.3662109375,0.3662109375,-0.1220703125,-0.6025390625,-0.5771484375,0.650390625,0.732421875,1.03759765625,-0.18310546875,-0.97314453125,0.005615234375,0.109619140625,-56.15234375,25.87890625,-28.13720703125,-0.04190240177742077,0.1015406257458249
2022-06-09 15:29:06.207298304,-0.916259765625,-0.078125,-0.410888671875,0.244140625,0.67138671875,0.30517578125,0.04833984375,0.923095703125,-0.204833984375,-0.91552734375,0.1220703125,0.54931640625,-0.570556640625,0.532958984375,0.615478515625,0.8544921875,0.42724609375,-1.220703125,0.047119140625,-1.0283203125,-0.158935546875,0.18310546875,0.3662109375,-0.244140625,-0.603515625,-0.57666015625,0.648681640625,0.48828125,0.732421875,-0.18310546875,-0.970703125,0.006591796875,0.115234375,-56.21337890625,24.90234375,-28.13720703125,-0.044444303089132164,0.10840365832883903
2022-06-09 15:29:06.217459968,-0.917724609375,-0.076904296875,-0.412841796875,0.1220703125,0.67138671875,0.48828125,0.049560546875,0.921142578125,-0.209228515625,-0.8544921875,0.06103515625,0.54931640625,-0.570556640625,0.53271484375,0.61669921875,0.8544921875,0.6103515625,-1.3427734375,0.046875,-1.0283203125,-0.162353515625,0.18310546875,0.18310546875,-0.18310546875,-0.60546875,-0.57958984375,0.64599609375,0.3662109375,0.48828125,-0.244140625,-0.9697265625,0.005126953125,0.114501953125,-56.15234375,24.7802734375,-28.076171875,-0.04561396418371744,0.11600299694533422
2022-06-09 15:29:06.227621632,-0.91552734375,-0.076904296875,-0.4111328125,0.1220703125,0.3662109375,0.6103515625,0.048583984375,0.923583984375,-0.206298828125,-0.8544921875,0.0,0.42724609375,-0.571533203125,0.53271484375,0.61279296875,0.8544921875,0.54931640625,-1.28173828125,0.04541015625,-1.026611328125,-0.162109375,0.1220703125,0.18310546875,-0.1220703125,-0.60498046875,-0.582275390625,0.646728515625,0.42724609375,0.244140625,-0.244140625,-0.96875,0.006103515625,0.1171875,-56.33544921875,25.08544921875,-28.076171875,-0.04648251801394587,0.1236247858366264
2022-06-09 15:29:06.237783040,-0.911865234375,-0.07568359375,-0.4091796875,0.42724609375,0.1220703125,0.6103515625,0.048583984375,0.925048828125,-0.202392578125,-0.732421875,-0.1220703125,0.48828125,-0.57470703125,0.530517578125,0.6103515625,0.91552734375,0.42724609375,-1.28173828125,0.0458984375,-1.025634765625,-0.1611328125,0.0,0.30517578125,-0.1220703125,-0.60400390625,-0.58349609375,0.6474609375,0.54931640625,0.1220703125,-0.18310546875,-0.969482421875,0.004150390625,0.115478515625,-56.2744140625,25.5126953125,-27.9541015625,-0.0483904634930159,0.13053494766207274
2022-06-09 15:29:06.247944704,-0.913818359375,-0.074951171875,-0.41064453125,0.732421875,0.244140625,0.6103515625,0.05126953125,0.923828125,-0.200439453125,-0.6103515625,-0.1220703125,0.48828125,-0.573486328125,0.531982421875,0.61376953125,1.03759765625,0.30517578125,-1.15966796875,0.04541015625,-1.026123046875,-0.15869140625,0.06103515625,0.42724609375,-0.1220703125,-0.605224609375,-0.58349609375,0.650146484375,0.42724609375,0.06103515625,-0.18310546875,-0.9736328125,0.005615234375,0.115966796875,-56.2744140625,25.45166015625,-27.9541015625,-0.05076013768778176,0.1361267353102753
2022-06-09 15:29:06.258106112,-0.912109375,-0.07421875,-0.408935546875,0.8544921875,0.48828125,0.48828125,0.05029296875,0.925048828125,-0.19775390625,-0.48828125,-0.06103515625,0.48828125,-0.5732421875,0.53466796875,0.61474609375,1.28173828125,0.1220703125,-0.9765625,0.048095703125,-1.02392578125,-0.15869140625,0.1220703125,0.30517578125,-0.1220703125,-0.601806640625,-0.5849609375,0.650634765625,0.6103515625,0.0,-0.18310546875,-0.97021484375,0.00537109375,0.114501953125,-56.33544921875,25.0244140625,-28.01513671875,-0.053620350201079026,0.13908595095193332
2022-06-09 15:29:06.268267776,-0.91259765625,-0.075439453125,-0.410888671875,1.03759765625,0.67138671875,0.3662109375,0.049560546875,0.924560546875,-0.20166015625,-0.42724609375,-0.1220703125,0.42724609375,-0.5732421875,0.536376953125,0.61376953125,1.28173828125,-0.1220703125,-0.91552734375,0.051025390625,-1.0263671875,-0.157958984375,-0.06103515625,0.30517578125,-0.1220703125,-0.6005859375,-0.5830078125,0.6484375,0.8544921875,0.244140625,-0.244140625,-0.96630859375,0.00390625,0.11279296875,-56.21337890625,24.96337890625,-28.076171875,-0.05805349330329879,0.13991171190074958
2022-06-09 15:29:06.278429440,-0.9140625,-0.07421875,-0.410400390625,1.0986328125,0.732421875,0.3662109375,0.051025390625,0.925048828125,-0.2041015625,-0.54931640625,-0.1220703125,0.3662109375,-0.575927734375,0.537109375,0.6142578125,0.91552734375,-0.3662109375,-0.8544921875,0.05224609375,-1.02978515625,-0.1591796875,-0.1220703125,0.1220703125,-0.18310546875,-0.599365234375,-0.580322265625,0.645751953125,0.732421875,0.48828125,-0.42724609375,-0.9697265625,0.006103515625,0.11083984375,-56.2744140625,25.2685546875,-28.076171875,-0.062387386494428654,0.14061206738894283
2022-06-09 15:29:06.288590848,-0.916015625,-0.072998046875,-0.40966796875,0.9765625,0.91552734375,0.18310546875,0.04931640625,0.923828125,-0.203369140625,-0.48828125,0.0,0.244140625,-0.57568359375,0.53564453125,0.60986328125,0.79345703125,-0.9765625,-0.9765625,0.0498046875,-1.027587890625,-0.158935546875,-0.06103515625,0.18310546875,-0.1220703125,-0.59912109375,-0.58349609375,0.6455078125,0.6103515625,0.42724609375,-0.42724609375,-0.971435546875,0.00732421875,0.11474609375,-56.396484375,25.634765625,-28.01513671875,-0.06566435655523484,0.14224214329258444
2022-06-09 15:29:06.298752512,-0.919189453125,-0.075439453125,-0.406494140625,0.732421875,1.220703125,0.1220703125,0.04931640625,0.9228515625,-0.20361328125,-0.42724609375,0.0,0.1220703125,-0.5654296875,0.534423828125,0.610595703125,1.220703125,-0.732421875,-1.03759765625,0.047607421875,-1.026611328125,-0.16015625,-0.1220703125,0.30517578125,0.0,-0.6015625,-0.583740234375,0.647216796875,0.91552734375,0.54931640625,-0.3662109375,-0.972900390625,0.006591796875,0.114501953125,-56.33544921875,25.634765625,-28.076171875,-0.070323309132724,0.1432873918857691
2022-06-09 15:29:06.308914176,-0.919677734375,-0.074951171875,-0.4072265625,0.48828125,1.40380859375,0.1220703125,0.051513671875,0.926025390625,-0.200927734375,-0.3662109375,0.0,0.0,-0.57373046875,0.535400390625,0.60888671875,1.220703125,-0.1220703125,-0.8544921875,0.04931640625,-1.029052734375,-0.15966796875,0.0,0.42724609375,0.06103515625,-0.60302734375,-0.584228515625,0.6474609375,1.03759765625,0.91552734375,-0.244140625,-0.97265625,0.003662109375,0.114501953125,-56.33544921875,25.32958984375,-28.076171875,-0.07768632260894526,0.14205890065783855
2022-06-09 15:29:06.319075840,-0.921630859375,-0.07080078125,-0.41015625,0.732421875,1.0986328125,0.06103515625,0.05224609375,0.927978515625,-0.19677734375,-0.42724609375,-0.244140625,0.06103515625,-0.572998046875,0.535400390625,0.610107421875,1.0986328125,0.06103515625,-0.79345703125,0.048828125,-1.025146484375,-0.16015625,0.06103515625,0.6103515625,0.0,-0.610595703125,-0.583740234375,0.646240234375,0.91552734375,0.9765625,-0.18310546875,-0.9697265625,0.00439453125,0.111572265625,-56.2744140625,24.90234375,-28.076171875,-0.08632090259554426,0.1393808433756636
2022-06-09 15:29:06.329237504,-0.923583984375,-0.07080078125,-0.4013671875,0.9765625,0.79345703125,0.1220703125,0.052001953125,0.9267578125,-0.200439453125,-0.42724609375,-0.18310546875,0.0,-0.568115234375,0.539794921875,0.609375,1.3427734375,0.06103515625,-0.91552734375,0.051025390625,-1.02490234375,-0.1640625,0.1220703125,0.79345703125,0.244140625,-0.6083984375,-0.583984375,0.644775390625,0.79345703125,1.03759765625,-0.18310546875,-0.9658203125,0.00732421875,0.113525390625,-56.21337890625,24.90234375,-28.01513671875,-0.09501127892158201,0.1359679281166235
2022-06-09 15:29:06.339398912,-0.921630859375,-0.075439453125,-0.3974609375,0.54931640625,0.42724609375,0.1220703125,0.05322265625,0.92578125,-0.205078125,-0.244140625,-0.3662109375,-0.06103515625,-0.56982421875,0.54296875,0.60986328125,1.220703125,0.30517578125,-0.8544921875,0.05126953125,-1.02490234375,-0.164794921875,0.18310546875,0.8544921875,0.3662109375,-0.608642578125,-0.5830078125,0.645263671875,0.91552734375,0.732421875,-0.30517578125,-0.969970703125,0.00537109375,0.115478515625,-56.15234375,25.390625,-28.01513671875,-0.10399544508388336,0.1318205591839896
2022-06-09 15:29:06.349560576,-0.91650390625,-0.07568359375,-0.4072265625,0.79345703125,0.30517578125,0.06103515625,0.052734375,0.92431640625,-0.202880859375,-0.30517578125,-0.3662109375,-0.244140625,-0.57666015625,0.542724609375,0.609130859375,1.0986328125,0.30517578125,-0.79345703125,0.05078125,-1.026611328125,-0.162841796875,0.3662109375,0.91552734375,0.3662109375,-0.603759765625,-0.582763671875,0.645263671875,0.6103515625,0.42724609375,-0.18310546875,-0.970947265625,0.006591796875,0.116455078125,-56.21337890625,25.87890625,-27.9541015625,-0.11316280521229571,0.12704431979383157
2022-06-09 15:29:06.359722240,-0.919189453125,-0.072265625,-0.4091796875,0.79345703125,1.28173828125,0.06103515625,0.05029296875,0.920654296875,-0.202880859375,-0.18310546875,-0.06103515625,-0.30517578125,-0.57861328125,0.54443359375,0.61083984375,1.46484375,-0.06103515625,-0.54931640625,0.0478515625,-1.025390625,-0.16162109375,0.48828125,0.8544921875,0.42724609375,-0.603271484375,-0.583251953125,0.646728515625,0.48828125,0.244140625,-0.244140625,-0.97265625,0.0068359375,0.114013671875,-56.2744140625,25.634765625,-28.01513671875,-0.121954253158713,0.11956901424900312
2022-06-09 15:29:06.369883648,-0.921142578125,-0.070556640625,-0.40673828125,0.3662109375,1.3427734375,-0.1220703125,0.04736328125,0.9189453125,-0.205322265625,-0.18310546875,-0.18310546875,-0.42724609375,-0.579833984375,0.545166015625,0.60888671875,1.5869140625,-0.48828125,-0.30517578125,0.047607421875,-1.026123046875,-0.158203125,0.54931640625,0.79345703125,0.42724609375,-0.59912109375,-0.57861328125,0.647705078125,0.6103515625,0.244140625,-0.244140625,-0.971435546875,0.00634765625,0.112060546875,-56.33544921875,25.146484375,-27.9541015625,-0.13143188391661753,0.10796263638452164
2022-06-09 15:29:06.380045312,-0.915283203125,-0.070556640625,-0.406494140625,0.54931640625,0.06103515625,-0.06103515625,0.049560546875,0.9248046875,-0.205322265625,-0.18310546875,-0.244140625,-0.42724609375,-0.580810546875,0.54638671875,0.60888671875,1.64794921875,-0.79345703125,-0.42724609375,0.050537109375,-1.025390625,-0.160400390625,0.54931640625,0.8544921875,0.42724609375,-0.602783203125,-0.577880859375,0.64892578125,0.54931640625,0.6103515625,-0.244140625,-0.97119140625,0.00634765625,0.114501953125,-56.33544921875,25.0244140625,-28.01513671875,-0.14212701506775782,0.09460537087970344
2022-06-09 15:29:06.390206720,-0.906982421875,-0.069580078125,-0.40087890625,0.48828125,-0.1220703125,0.0,0.05224609375,0.92626953125,-0.202392578125,-0.30517578125,-0.244140625,-0.48828125,-0.580322265625,0.54541015625,0.6103515625,1.5869140625,-1.220703125,-0.48828125,0.0478515625,-1.02685546875,-0.161376953125,0.54931640625,0.8544921875,0.30517578125,-0.602294921875,-0.578857421875,0.645751953125,0.67138671875,0.8544921875,-0.30517578125,-0.969970703125,0.009521484375,0.11083984375,-56.33544921875,25.390625,-28.01513671875,-0.1539591678472576,0.0813159314587506
2022-06-09 15:29:06.400368384,-0.906494140625,-0.069580078125,-0.392578125,0.0,1.46484375,0.06103515625,0.05126953125,0.926025390625,-0.204833984375,-0.42724609375,-0.1220703125,-0.6103515625,-0.580078125,0.5400390625,0.608642578125,1.708984375,-3.72314453125,0.42724609375,0.047607421875,-1.0263671875,-0.1591796875,0.48828125,0.67138671875,0.244140625,-0.602294921875,-0.57861328125,0.64404296875,0.732421875,0.9765625,-0.18310546875,-0.97119140625,0.008056640625,0.10693359375,-56.396484375,25.87890625,-28.13720703125,-0.16792624060937134,0.06341278923547744
2022-06-09 15:29:06.410530048,-0.91552734375,-0.06982421875,-0.402587890625,-0.48828125,3.2958984375,0.3662109375,0.0478515625,0.924560546875,-0.203857421875,-0.3662109375,0.0,-0.54931640625,-0.584716796875,0.534912109375,0.601806640625,1.52587890625,-4.21142578125,0.3662109375,0.047119140625,-1.025634765625,-0.160888671875,0.48828125,0.732421875,0.244140625,-0.60791015625,-0.57421875,0.6484375,0.8544921875,0.9765625,-0.06103515625,-0.974853515625,0.007568359375,0.11083984375,-56.45751953125,25.87890625,-28.13720703125,-0.18480313105999802,0.04127292342532041
2022-06-09 15:29:06.420691712,-0.9208984375,-0.070068359375,-0.41064453125,-0.67138671875,3.173828125,0.30517578125,0.048828125,0.92333984375,-0.20166015625,-0.42724609375,0.06103515625,-0.48828125,-0.586181640625,0.5322265625,0.606201171875,1.708984375,-4.08935546875,0.30517578125,0.047119140625,-1.02392578125,-0.15966796875,0.54931640625,0.67138671875,0.18310546875,-0.610107421875,-0.5732421875,0.648681640625,0.79345703125,0.732421875,0.244140625,-0.978271484375,0.007080078125,0.11181640625,-56.45751953125,25.20751953125,-28.13720703125,-0.20498196024504867,0.01914825912765794
2022-06-09 15:29:06.430853376,-0.91845703125,-0.071044921875,-0.40625,-0.48828125,2.0751953125,0.18310546875,0.0478515625,0.922607421875,-0.201904296875,-0.244140625,0.0,-0.3662109375,-0.569091796875,0.532470703125,0.6083984375,1.953125,-3.47900390625,0.3662109375,0.04541015625,-1.02587890625,-0.158203125,0.48828125,0.42724609375,0.06103515625,-0.60888671875,-0.57421875,0.651611328125,0.42724609375,0.18310546875,0.1220703125,-0.976806640625,0.00537109375,0.11083984375,-56.396484375,24.2919921875,-28.076171875,-0.2260262727736766,-0.004433923248178484
2022-06-09 15:29:06.441014784,-0.91650390625,-0.0712890625,-0.4013671875,-0.244140625,1.953125,-0.06103515625,0.050048828125,0.92236328125,-0.203369140625,-0.244140625,-0.3662109375,-0.244140625,-0.58935546875,0.53515625,0.60888671875,1.8310546875,-2.13623046875,0.06103515625,0.047119140625,-1.02734375,-0.160888671875,0.54931640625,0.42724609375,0.18310546875,-0.6083984375,-0.57470703125,0.6533203125,0.18310546875,-0.18310546875,-0.1220703125,-0.970458984375,0.00537109375,0.113037109375,-56.396484375,23.86474609375,-28.01513671875,-0.24539508856727776,-0.02744120378412518
2022-06-09 15:29:06.451176448,-0.914794921875,-0.0703125,-0.40283203125,-0.06103515625,2.50244140625,-0.18310546875,0.048583984375,0.9248046875,-0.2021484375,-0.30517578125,-0.42724609375,-0.42724609375,-0.619140625,0.535888671875,0.612060546875,1.708984375,-3.2958984375,-0.3662109375,0.05078125,-1.027099609375,-0.16015625,0.67138671875,0.54931640625,0.1220703125,-0.60791015625,-0.5703125,0.65380859375,0.0,-0.48828125,-0.3662109375,-0.9658203125,0.003173828125,0.112060546875,-56.33544921875,23.98681640625,-27.9541015625,-0.26342248558929726,-0.046573310433982495
2022-06-09 15:29:06.461338112,-0.914794921875,-0.07177734375,-0.40283203125,-0.18310546875,2.74658203125,-0.3662109375,0.049072265625,0.92724609375,-0.202392578125,-0.30517578125,-0.244140625,-0.48828125,-0.642578125,0.530517578125,0.615234375,1.46484375,-9.70458984375,-0.54931640625,0.05126953125,-1.0283203125,-0.158447265625,0.6103515625,0.732421875,0.18310546875,-0.603759765625,-0.569580078125,0.653564453125,-0.244140625,-0.48828125,-0.18310546875,-0.96826171875,0.0009765625,0.112060546875,-56.09130859375,24.59716796875,-28.01513671875,-0.28200816212344426,-0.06178224444227043
2022-06-09 15:29:06.471499776,-0.913818359375,-0.0732421875,-0.402099609375,-0.3662109375,2.5634765625,-0.3662109375,0.050048828125,0.928955078125,-0.1982421875,-0.30517578125,-0.18310546875,-0.42724609375,-0.548583984375,0.509521484375,0.607177734375,2.8076171875,-15.07568359375,-0.18310546875,0.048828125,-1.02734375,-0.159912109375,0.6103515625,0.9765625,0.244140625,-0.605224609375,-0.5751953125,0.65283203125,-0.30517578125,-0.18310546875,-0.3662109375,-0.972412109375,0.00146484375,0.10986328125,-56.09130859375,25.20751953125,-27.9541015625,-0.30216091126834765,-0.07999006800416053
2022-06-09 15:29:06.481661440,-0.9130859375,-0.076171875,-0.39697265625,-0.244140625,2.62451171875,-0.30517578125,0.048583984375,0.929931640625,-0.1982421875,-0.30517578125,0.0,-0.244140625,-0.54248046875,0.51953125,0.60595703125,3.5400390625,-12.3291015625,0.54931640625,0.046142578125,-1.0283203125,-0.158935546875,0.67138671875,1.220703125,0.18310546875,-0.603759765625,-0.5732421875,0.655029296875,-0.18310546875,0.1220703125,-0.18310546875,-0.97314453125,0.005126953125,0.108642578125,-55.96923828125,24.96337890625,-28.076171875,-0.32535777897083284,-0.10739054948551541
2022-06-09 15:29:06.491822592,-0.915283203125,-0.07763671875,-0.39306640625,-0.06103515625,3.2958984375,-0.30517578125,0.048095703125,0.927978515625,-0.202392578125,-0.3662109375,0.06103515625,-0.18310546875,-0.578125,0.53125,0.6044921875,3.0517578125,-9.09423828125,0.18310546875,0.044677734375,-1.02587890625,-0.15673828125,0.67138671875,1.220703125,0.244140625,-0.60107421875,-0.573486328125,0.655029296875,-0.18310546875,0.3662109375,-0.06103515625,-0.970703125,0.005126953125,0.110595703125,-56.0302734375,24.658203125,-28.13720703125,-0.35317858083695874,-0.13572543665218895
2022-06-09 15:29:06.501984256,-0.91796875,-0.078125,-0.39404296875,0.18310546875,3.72314453125,-0.244140625,0.048583984375,0.927734375,-0.203125,-0.42724609375,0.06103515625,-0.30517578125,-0.573486328125,0.528564453125,0.610595703125,2.74658203125,-10.1318359375,-0.54931640625,0.045654296875,-1.029052734375,-0.16064453125,0.79345703125,1.0986328125,0.30517578125,-0.6015625,-0.573486328125,0.64990234375,-0.18310546875,0.54931640625,0.0,-0.96826171875,0.004638671875,0.108642578125,-56.0302734375,24.5361328125,-28.076171875,-0.3851307849307444,-0.1555110031241247
2022-06-09 15:29:06.512145920,-0.919921875,-0.072998046875,-0.3935546875,0.3662109375,3.662109375,-0.18310546875,0.050537109375,0.9287109375,-0.200927734375,-0.48828125,0.30517578125,-0.30517578125,-0.5439453125,0.524658203125,0.630615234375,3.11279296875,-10.31494140625,-0.42724609375,0.0478515625,-1.029296875,-0.16162109375,0.9765625,1.03759765625,0.3662109375,-0.606689453125,-0.575439453125,0.653076171875,-0.3662109375,0.54931640625,0.06103515625,-0.969482421875,0.00537109375,0.10888671875,-55.96923828125,24.71923828125,-28.1982421875,-0.4208570503918878,-0.17058304916838374
2022-06-09 15:29:06.522307584,-0.9150390625,-0.0751953125,-0.39111328125,0.30517578125,3.72314453125,-0.3662109375,0.0517578125,0.92822265625,-0.19970703125,-0.732421875,0.42724609375,-0.3662109375,-0.525390625,0.528564453125,0.62841796875,3.96728515625,-6.89697265625,0.1220703125,0.05322265625,-1.031982421875,-0.158935546875,1.0986328125,1.28173828125,0.48828125,-0.607421875,-0.58056640625,0.6533203125,-0.732421875,0.48828125,0.1220703125,-0.965576171875,0.006591796875,0.112060546875,-56.0302734375,25.08544921875,-28.13720703125,-0.45964457224554534,-0.18891326316969748
2022-06-09 15:29:06.532469248,-0.91650390625,-0.076171875,-0.389404296875,0.244140625,4.45556640625,-0.42724609375,0.053466796875,0.925537109375,-0.19873046875,-0.79345703125,0.48828125,-0.42724609375,-0.572265625,0.525390625,0.602783203125,3.60107421875,-4.08935546875,-0.06103515625,0.054443359375,-1.032470703125,-0.161376953125,1.28173828125,1.64794921875,0.732421875,-0.610107421875,-0.583251953125,0.651611328125,-0.91552734375,0.30517578125,0.244140625,-0.972412109375,0.007568359375,0.10791015625,-56.0302734375,25.390625,-28.01513671875,-0.5022989297006575,-0.20663610998267723
2022-06-09 15:29:06.542630656,-0.91845703125,-0.07373046875,-0.383544921875,0.42724609375,5.18798828125,-0.54931640625,0.05126953125,0.920654296875,-0.200927734375,-0.8544921875,0.3662109375,-0.54931640625,-0.6005859375,0.51904296875,0.59814453125,3.5400390625,-5.0048828125,-1.28173828125,0.056396484375,-1.02734375,-0.166015625,1.40380859375,1.953125,0.91552734375,-0.61083984375,-0.583740234375,0.649169921875,-0.9765625,0.244140625,0.0,-0.975830078125,0.0048828125,0.1103515625,-55.96923828125,25.32958984375,-28.076171875,-0.5495127473268508,-0.21296671922352362
2022-06-09 15:29:06.552792320,-0.9189453125,-0.0732421875,-0.37939453125,0.54931640625,5.2490234375,-0.6103515625,0.048583984375,0.91943359375,-0.203857421875,-0.9765625,0.1220703125,-0.67138671875,-0.580322265625,0.532470703125,0.609375,4.94384765625,-7.62939453125,-0.244140625,0.05517578125,-1.020263671875,-0.1640625,1.40380859375,1.89208984375,1.3427734375,-0.608642578125,-0.590087890625,0.644287109375,-1.40380859375,0.54931640625,0.244140625,-0.97509765625,0.007080078125,0.110107421875,-56.0302734375,24.90234375,-28.076171875,-0.6020088460632493,-0.21711855462935636
2022-06-09 15:29:06.562953984,-0.915771484375,-0.07373046875,-0.37841796875,0.6103515625,5.126953125,-0.732421875,0.050048828125,0.922607421875,-0.20166015625,-0.91552734375,-0.30517578125,-0.91552734375,-0.552490234375,0.5498046875,0.635498046875,5.43212890625,-8.23974609375,0.8544921875,0.058349609375,-1.017822265625,-0.164794921875,1.0986328125,1.708984375,1.64794921875,-0.609130859375,-0.5869140625,0.639892578125,-1.40380859375,0.54931640625,0.1220703125,-0.973388671875,0.007080078125,0.113037109375,-56.0302734375,24.4140625,-28.01513671875,-0.6618671283119704,-0.2301655607722659
2022-06-09 15:29:06.573115648,-0.9072265625,-0.0712890625,-0.3759765625,0.732421875,5.55419921875,-0.9765625,0.051025390625,0.9267578125,-0.200927734375,-0.91552734375,-0.244140625,-0.9765625,-0.550048828125,0.55517578125,0.64599609375,5.126953125,-5.92041015625,0.30517578125,0.05615234375,-1.021484375,-0.162109375,0.67138671875,1.77001953125,2.13623046875,-0.604736328125,-0.58349609375,0.638916015625,-1.708984375,0.30517578125,0.06103515625,-0.969970703125,0.0078125,0.115966796875,-56.09130859375,24.10888671875,-28.01513671875,-0.7293233123319771,-0.24058796049560627
2022-06-09 15:29:06.583277312,-0.906005859375,-0.07080078125,-0.375732421875,0.79345703125,6.77490234375,-1.15966796875,0.052001953125,0.925537109375,-0.19970703125,-1.03759765625,0.0,-1.03759765625,-0.574951171875,0.5458984375,0.624267578125,4.21142578125,-4.33349609375,-0.67138671875,0.052001953125,-1.0185546875,-0.16259765625,1.3427734375,1.46484375,1.708984375,-0.60595703125,-0.581298828125,0.639892578125,-1.953125,0.30517578125,-0.1220703125,-0.96728515625,0.007568359375,0.111572265625,-56.09130859375,24.59716796875,-28.01513671875,-0.8031009214094724,-0.23581280205307742
2022-06-09 15:29:06.593438720,-0.904541015625,-0.071044921875,-0.37548828125,0.79345703125,8.1787109375,-1.220703125,0.05224609375,0.921630859375,-0.197021484375,-1.0986328125,0.244140625,-1.220703125,-0.58447265625,0.5341796875,0.609619140625,4.0283203125,-4.7607421875,-1.708984375,0.04248046875,-1.01806640625,-0.16455078125,1.220703125,1.220703125,1.708984375,-0.61083984375,-0.583740234375,0.639892578125,-2.13623046875,0.30517578125,-0.18310546875,-0.971923828125,0.00634765625,0.11083984375,-56.15234375,25.32958984375,-28.076171875,-0.8830332030286983,-0.2141801544201818
2022-06-09 15:29:06.603600384,-0.9013671875,-0.07275390625,-0.372802734375,0.732421875,9.1552734375,-1.3427734375,0.049560546875,0.92529296875,-0.195068359375,-1.15966796875,0.3662109375,-1.28173828125,-0.57470703125,0.53125,0.6083984375,4.7607421875,-6.7138671875,-1.8310546875,0.04931640625,-1.02197265625,-0.1630859375,1.28173828125,1.15966796875,1.8310546875,-0.61181640625,-0.586669921875,0.642333984375,-2.44140625,0.0,-0.1220703125,-0.974853515625,0.004150390625,0.113525390625,-56.21337890625,25.0244140625,-27.9541015625,-0.9699831127482614,-0.18383928303235786
2022-06-09 15:29:06.613761792,-0.895263671875,-0.072998046875,-0.37109375,0.8544921875,9.94873046875,-1.40380859375,0.046875,0.92919921875,-0.19384765625,-1.15966796875,0.42724609375,-1.28173828125,-0.56201171875,0.53857421875,0.619384765625,5.67626953125,-8.36181640625,-2.0751953125,0.045166015625,-1.0283203125,-0.1591796875,1.0986328125,1.0986328125,1.8310546875,-0.614013671875,-0.589599609375,0.64208984375,-2.5634765625,-0.48828125,0.06103515625,-0.972412109375,0.007080078125,0.110107421875,-56.09130859375,23.86474609375,-28.01513671875,-1.0658682098307999,-0.1509820164712794
2022-06-09 15:29:06.623923456,-0.892333984375,-0.072998046875,-0.368896484375,1.03759765625,11.29150390625,-1.46484375,0.04638671875,0.93115234375,-0.201171875,-1.220703125,-0.06103515625,-1.220703125,-0.554931640625,0.537109375,0.61767578125,6.28662109375,-7.99560546875,-2.50244140625,0.05224609375,-1.031494140625,-0.154541015625,1.15966796875,0.91552734375,1.52587890625,-0.613037109375,-0.588623046875,0.64599609375,-2.62451171875,-0.9765625,0.244140625,-0.96630859375,0.0087890625,0.110595703125,-56.15234375,23.62060546875,-28.076171875,-1.1727205337305007,-0.1134481823657576
2022-06-09 15:29:06.634085120,-0.890869140625,-0.07080078125,-0.368896484375,1.220703125,12.8173828125,-1.52587890625,0.05517578125,0.927490234375,-0.205322265625,-1.28173828125,-0.79345703125,-1.28173828125,-0.569580078125,0.540283203125,0.615234375,6.40869140625,-5.67626953125,-3.23486328125,0.051513671875,-1.0283203125,-0.15576171875,1.15966796875,1.0986328125,1.3427734375,-0.614990234375,-0.587158203125,0.651123046875,-2.685546875,-1.3427734375,0.48828125,-0.966552734375,0.009033203125,0.11328125,-56.21337890625,24.5361328125,-28.13720703125,-1.2913610646879778,-0.06667098411962336
2022-06-09 15:29:06.644246528,-0.88818359375,-0.06884765625,-0.369384765625,1.220703125,14.16015625,-1.708984375,0.052001953125,0.921142578125,-0.201416015625,-1.28173828125,-0.8544921875,-1.28173828125,-0.584716796875,0.5390625,0.623046875,6.28662109375,-6.7138671875,-3.2958984375,0.047607421875,-1.027587890625,-0.155517578125,1.03759765625,0.67138671875,1.28173828125,-0.611328125,-0.587890625,0.65380859375,-2.86865234375,-1.89208984375,0.6103515625,-0.96923828125,0.009521484375,0.110595703125,-56.21337890625,25.390625,-28.13720703125,-1.4212113228252075,-0.021408987878932084
2022-06-09 15:29:06.654408192,-0.88818359375,-0.06640625,-0.369384765625,0.91552734375,15.2587890625,-1.89208984375,0.04638671875,0.91650390625,-0.20068359375,-1.5869140625,-0.30517578125,-1.46484375,-0.565185546875,0.531982421875,0.62841796875,6.40869140625,-9.70458984375,-3.84521484375,0.048583984375,-1.02490234375,-0.15673828125,1.28173828125,0.06103515625,1.3427734375,-0.6142578125,-0.5869140625,0.657958984375,-2.86865234375,-2.01416015625,0.732421875,-0.97265625,0.007568359375,0.110595703125,-56.2744140625,25.2685546875,-28.13720703125,-1.5615165763048622,0.020669470574669724
2022-06-09 15:29:06.664569856,-0.884765625,-0.06494140625,-0.37158203125,0.79345703125,16.41845703125,-2.01416015625,0.042724609375,0.917236328125,-0.2001953125,-1.64794921875,-0.1220703125,-1.52587890625,-0.55126953125,0.533203125,0.62109375,7.2021484375,-10.7421875,-4.638671875,0.050048828125,-1.024658203125,-0.16064453125,1.28173828125,-0.18310546875,1.40380859375,-0.607421875,-0.582275390625,0.65673828125,-2.86865234375,-2.197265625,1.03759765625,-0.971435546875,0.009033203125,0.111328125,-56.396484375,24.35302734375,-28.076171875,-1.712295221430335,0.06006196799013841
2022-06-09 15:29:06.674731520,-0.883056640625,-0.066162109375,-0.368896484375,0.42724609375,17.88330078125,-2.13623046875,0.045166015625,0.928466796875,-0.201904296875,-1.77001953125,0.54931640625,-1.5869140625,-0.543701171875,0.537841796875,0.62060546875,7.62939453125,-9.94873046875,-4.94384765625,0.05126953125,-1.023681640625,-0.164794921875,1.28173828125,-0.54931640625,1.5869140625,-0.607666015625,-0.580078125,0.658203125,-3.173828125,-1.953125,1.5869140625,-0.9697265625,0.00634765625,0.107666015625,-56.45751953125,24.59716796875,-28.01513671875,-1.8727633140022824,0.09469809362292247
2022-06-09 15:29:06.684893184,-0.880859375,-0.06689453125,-0.36767578125,-0.06103515625,19.59228515625,-2.38037109375,0.047607421875,0.928466796875,-0.20166015625,-1.89208984375,0.54931640625,-1.46484375,-0.54345703125,0.53662109375,0.61865234375,7.50732421875,-9.1552734375,-5.43212890625,0.053955078125,-1.02001953125,-0.169189453125,1.15966796875,-1.03759765625,1.64794921875,-0.619873046875,-0.579833984375,0.655517578125,-3.72314453125,-1.77001953125,2.197265625,-0.97119140625,0.006591796875,0.109619140625,-56.5185546875,24.7802734375,-27.9541015625,-2.041392625780793,0.12575750433079813
2022-06-09 15:29:06.695054592,-0.88037109375,-0.06494140625,-0.365478515625,-0.48828125,21.3623046875,-2.38037109375,0.04931640625,0.927490234375,-0.202880859375,-2.197265625,0.54931640625,-1.3427734375,-0.545166015625,0.532470703125,0.6171875,7.6904296875,-7.8125,-6.7138671875,0.05908203125,-1.020263671875,-0.1650390625,1.0986328125,-0.91552734375,1.708984375,-0.62841796875,-0.580810546875,0.6474609375,-4.08935546875,-2.685546875,2.8076171875,-0.9736328125,0.005126953125,0.115234375,-56.5185546875,24.59716796875,-27.9541015625,-2.2178682575533686,0.15851224380025997
2022-06-09 15:29:06.705216256,-0.88330078125,-0.061767578125,-0.365966796875,-1.0986328125,23.0712890625,-2.197265625,0.046630859375,0.931640625,-0.20068359375,-2.50244140625,0.6103515625,-1.52587890625,-0.542724609375,0.529296875,0.6171875,8.48388671875,-6.4697265625,-7.50732421875,0.055908203125,-1.015869140625,-0.1640625,0.91552734375,-0.8544921875,1.708984375,-0.6181640625,-0.581787109375,0.636474609375,-4.7607421875,-4.21142578125,3.35693359375,-0.9716796875,0.0029296875,0.10888671875,-56.5185546875,24.2919921875,-27.9541015625,-2.4013647173680774,0.1921902495563117
2022-06-09 15:29:06.715377920,-0.8857421875,-0.060791015625,-0.364990234375,-1.52587890625,24.59716796875,-2.197265625,0.050048828125,0.9287109375,-0.20458984375,-2.8076171875,0.732421875,-1.5869140625,-0.546875,0.53369140625,0.6142578125,9.46044921875,-4.57763671875,-7.99560546875,0.048583984375,-1.01806640625,-0.1640625,1.03759765625,-0.42724609375,1.77001953125,-0.60693359375,-0.578125,0.631591796875,-5.43212890625,-5.37109375,3.84521484375,-0.97265625,0.004150390625,0.108154296875,-56.396484375,24.169921875,-27.9541015625,-2.590280303219097,0.22127599022306832
2022-06-09 15:29:06.725539328,-0.884521484375,-0.06005859375,-0.3681640625,-2.25830078125,25.7568359375,-2.25830078125,0.044921875,0.926025390625,-0.2021484375,-2.9296875,1.0986328125,-1.64794921875,-0.55078125,0.537841796875,0.61279296875,10.68115234375,-2.8076171875,-9.27734375,0.048095703125,-1.020263671875,-0.165771484375,1.28173828125,0.06103515625,1.89208984375,-0.5986328125,-0.571044921875,0.636474609375,-6.2255859375,-5.7373046875,4.33349609375,-0.97314453125,0.0029296875,0.113037109375,-56.33544921875,24.2919921875,-28.076171875,-2.783937558403567,0.24700103173956567
2022-06-09 15:29:06.735700992,-0.87939453125,-0.059326171875,-0.365966796875,-2.86865234375,26.79443359375,-2.25830078125,0.04833984375,0.925537109375,-0.202880859375,-3.2958984375,1.8310546875,-1.953125,-0.556640625,0.54736328125,0.618408203125,11.90185546875,-1.64794921875,-10.31494140625,0.047119140625,-1.025634765625,-0.160400390625,1.46484375,0.79345703125,1.8310546875,-0.588623046875,-0.5703125,0.647216796875,-7.26318359375,-5.67626953125,4.5166015625,-0.97021484375,0.00244140625,0.11279296875,-56.21337890625,24.4140625,-28.13720703125,-2.9798961916647593,0.27148868537562976
2022-06-09 15:29:06.745862400,-0.876953125,-0.058349609375,-0.36865234375,-3.41796875,28.50341796875,-2.25830078125,0.048828125,0.925048828125,-0.204833984375,-3.5400390625,2.38037109375,-2.01416015625,-0.562744140625,0.55419921875,0.63037109375,12.939453125,-1.220703125,-11.1083984375,0.0478515625,-1.02734375,-0.160888671875,1.708984375,1.52587890625,1.708984375,-0.5869140625,-0.572509765625,0.652099609375,-7.99560546875,-5.31005859375,4.57763671875,-0.96875,0.00244140625,0.10888671875,-56.15234375,24.47509765625,-28.1982421875,-3.176818688513154,0.29334100246253936
2022-06-09 15:29:06.756024064,-0.871337890625,-0.06103515625,-0.370361328125,-3.84521484375,30.3955078125,-2.44140625,0.04296875,0.92333984375,-0.20166015625,-3.7841796875,2.685546875,-2.0751953125,-0.56005859375,0.556640625,0.6337890625,13.48876953125,-1.3427734375,-12.0849609375,0.042236328125,-1.026611328125,-0.160888671875,2.01416015625,2.38037109375,1.77001953125,-0.582275390625,-0.567138671875,0.666748046875,-8.544921875,-4.5166015625,4.57763671875,-0.969970703125,0.00439453125,0.11083984375,-56.15234375,24.47509765625,-28.1982421875,-3.3758209860070996,0.3143656579968983
2022-06-09 15:29:06.766185728,-0.8681640625,-0.05859375,-0.370849609375,-4.21142578125,32.2265625,-2.50244140625,0.0439453125,0.92822265625,-0.199462890625,-4.0283203125,2.8076171875,-2.13623046875,-0.560546875,0.555419921875,0.627197265625,13.97705078125,-0.732421875,-13.5498046875,0.036865234375,-1.029296875,-0.15966796875,2.38037109375,3.173828125,1.89208984375,-0.57470703125,-0.56494140625,0.67431640625,-9.1552734375,-3.90625,4.2724609375,-0.970458984375,0.005615234375,0.109375,-56.0302734375,24.658203125,-28.38134765625,-3.575962143689232,0.33921190549857716
2022-06-09 15:29:06.776347392,-0.865478515625,-0.061279296875,-0.371337890625,-4.82177734375,34.24072265625,-2.5634765625,0.045654296875,0.931640625,-0.1962890625,-4.45556640625,2.9296875,-2.25830078125,-0.56201171875,0.5537109375,0.621337890625,14.6484375,-0.42724609375,-14.83154296875,0.04150390625,-1.03466796875,-0.162353515625,2.5634765625,3.41796875,1.953125,-0.560546875,-0.56787109375,0.67138671875,-10.31494140625,-3.47900390625,3.96728515625,-0.97216796875,0.009765625,0.111328125,-56.0302734375,24.59716796875,-28.38134765625,-3.7739510497317883,0.36908556602540443
2022-06-09 15:29:06.786509056,-0.86181640625,-0.0625,-0.368408203125,-5.43212890625,36.4990234375,-2.5634765625,0.044921875,0.929443359375,-0.19677734375,-5.06591796875,3.2958984375,-2.197265625,-0.549072265625,0.5537109375,0.622802734375,14.6484375,-0.3662109375,-15.56396484375,0.04541015625,-1.03564453125,-0.16259765625,2.38037109375,3.60107421875,1.8310546875,-0.559326171875,-0.569580078125,0.667236328125,-11.1083984375,-1.77001953125,3.662109375,-0.97119140625,0.007568359375,0.111083984375,-56.09130859375,24.169921875,-28.38134765625,-3.9691856022106666,0.4020762889801581
2022-06-09 15:29:06.796670464,-0.860595703125,-0.06396484375,-0.36669921875,-5.9814453125,38.4521484375,-2.50244140625,0.04443359375,0.92822265625,-0.20263671875,-5.43212890625,3.47900390625,-2.197265625,-0.540771484375,0.552490234375,0.617431640625,14.7705078125,0.244140625,-15.869140625,0.038818359375,-1.03125,-0.1572265625,2.44140625,4.08935546875,1.89208984375,-0.564697265625,-0.570556640625,0.662109375,-11.65771484375,0.67138671875,3.72314453125,-0.9677734375,0.0087890625,0.112548828125,-56.09130859375,24.10888671875,-28.3203125,-4.165197454774566,0.4352763888003661
2022-06-09 15:29:06.806832128,-0.85546875,-0.066162109375,-0.366455078125,-6.103515625,40.22216796875,-2.50244140625,0.047607421875,0.92626953125,-0.20068359375,-5.859375,3.173828125,-2.0751953125,-0.52978515625,0.549560546875,0.60205078125,15.44189453125,3.41796875,-16.9677734375,0.041015625,-1.030029296875,-0.1591796875,2.25830078125,4.0283203125,1.953125,-0.575439453125,-0.5712890625,0.66015625,-12.20703125,3.2958984375,3.96728515625,-0.96826171875,0.009033203125,0.112060546875,-56.15234375,24.5361328125,-28.1982421875,-4.3649578425760875,0.4685415717137529
2022-06-09 15:29:06.816993792,-0.850341796875,-0.06494140625,-0.36865234375,-6.103515625,42.17529296875,-2.5634765625,0.047607421875,0.919677734375,-0.193359375,-6.103515625,3.23486328125,-1.953125,-0.54052734375,0.547607421875,0.5927734375,15.869140625,5.55419921875,-17.27294921875,0.04296875,-1.025390625,-0.157958984375,2.38037109375,4.0283203125,1.89208984375,-0.588134765625,-0.5703125,0.66259765625,-13.0615234375,5.37109375,4.0283203125,-0.974365234375,0.009033203125,0.109375,-56.15234375,25.146484375,-28.13720703125,-4.5675169876015715,0.5009963877859063
2022-06-09 15:29:06.827155456,-0.84375,-0.0654296875,-0.373046875,-6.40869140625,44.37255859375,-2.5634765625,0.04248046875,0.923828125,-0.1884765625,-6.16455078125,3.23486328125,-1.8310546875,-0.550048828125,0.546630859375,0.589111328125,16.4794921875,7.01904296875,-17.63916015625,0.035400390625,-1.029296875,-0.1572265625,2.62451171875,4.150390625,1.64794921875,-0.595703125,-0.566650390625,0.6640625,-14.34326171875,6.04248046875,3.90625,-0.97607421875,0.0078125,0.107177734375,-56.21337890625,24.90234375,-28.01513671875,-4.769166673549287,0.5293820518878842
2022-06-09 15:29:06.837316864,-0.837646484375,-0.06982421875,-0.3818359375,-7.080078125,46.5087890625,-2.8076171875,0.0439453125,0.923828125,-0.185302734375,-6.34765625,2.5634765625,-1.708984375,-0.557373046875,0.549072265625,0.591064453125,17.2119140625,8.36181640625,-18.06640625,0.033447265625,-1.032958984375,-0.152099609375,2.8076171875,3.47900390625,1.5869140625,-0.60009765625,-0.56591796875,0.6611328125,-15.44189453125,5.79833984375,3.96728515625,-0.97314453125,0.00830078125,0.109375,-56.33544921875,24.23095703125,-27.9541015625,-4.96938183504068,0.5531951068936971
2022-06-09 15:29:06.847478272,-0.826904296875,-0.071044921875,-0.385498046875,-7.62939453125,49.13330078125,-2.9296875,0.041015625,0.925048828125,-0.18408203125,-6.40869140625,2.5634765625,-1.708984375,-0.562255859375,0.5498046875,0.5859375,17.7001953125,9.94873046875,-18.73779296875,0.044677734375,-1.028076171875,-0.145263671875,3.0517578125,2.3193359375,1.28173828125,-0.613037109375,-0.56591796875,0.65966796875,-16.41845703125,5.4931640625,4.0283203125,-0.97021484375,0.0087890625,0.1123046875,-56.33544921875,23.681640625,-27.9541015625,-5.170240035669373,0.5738501395389566
2022-06-09 15:29:06.857639936,-0.819580078125,-0.07666015625,-0.388671875,-8.23974609375,52.001953125,-3.0517578125,0.041748046875,0.933349609375,-0.1875,-6.53076171875,2.25830078125,-1.64794921875,-0.568115234375,0.54833984375,0.578857421875,18.4326171875,11.3525390625,-19.1650390625,0.055908203125,-1.030029296875,-0.140625,2.99072265625,0.8544921875,1.03759765625,-0.629638671875,-0.566650390625,0.65478515625,-17.822265625,5.18798828125,4.69970703125,-0.96728515625,0.006591796875,0.112548828125,-56.33544921875,24.0478515625,-28.01513671875,-5.373292102153211,0.5911245862515937
2022-06-09 15:29:06.867801600,-0.814453125,-0.079345703125,-0.391845703125,-8.4228515625,54.931640625,-2.99072265625,0.041748046875,0.933349609375,-0.191162109375,-6.53076171875,1.953125,-1.52587890625,-0.5751953125,0.54931640625,0.577392578125,19.04296875,12.451171875,-19.59228515625,0.045166015625,-1.02734375,-0.145751953125,2.99072265625,-0.18310546875,0.732421875,-0.63330078125,-0.56689453125,0.646484375,-19.22607421875,5.0048828125,5.43212890625,-0.96875,0.0068359375,0.112060546875,-56.15234375,24.71923828125,-28.076171875,-5.579890931788125,0.6033987333476496
2022-06-09 15:29:06.877963264,-0.810791015625,-0.08154296875,-0.390625,-8.544921875,57.861328125,-2.99072265625,0.044921875,0.9326171875,-0.1865234375,-6.591796875,2.01416015625,-1.220703125,-0.5791015625,0.550537109375,0.572265625,19.53125,13.24462890625,-19.8974609375,0.04052734375,-1.028076171875,-0.142822265625,2.8076171875,-1.15966796875,0.67138671875,-0.635498046875,-0.5595703125,0.617919921875,-21.1181640625,5.126953125,5.43212890625,-0.971435546875,0.00537109375,0.1103515625,-56.21337890625,25.0244140625,-28.13720703125,-5.7861319044026915,0.610624682450692
2022-06-09 15:29:06.888124928,-0.811279296875,-0.08447265625,-0.394775390625,-8.30078125,60.546875,-3.23486328125,0.049560546875,0.926025390625,-0.1875,-6.77490234375,2.685546875,-0.9765625,-0.585693359375,0.551025390625,0.5732421875,19.95849609375,14.34326171875,-19.95849609375,0.0400390625,-1.025146484375,-0.14306640625,2.44140625,-2.44140625,0.30517578125,-0.63525390625,-0.567626953125,0.611572265625,-23.3154296875,5.06591796875,5.37109375,-0.97265625,0.00537109375,0.110595703125,-56.33544921875,24.59716796875,-28.1982421875,-5.986768335438723,0.6118261295102236
2022-06-09 15:29:06.898286336,-0.810791015625,-0.081787109375,-0.39892578125,-8.056640625,61.8896484375,-3.0517578125,0.046875,0.924072265625,-0.18701171875,-6.9580078125,3.72314453125,-0.9765625,-0.594482421875,0.55126953125,0.57373046875,20.20263671875,14.95361328125,-19.53125,0.042236328125,-1.024658203125,-0.138427734375,2.01416015625,-3.47900390625,0.06103515625,-0.621337890625,-0.57373046875,0.608154296875,-25.08544921875,4.8828125,5.859375,-0.969482421875,0.005859375,0.109375,-56.2744140625,24.0478515625,-28.1982421875,-6.184599087565351,0.605043683598983
2022-06-09 15:29:06.908448000,-0.8017578125,-0.0849609375,-0.40576171875,-8.11767578125,62.80517578125,-2.74658203125,0.0517578125,0.920654296875,-0.189697265625,-6.7138671875,4.82177734375,-1.0986328125,-0.59521484375,0.54833984375,0.567138671875,20.32470703125,14.892578125,-18.73779296875,0.048095703125,-1.016357421875,-0.137451171875,1.64794921875,-3.23486328125,-0.18310546875,-0.614990234375,-0.564453125,0.609619140625,-26.67236328125,5.18798828125,5.859375,-0.96728515625,0.005615234375,0.1103515625,-56.2744140625,24.0478515625,-28.1982421875,-6.382172471090511,0.588224230862525
2022-06-09 15:29:06.918609664,-0.798583984375,-0.087158203125,-0.41455078125,-8.1787109375,65.73486328125,-2.74658203125,0.04931640625,0.9228515625,-0.18798828125,-6.4697265625,5.615234375,-1.220703125,-0.5869140625,0.548095703125,0.56396484375,21.1181640625,15.44189453125,-17.63916015625,0.0576171875,-1.01318359375,-0.144775390625,1.40380859375,-1.220703125,-0.244140625,-0.61376953125,-0.55517578125,0.60546875,-28.564453125,5.615234375,5.55419921875,-0.968505859375,0.005126953125,0.1123046875,-56.21337890625,24.59716796875,-28.1982421875,-6.575962519592458,0.5576587830176605
2022-06-09 15:29:06.928770560,-0.807373046875,-0.081787109375,-0.43505859375,-8.60595703125,69.9462890625,-2.62451171875,0.046630859375,0.9208984375,-0.1826171875,-6.4697265625,6.2255859375,-1.0986328125,-0.580322265625,0.545654296875,0.555908203125,21.6064453125,16.845703125,-16.11328125,0.048828125,-1.006103515625,-0.148681640625,1.46484375,1.46484375,0.1220703125,-0.61279296875,-0.553955078125,0.607421875,-30.45654296875,5.859375,5.43212890625,-0.971923828125,0.005859375,0.1103515625,-56.21337890625,25.08544921875,-28.1982421875,-6.764091271553639,0.5091675600355012
2022-06-09 15:29:06.938931200,-0.8154296875,-0.083251953125,-0.451416015625,-8.72802734375,71.6552734375,-2.197265625,0.043701171875,0.9169921875,-0.180419921875,-6.103515625,6.7138671875,-0.79345703125,-0.591064453125,0.543701171875,0.554443359375,21.8505859375,17.9443359375,-13.97705078125,0.002685546875,-1.012939453125,-0.155517578125,0.732421875,2.62451171875,0.30517578125,-0.607666015625,-0.546142578125,0.60302734375,-31.92138671875,6.16455078125,5.18798828125,-0.974365234375,0.005615234375,0.108154296875,-56.2744140625,24.96337890625,-28.25927734375,-6.947700547358159,0.4389316743352172
2022-06-09 15:29:06.949092096,-0.8125,-0.0810546875,-0.472900390625,-7.50732421875,71.59423828125,-2.0751953125,0.0478515625,0.91259765625,-0.185546875,-5.43212890625,7.26318359375,-0.54931640625,-0.6083984375,0.545166015625,0.5673828125,22.4609375,17.63916015625,-11.53564453125,0.015380859375,-1.03857421875,-0.1640625,-0.91552734375,-4.2724609375,1.03759765625,-0.614013671875,-0.5341796875,0.603271484375,-33.935546875,7.2021484375,4.5166015625,-0.971923828125,0.007568359375,0.110595703125,-56.21337890625,24.2919921875,-28.25927734375,-7.123722619203607,0.34105433290636444
2022-06-09 15:29:06.959252736,-0.804931640625,-0.072998046875,-0.50048828125,-6.28662109375,72.93701171875,-2.3193359375,0.04736328125,0.905517578125,-0.180908203125,-4.8828125,8.30078125,-0.244140625,-0.622802734375,0.542724609375,0.572998046875,23.25439453125,15.625,-8.36181640625,0.0556640625,-1.0283203125,-0.159423828125,-1.220703125,-4.150390625,0.48828125,-0.63037109375,-0.533447265625,0.602783203125,-37.9638671875,6.7138671875,2.74658203125,-0.96923828125,0.0087890625,0.112060546875,-56.33544921875,23.74267578125,-28.25927734375,-7.27738954282325,0.20689101900512874
2022-06-09 15:29:06.969413632,-0.8115234375,-0.0693359375,-0.516357421875,-5.06591796875,76.7822265625,-2.197265625,0.0537109375,0.918212890625,-0.166748046875,-4.5166015625,9.3994140625,-0.06103515625,-0.603271484375,0.523681640625,0.563720703125,23.681640625,13.0615234375,-5.37109375,0.071533203125,-1.01220703125,-0.154541015625,-0.244140625,-0.42724609375,-0.42724609375,-0.621826171875,-0.54052734375,0.596435546875,-41.259765625,3.84521484375,1.5869140625,-0.96728515625,0.007080078125,0.11181640625,-56.396484375,24.169921875,-28.1982421875,-7.403024754006182,0.032555960162333086
2022-06-09 15:29:06.979574784,-0.831298828125,-0.06982421875,-0.53662109375,-3.84521484375,79.04052734375,-1.52587890625,0.070068359375,0.92919921875,-0.157470703125,-4.57763671875,10.3759765625,0.48828125,-0.588623046875,0.487548828125,0.556884765625,23.98681640625,13.12255859375,-1.708984375,0.044677734375,-1.002685546875,-0.15380859375,1.28173828125,4.7607421875,-0.54931640625,-0.626220703125,-0.539794921875,0.61474609375,-43.15185546875,3.5400390625,1.5869140625,-0.96875,0.0068359375,0.111328125,-56.33544921875,24.84130859375,-28.076171875,-7.516051140510775,-0.18265273084186262
2022-06-09 15:29:06.989735424,-0.851806640625,-0.0810546875,-0.561279296875,-4.08935546875,78.79638671875,-0.8544921875,0.079833984375,0.92578125,-0.16015625,-4.39453125,12.02392578125,1.3427734375,-0.590576171875,0.44970703125,0.55029296875,24.96337890625,14.0380859375,2.25830078125,0.010986328125,-0.990234375,-0.159423828125,2.25830078125,9.521484375,-0.18310546875,-0.61865234375,-0.52783203125,0.60791015625,-46.32568359375,5.55419921875,0.18310546875,-0.9716796875,0.006591796875,0.110107421875,-56.21337890625,25.08544921875,-28.01513671875,-7.617101694701322,-0.44366383330426995
2022-06-09 15:29:06.999896320,-0.872314453125,-0.084228515625,-0.572998046875,-4.82177734375,78.79638671875,-0.9765625,0.07666015625,0.902587890625,-0.183349609375,-4.0283203125,15.19775390625,2.25830078125,-0.544677734375,0.423583984375,0.533203125,26.611328125,15.13671875,5.859375,-0.006591796875,-0.987548828125,-0.172607421875,2.5634765625,13.48876953125,0.6103515625,-0.620361328125,-0.51416015625,0.578857421875,-49.74365234375,8.6669921875,-2.62451171875,-0.9736328125,0.00341796875,0.112060546875,-56.2744140625,24.84130859375,-28.13720703125,-7.689971376099169,-0.7539202879593621
2022-06-09 15:29:07.010056960,-0.899169921875,-0.08203125,-0.594970703125,-6.2255859375,78.30810546875,-1.5869140625,0.06640625,0.892822265625,-0.1904296875,-3.662109375,17.08984375,2.5634765625,-0.533935546875,0.405029296875,0.53271484375,28.1982421875,19.10400390625,11.29150390625,0.03076171875,-1.01025390625,-0.183349609375,2.38037109375,16.90673828125,1.64794921875,-0.613525390625,-0.515869140625,0.546142578125,-53.40576171875,10.55908203125,-6.8359375,-0.974365234375,0.006591796875,0.111083984375,-56.2744140625,24.35302734375,-28.1982421875,-7.72133390556828,-1.1222546050735307
2022-06-09 15:29:07.020217856,-0.935302734375,-0.0810546875,-0.6318359375,-8.23974609375,75.13427734375,-2.685546875,0.02392578125,0.89501953125,-0.1728515625,-3.84521484375,19.775390625,2.685546875,-0.5693359375,0.391845703125,0.542236328125,30.45654296875,22.3388671875,17.51708984375,0.09765625,-1.068603515625,-0.109375,2.8076171875,21.17919921875,0.06103515625,-0.56396484375,-0.527587890625,0.5078125,-54.931640625,11.5966796875,-12.39013671875,-0.969970703125,0.00732421875,0.111083984375,-56.21337890625,23.98681640625,-28.1982421875,-7.706745114867751,-1.5614844311821932
2022-06-09 15:29:07.030378752,-0.9697265625,-0.077392578125,-0.659912109375,-10.19287109375,69.15283203125,-4.21142578125,-0.037841796875,0.900390625,-0.114013671875,-5.126953125,23.5595703125,2.8076171875,-0.60400390625,0.374267578125,0.55615234375,33.63037109375,21.54541015625,23.0712890625,0.050537109375,-1.07421875,-0.082275390625,2.62451171875,19.8974609375,-3.7841796875,-0.504150390625,-0.5341796875,0.49267578125,-54.74853515625,14.83154296875,-20.93505859375,-0.966552734375,0.005615234375,0.114501953125,-56.33544921875,24.23095703125,-28.25927734375,-7.642333395460667,-2.0746435950767292
2022-06-09 15:29:07.040539392,-1.004638671875,-0.07666015625,-0.68896484375,-11.53564453125,62.1337890625,-6.04248046875,-0.101318359375,0.88720703125,-0.0927734375,-6.2255859375,25.2685546875,3.23486328125,-0.64013671875,0.363525390625,0.572509765625,37.59765625,19.1650390625,28.38134765625,-0.0478515625,-1.00830078125,-0.094970703125,1.5869140625,12.939453125,-5.126953125,-0.480712890625,-0.52880859375,0.484130859375,-54.26025390625,22.52197265625,-34.0576171875,-0.967041015625,0.004638671875,0.111572265625,-56.396484375,24.84130859375,-28.3203125,-7.504989004769549,-2.660420357801641
2022-06-09 15:29:07.050700544,-1.047607421875,-0.067138671875,-0.7265625,-11.5966796875,56.82373046875,-8.11767578125,-0.13427734375,0.896240234375,-0.11181640625,-4.82177734375,20.1416015625,3.173828125,-0.695556640625,0.377197265625,0.655029296875,42.6025390625,16.7236328125,32.65380859375,-0.110595703125,-0.9482421875,-0.08642578125,-0.244140625,7.62939453125,-4.57763671875,-0.60107421875,-0.498291015625,0.565673828125,-56.09130859375,26.7333984375,-49.4384765625,-0.971435546875,0.008056640625,0.11328125,-56.33544921875,25.20751953125,-28.3203125,-7.260451020417673,-3.3167035587371494
2022-06-09 15:29:07.060861184,-1.087890625,-0.05615234375,-0.78173828125,-11.962890625,52.06298828125,-10.19287109375,-0.085693359375,0.888916015625,-0.1767578125,-0.3662109375,8.11767578125,3.11279296875,-0.826904296875,0.453125,0.847412109375,46.56982421875,16.90673828125,34.97314453125,-0.147216796875,-0.91552734375,-0.05908203125,-1.3427734375,5.4931640625,-4.08935546875,-0.89794921875,-0.57373046875,0.76171875,-66.95556640625,20.93505859375,-60.1806640625,-0.97509765625,0.007080078125,0.110595703125,-56.396484375,25.0244140625,-28.1982421875,-6.877099896167682,-4.029450623417594
2022-06-09 15:29:07.071022080,-1.11328125,-0.037353515625,-0.843994140625,-13.61083984375,42.236328125,-12.0849609375,0.026123046875,0.86865234375,-0.208251953125,5.43212890625,-3.173828125,3.11279296875,-0.934814453125,0.5673828125,1.018798828125,48.583984375,19.04296875,33.3251953125,-0.118408203125,-0.90966796875,-0.075927734375,-3.0517578125,4.150390625,-1.708984375,-1.278564453125,-0.791748046875,1.216796875,-71.35009765625,12.939453125,-60.791015625,-0.972412109375,0.005615234375,0.11181640625,-56.33544921875,24.47509765625,-28.13720703125,-6.400014354855715,-4.764033020938081
2022-06-09 15:29:07.081182976,-1.106201171875,-0.0283203125,-0.898193359375,-16.05224609375,28.564453125,-14.09912109375,0.078857421875,0.896484375,-0.130859375,6.34765625,-0.9765625,3.173828125,-0.87158203125,0.64404296875,1.04833984375,48.7060546875,20.93505859375,30.70068359375,-0.059326171875,-0.952880859375,-0.124755859375,-5.126953125,2.13623046875,0.79345703125,-1.1318359375,-0.681640625,1.06201171875,-65.73486328125,12.75634765625,-55.5419921875,-0.9697265625,0.00634765625,0.11279296875,-56.33544921875,24.23095703125,-28.13720703125,-5.943794409245385,-5.487904493487902
2022-06-09 15:29:07.091343616,-1.077392578125,-0.03369140625,-0.9443359375,-17.822265625,19.4091796875,-16.2353515625,-0.02685546875,0.85693359375,-0.123779296875,4.08935546875,5.37109375,2.8076171875,-0.713623046875,0.62060546875,0.888671875,44.921875,28.62548828125,31.494140625,0.050537109375,-1.031005859375,-0.2021484375,-5.18798828125,-2.01416015625,2.0751953125,-0.75341796875,-0.5166015625,0.68359375,-66.5283203125,8.85009765625,-49.560546875,-0.96728515625,0.007080078125,0.111572265625,-56.396484375,24.35302734375,-28.076171875,-5.543598671533845,-6.1961516995281585
2022-06-09 15:29:07.101504512,-1.036865234375,-0.053466796875,-0.9755859375,-19.53125,18.61572265625,-17.76123046875,-0.06396484375,0.800537109375,-0.191162109375,5.126953125,3.662109375,2.38037109375,-0.581787109375,0.47900390625,0.604736328125,38.9404296875,41.3818359375,32.04345703125,0.0791015625,-1.02685546875,-0.1865234375,-3.84521484375,-4.638671875,3.2958984375,-0.48388671875,-0.47314453125,0.427978515625,-77.08740234375,5.4931640625,-49.4384765625,-0.970947265625,0.006103515625,0.109375,-56.33544921875,24.7802734375,-28.076171875,-5.123428469957691,-6.88637402962482
2022-06-09 15:29:07.111665152,-1.00439453125,-0.064697265625,-1.006591796875,-21.42333984375,26.42822265625,-18.24951171875,-0.0126953125,0.865234375,-0.23486328125,7.75146484375,-0.6103515625,3.0517578125,-0.621337890625,0.43310546875,0.45166015625,42.78564453125,46.56982421875,35.0341796875,0.0380859375,-0.990966796875,-0.121337890625,-1.708984375,-1.15966796875,1.5869140625,-0.46533203125,-0.5712890625,0.3994140625,-90.51513671875,7.26318359375,-48.64501953125,-0.97314453125,0.0068359375,0.107421875,-56.33544921875,25.0244140625,-28.13720703125,-4.619359470138692,-7.5867452642382665
2022-06-09 15:29:07.121826048,-0.98291015625,-0.078125,-1.0546875,-22.76611328125,36.80419921875,-18.00537109375,0.072998046875,0.9970703125,-0.18603515625,7.01904296875,-2.5634765625,4.69970703125,-0.760986328125,0.575927734375,0.483642578125,52.06298828125,44.37255859375,36.31591796875,0.029541015625,-0.99951171875,-0.190673828125,0.30517578125,0.79345703125,0.18310546875,-0.6318359375,-0.771728515625,0.5419921875,-103.33251953125,5.4931640625,-44.921875,-0.973388671875,0.007568359375,0.111572265625,-56.396484375,23.86474609375,-28.1982421875,-4.036189084230818,-8.33841719406356
2022-06-09 15:29:07.131987200,-0.953125,-0.11474609375,-1.10693359375,-23.193359375,41.56494140625,-17.51708984375,0.13623046875,1.00927734375,-0.160400390625,3.7841796875,-0.732421875,7.4462890625,-0.839599609375,0.71728515625,0.491943359375,56.33544921875,37.4755859375,36.56005859375,0.05859375,-1.051025390625,-0.2646484375,2.0751953125,0.91552734375,-2.38037109375,-0.663330078125,-0.91650390625,0.697021484375,-108.88671875,-12.0849609375,-41.93115234375,-0.96728515625,0.00634765625,0.113037109375,-56.396484375,23.62060546875,-28.3203125,-3.408563883525485,-9.129476452023729
2022-06-09 15:29:07.142147840,-0.895263671875,-0.135009765625,-1.120849609375,-20.69091796875,40.10009765625,-16.66259765625,0.153076171875,0.99365234375,-0.169677734375,1.77001953125,0.91552734375,9.8876953125,-0.760009765625,0.712158203125,0.44677734375,55.48095703125,23.25439453125,38.87939453125,0.0107421875,-1.0673828125,-0.244140625,2.62451171875,1.708984375,-4.8828125,-0.471435546875,-0.978515625,0.782958984375,-108.642578125,-38.87939453125,-41.748046875,-0.966796875,0.005859375,0.109375,-56.33544921875,24.23095703125,-28.25927734375,-2.7677362937105983,-8.816420605229114
2022-06-09 15:29:07.152308736,-0.822021484375,-0.13427734375,-1.10498046875,-15.56396484375,38.51318359375,-14.5263671875,0.115478515625,1.00732421875,-0.188232421875,-0.48828125,0.732421875,11.77978515625,-0.65869140625,0.69189453125,0.463134765625,57.4951171875,12.39013671875,41.44287109375,0.078125,-1.1748046875,-0.086669921875,6.53076171875,4.7607421875,-9.58251953125,-0.21728515625,-0.918212890625,0.75048828125,-98.57177734375,-46.7529296875,-37.7197265625,-0.969970703125,0.004638671875,0.111328125,-56.2744140625,24.84130859375,-28.25927734375,-2.17096939693835,-8.414615367874418
2022-06-09 15:29:07.162469376,-0.75341796875,-0.137451171875,-1.0869140625,-9.94873046875,39.97802734375,-10.92529296875,0.06591796875,0.9833984375,-0.19140625,-3.7841796875,1.708984375,13.24462890625,-0.63720703125,0.7451171875,0.54052734375,61.03515625,6.2255859375,44.43359375,0.107666015625,-1.11669921875,-0.087158203125,7.32421875,7.14111328125,-11.8408203125,-0.0625,-0.812744140625,0.64306640625,-87.21923828125,-25.08544921875,-26.91650390625,-0.97314453125,0.005615234375,0.109130859375,-56.21337890625,24.7802734375,-28.25927734375,-1.6957810092540804,-7.971295229379503
2022-06-09 15:29:07.172630272,-0.69921875,-0.14599609375,-1.08544921875,-5.2490234375,41.44287109375,-6.34765625,0.068603515625,0.96435546875,-0.181396484375,-6.40869140625,2.62451171875,14.16015625,-0.582275390625,0.766357421875,0.58837890625,60.24169921875,1.89208984375,44.86083984375,0.10009765625,-1.0517578125,-0.16943359375,7.62939453125,5.67626953125,-13.12255859375,-0.1826171875,-0.799560546875,0.58544921875,-80.56640625,14.58740234375,-18.9208984375,-0.9736328125,0.0068359375,0.10888671875,-56.09130859375,24.2919921875,-28.1982421875,-1.3448093352071915,-7.502934378589404
2022-06-09 15:29:07.182791168,-0.684814453125,-0.118408203125,-1.109130859375,0.48828125,43.5791015625,-2.685546875,0.089111328125,0.963623046875,-0.17724609375,-7.75146484375,2.62451171875,15.0146484375,-0.536376953125,0.72900390625,0.57177734375,55.908203125,3.47900390625,43.0908203125,0.100830078125,-1.0400390625,-0.18896484375,7.568359375,2.5634765625,-12.8173828125,-0.4287109375,-0.833740234375,0.52880859375,-77.08740234375,45.7763671875,-15.7470703125,-0.968994140625,0.005126953125,0.11083984375,-56.0302734375,24.10888671875,-28.25927734375,-1.0621006674499398,-7.050490122644699
2022-06-09 15:29:07.192951808,-0.717529296875,-0.091552734375,-1.1376953125,4.08935546875,47.8515625,-0.244140625,0.085693359375,0.94677734375,-0.15869140625,-9.21630859375,1.52587890625,15.44189453125,-0.56298828125,0.6728515625,0.51123046875,52.42919921875,9.70458984375,41.3818359375,0.109375,-1.0556640625,-0.1591796875,8.85009765625,1.28173828125,-12.87841796875,-0.56640625,-0.862060546875,0.450439453125,-75.01220703125,51.69677734375,-15.380859375,-0.96875,0.006103515625,0.109375,-56.09130859375,24.4140625,-28.25927734375,-0.8031398627447359,-6.630160303099104
2022-06-09 15:29:07.203112960,-0.783447265625,-0.07861328125,-1.150390625,8.36181640625,47.119140625,1.89208984375,0.087890625,0.963623046875,-0.137939453125,-10.25390625,-0.48828125,15.68603515625,-0.599853515625,0.65185546875,0.470947265625,52.978515625,14.46533203125,40.10009765625,0.09912109375,-1.069580078125,-0.126220703125,10.1318359375,2.3193359375,-12.75634765625,-0.592041015625,-0.87353515625,0.388916015625,-72.69287109375,45.22705078125,-15.07568359375,-0.972412109375,0.006591796875,0.107421875,-55.96923828125,24.5361328125,-28.3203125,-0.5530707410614468,-6.22731824481492
2022-06-09 15:29:07.213273600,-0.82568359375,-0.042724609375,-1.1455078125,13.24462890625,32.71484375,3.72314453125,0.0732421875,0.966064453125,-0.133544921875,-10.55908203125,-3.2958984375,16.17431640625,-0.65234375,0.68310546875,0.464111328125,56.7626953125,15.380859375,39.1845703125,0.094970703125,-1.069580078125,-0.12060546875,10.009765625,2.5634765625,-12.20703125,-0.61083984375,-0.905517578125,0.35205078125,-71.533203125,41.6259765625,-16.05224609375,-0.971435546875,0.0078125,0.10986328125,-55.96923828125,24.5361328125,-28.4423828125,-0.3036970510392756,-5.81993271825779
2022-06-09 15:29:07.223434496,-0.819580078125,-0.03564453125,-1.13916015625,11.53564453125,18.06640625,4.8828125,0.058837890625,0.957275390625,-0.14111328125,-10.498046875,-6.53076171875,16.78466796875,-0.697021484375,0.727783203125,0.43310546875,61.95068359375,13.3056640625,31.1279296875,0.091796875,-1.060546875,-0.1279296875,10.19287109375,1.3427734375,-12.0849609375,-0.682373046875,-0.924560546875,0.29443359375,-69.27490234375,40.6494140625,-17.7001953125,-0.972900390625,0.008056640625,0.1083984375,-55.908203125,24.35302734375,-28.564453125,-0.04756058168898036,-5.426008795122069
2022-06-09 15:29:07.233595392,-0.82421875,-0.039794921875,-1.096435546875,8.72802734375,11.90185546875,5.43212890625,0.06982421875,0.9599609375,-0.151123046875,-10.1318359375,-9.6435546875,17.39501953125,-0.699951171875,0.746337890625,0.4365234375,64.63623046875,11.3525390625,27.40478515625,0.103759765625,-1.074951171875,-0.126220703125,9.8876953125,0.06103515625,-11.77978515625,-0.746337890625,-0.94091796875,0.24853515625,-67.3828125,37.17041015625,-19.287109375,-0.97119140625,0.0078125,0.10791015625,-55.96923828125,24.169921875,-28.564453125,0.215001843191299,-5.060765858687613
2022-06-09 15:29:07.243756032,-0.8466796875,-0.04833984375,-1.088623046875,5.615234375,10.8642578125,5.7373046875,0.08935546875,0.96044921875,-0.1552734375,-10.498046875,-10.80322265625,17.822265625,-0.6513671875,0.756103515625,0.425048828125,65.85693359375,9.8876953125,22.4609375,0.091552734375,-1.06494140625,-0.11962890625,10.07080078125,0.1220703125,-11.71875,-0.75341796875,-0.958984375,0.183837890625,-66.10107421875,31.005859375,-22.03369140625,-0.970458984375,0.006591796875,0.115234375,-56.21337890625,23.86474609375,-28.564453125,0.4912911410187739,-4.72068446855756
2022-06-09 15:29:07.253916928,-0.87353515625,-0.0673828125,-1.118896484375,1.77001953125,10.498046875,5.4931640625,0.09521484375,0.94482421875,-0.156494140625,-11.3525390625,-10.80322265625,17.88330078125,-0.573486328125,0.741943359375,0.40673828125,66.10107421875,10.7421875,18.12744140625,0.095458984375,-1.0537109375,-0.1240234375,10.009765625,0.9765625,-11.71875,-0.732177734375,-0.966064453125,0.17578125,-63.3544921875,26.18408203125,-25.87890625,-0.966796875,0.006591796875,0.114501953125,-56.15234375,23.74267578125,-28.564453125,0.7865629251771225,-4.414774743650646
2022-06-09 15:29:07.264077568,-0.89013671875,-0.10009765625,-1.144287109375,-2.13623046875,6.65283203125,4.33349609375,0.091552734375,0.94775390625,-0.156982421875,-11.8408203125,-10.80322265625,17.76123046875,-0.53271484375,0.733642578125,0.408935546875,66.71142578125,14.22119140625,15.0146484375,0.09716796875,-1.047119140625,-0.12939453125,9.58251953125,1.28173828125,-11.71875,-0.685546875,-0.95263671875,0.2080078125,-59.2041015625,24.90234375,-28.50341796875,-0.966064453125,0.0078125,0.111083984375,-56.15234375,24.35302734375,-28.50341796875,1.0901830771240633,-4.136715771114254
2022-06-09 15:29:07.274238464,-0.88427734375,-0.125732421875,-1.147216796875,-3.60107421875,0.732421875,2.25830078125,0.08740234375,0.9560546875,-0.14404296875,-12.02392578125,-10.6201171875,17.51708984375,-0.5126953125,0.7490234375,0.42529296875,67.56591796875,17.27294921875,12.8173828125,0.081298828125,-1.045166015625,-0.13671875,9.82666015625,0.79345703125,-11.5966796875,-0.67333984375,-0.9287109375,0.25927734375,-54.6875,28.076171875,-32.5927734375,-0.973388671875,0.008056640625,0.113037109375,-56.09130859375,25.0244140625,-28.4423828125,1.396613253493367,-3.875783427768919
2022-06-09 15:29:07.284399616,-0.875,-0.139404296875,-1.146728515625,-3.11279296875,-3.5400390625,-0.244140625,0.0888671875,0.95361328125,-0.12890625,-11.65771484375,-10.07080078125,17.578125,-0.4892578125,0.77392578125,0.43017578125,68.4814453125,19.22607421875,12.02392578125,0.083251953125,-1.054443359375,-0.142578125,10.19287109375,-0.42724609375,-11.53564453125,-0.66748046875,-0.90771484375,0.296142578125,-50.9033203125,31.73828125,-36.62109375,-0.977783203125,0.0087890625,0.112548828125,-56.09130859375,24.658203125,-28.38134765625,1.7119860562961335,-3.6212400986438116
2022-06-09 15:29:07.294560256,-0.869873046875,-0.1494140625,-1.1455078125,-1.708984375,-7.38525390625,-2.25830078125,0.08740234375,0.947265625,-0.123291015625,-11.16943359375,-9.8876953125,17.7001953125,-0.46142578125,0.794189453125,0.428955078125,68.90869140625,21.54541015625,12.3291015625,0.066650390625,-1.042724609375,-0.1337890625,10.68115234375,-0.8544921875,-11.65771484375,-0.641357421875,-0.8857421875,0.32568359375,-47.66845703125,32.53173828125,-40.771484375,-0.9755859375,0.0048828125,0.111572265625,-56.09130859375,23.62060546875,-28.38134765625,2.040568136403806,-3.3634659472440163
2022-06-09 15:29:07.304721152,-0.864013671875,-0.16357421875,-1.13671875,0.8544921875,-11.65771484375,-3.41796875,0.08251953125,0.941162109375,-0.128173828125,-10.498046875,-9.82666015625,17.76123046875,-0.438720703125,0.8134765625,0.419189453125,68.78662109375,25.5126953125,13.24462890625,0.05078125,-1.037353515625,-0.130615234375,11.41357421875,-0.6103515625,-11.962890625,-0.616455078125,-0.87158203125,0.338623046875,-44.921875,32.16552734375,-44.61669921875,-0.96875,0.004150390625,0.111572265625,-56.2744140625,22.94921875,-28.3203125,2.384858929830976,-3.0979762841998824
2022-06-09 15:29:07.314881792,-0.861083984375,-0.17138671875,-1.121826171875,5.126953125,-14.70947265625,-4.08935546875,0.088134765625,0.9443359375,-0.125732421875,-9.8876953125,-10.009765625,17.7001953125,-0.4365234375,0.8349609375,0.406494140625,69.091796875,31.3720703125,14.46533203125,0.077392578125,-1.0517578125,-0.11962890625,11.474609375,-0.54931640625,-11.962890625,-0.591796875,-0.86279296875,0.3291015625,-43.45703125,31.1279296875,-47.18017578125,-0.9658203125,0.0048828125,0.113037109375,-56.21337890625,23.37646484375,-28.3203125,2.7446376538168664,-2.8215202842772786
2022-06-09 15:29:07.325042688,-0.86328125,-0.156494140625,-1.101318359375,10.68115234375,-15.9912109375,-4.08935546875,0.097900390625,0.946533203125,-0.127685546875,-9.27734375,-10.6201171875,17.63916015625,-0.425048828125,0.859130859375,0.396240234375,70.37353515625,37.2314453125,16.29638671875,0.07470703125,-1.036865234375,-0.11669921875,11.23046875,0.0,-12.14599609375,-0.58251953125,-0.85791015625,0.34912109375,-44.0673828125,28.564453125,-49.8046875,-0.967041015625,0.00390625,0.111572265625,-56.09130859375,24.0478515625,-28.3203125,3.126548425719715,-2.52699146595012
2022-06-09 15:29:07.335204352,-0.86767578125,-0.154296875,-1.0771484375,15.625,-18.49365234375,-3.35693359375,0.17236328125,0.941162109375,-0.12109375,-7.62939453125,-12.3291015625,15.380859375,-0.406982421875,0.885986328125,0.386962890625,72.81494140625,43.51806640625,18.12744140625,0.132080078125,-1.035888671875,-0.108642578125,10.80322265625,-0.244140625,-10.43701171875,-0.565185546875,-0.89697265625,0.35888671875,-48.2177734375,25.81787109375,-51.08642578125,-0.970458984375,0.0029296875,0.113037109375,-55.96923828125,24.169921875,-28.38134765625,3.544823981539995,-2.2068083214791656
2022-06-09 15:29:07.345366016,-0.871337890625,-0.13720703125,-1.042724609375,21.78955078125,-23.0712890625,-2.197265625,0.158935546875,0.926025390625,-0.11083984375,-6.591796875,-12.51220703125,13.24462890625,-0.387451171875,0.916748046875,0.363525390625,75.74462890625,52.978515625,18.61572265625,0.1201171875,-1.040771484375,-0.10498046875,10.986328125,0.0,-9.1552734375,-0.526611328125,-0.93798828125,0.33935546875,-51.81884765625,24.2919921875,-51.94091796875,-0.9697265625,0.00341796875,0.113037109375,-55.84716796875,24.10888671875,-28.50341796875,4.002850496753354,-1.863316415245757
2022-06-09 15:29:07.355527424,-0.87060546875,-0.109375,-1.007080078125,27.40478515625,-27.4658203125,-0.8544921875,0.162841796875,0.924560546875,-0.092529296875,-5.55419921875,-11.65771484375,10.986328125,-0.364990234375,0.947998046875,0.311279296875,78.79638671875,65.73486328125,19.71435546875,0.1357421875,-1.051513671875,-0.107177734375,11.16943359375,0.54931640625,-7.50732421875,-0.52197265625,-0.967529296875,0.327392578125,-53.16162109375,23.74267578125,-55.2978515625,-0.96826171875,0.00439453125,0.114501953125,-55.96923828125,24.0478515625,-28.564453125,4.498379318918051,-1.498869850069653
2022-06-09 15:29:07.365689088,-0.876953125,-0.08984375,-0.977783203125,31.005859375,-30.2734375,0.67138671875,0.162109375,0.93115234375,-0.08984375,-4.0283203125,-9.94873046875,8.9111328125,-0.366943359375,0.981689453125,0.2587890625,79.7119140625,80.2001953125,21.66748046875,0.14306640625,-1.03955078125,-0.108642578125,11.41357421875,1.28173828125,-5.859375,-0.53369140625,-0.948974609375,0.332763671875,-54.6875,16.41845703125,-57.9833984375,-0.966064453125,0.00390625,0.112548828125,-55.908203125,24.0478515625,-28.62548828125,5.030767060377883,-1.112859345614039
2022-06-09 15:29:07.375850752,-0.8837890625,-0.07080078125,-0.949462890625,33.63037109375,-32.3486328125,1.89208984375,0.134521484375,0.932861328125,-0.088623046875,-2.01416015625,-9.09423828125,6.8359375,-0.369384765625,1.022216796875,0.210693359375,77.20947265625,97.0458984375,23.193359375,0.130126953125,-1.04443359375,-0.103515625,12.02392578125,3.5400390625,-4.2724609375,-0.509765625,-0.987060546875,0.30712890625,-63.04931640625,6.04248046875,-54.19921875,-0.96630859375,0.005126953125,0.1142578125,-55.908203125,24.4140625,-28.62548828125,5.597242073594522,-0.7182993322261666
2022-06-09 15:29:07.386012416,-0.894775390625,-0.04638671875,-0.92724609375,34.912109375,-34.0576171875,3.11279296875,0.149169921875,0.9375,-0.0849609375,0.42724609375,-9.1552734375,4.7607421875,-0.380615234375,1.0732421875,0.181396484375,69.9462890625,117.1875,22.705078125,0.128662109375,-1.058837890625,-0.098388671875,12.02392578125,6.77490234375,-2.74658203125,-0.44189453125,-1.05322265625,0.27392578125,-70.49560546875,0.18310546875,-55.60302734375,-0.967041015625,0.0068359375,0.11328125,-55.96923828125,24.96337890625,-28.564453125,6.21315799570964,-0.34758453546779045
2022-06-09 15:29:07.396174080,-0.90234375,-0.015869140625,-0.90966796875,35.2783203125,-36.07177734375,4.39453125,0.163818359375,0.931396484375,-0.089111328125,3.41796875,-9.33837890625,2.74658203125,-0.393310546875,1.12841796875,0.18115234375,55.60302734375,140.380859375,20.8740234375,0.151611328125,-1.048095703125,-0.0947265625,11.3525390625,8.48388671875,-1.3427734375,-0.382568359375,-1.10986328125,0.220458984375,-75.01220703125,0.0,-57.92236328125,-0.970703125,0.006591796875,0.110107421875,-56.0302734375,25.2685546875,-28.4423828125,6.887820973176282,-0.04653513779185303
2022-06-09 15:29:07.406335232,-0.90283203125,0.023681640625,-0.884033203125,34.24072265625,-38.9404296875,5.7373046875,0.152587890625,0.927490234375,-0.089111328125,6.34765625,-9.46044921875,0.42724609375,-0.433349609375,1.18017578125,0.148681640625,36.68212890625,158.63037109375,20.99609375,0.13671875,-1.043212890625,-0.107421875,11.474609375,8.85009765625,0.0,-0.33740234375,-1.1513671875,0.183837890625,-75.68359375,5.31005859375,-56.57958984375,-0.9736328125,0.008056640625,0.110595703125,-56.0302734375,25.0244140625,-28.38134765625,7.587397756591603,0.15686649876241
2022-06-09 15:29:07.416496896,-0.892578125,0.051513671875,-0.855712890625,29.541015625,-42.1142578125,7.01904296875,0.141357421875,0.922119140625,-0.092041015625,9.3994140625,-9.27734375,-2.13623046875,-0.44482421875,1.215576171875,0.078369140625,18.73779296875,165.52734375,26.67236328125,0.118896484375,-1.04833984375,-0.109619140625,12.0849609375,9.09423828125,1.3427734375,-0.3359375,-1.2021484375,0.16015625,-73.8525390625,15.31982421875,-54.99267578125,-0.973388671875,0.006103515625,0.111328125,-56.09130859375,24.5361328125,-28.25927734375,8.275142277011533,0.2854072683866029
2022-06-09 15:29:07.426658560,-0.87109375,0.076904296875,-0.817138671875,23.01025390625,-45.47119140625,8.23974609375,0.140625,0.9189453125,-0.1005859375,12.20703125,-8.9111328125,-4.2724609375,-0.4482421875,1.24755859375,0.0576171875,7.2021484375,158.203125,37.78076171875,0.11865234375,-1.04931640625,-0.11279296875,12.6953125,8.9111328125,2.197265625,-0.323486328125,-1.24658203125,0.12890625,-69.15283203125,28.50341796875,-52.30712890625,-0.972900390625,0.005859375,0.11572265625,-56.15234375,24.169921875,-28.13720703125,8.927210288807252,0.40509343707936907
2022-06-09 15:29:07.436820224,-0.8525390625,0.09326171875,-0.790283203125,15.44189453125,-48.76708984375,9.033203125,0.146240234375,0.9248046875,-0.105712890625,14.58740234375,-8.056640625,-6.28662109375,-0.463623046875,1.257568359375,0.05908203125,5.92041015625,148.37646484375,49.01123046875,0.11865234375,-1.052490234375,-0.1142578125,13.36669921875,9.33837890625,2.62451171875,-0.312744140625,-1.286376953125,0.1064453125,-63.8427734375,44.7998046875,-48.76708984375,-0.9677734375,0.00439453125,0.115966796875,-56.21337890625,24.10888671875,-28.13720703125,9.52399561478082,0.5816023991011523
2022-06-09 15:29:07.446981888,-0.822021484375,0.09326171875,-0.791259765625,6.9580078125,-49.9267578125,10.25390625,0.146240234375,0.916259765625,-0.1162109375,16.4794921875,-7.32421875,-8.23974609375,-0.4609375,1.2666015625,0.040771484375,24.35302734375,135.009765625,62.98828125,0.11279296875,-1.049072265625,-0.11474609375,14.2822265625,10.55908203125,2.9296875,-0.31494140625,-1.326171875,0.102294921875,-59.08203125,63.4765625,-45.8984375,-0.9697265625,0.005859375,0.116455078125,-56.21337890625,24.4140625,-28.13720703125,10.06420269637859,0.9026370975292757
2022-06-09 15:29:07.457143296,-0.818115234375,0.05615234375,-0.788818359375,-2.44140625,-52.55126953125,11.8408203125,0.152587890625,0.921142578125,-0.12646484375,18.4326171875,-7.2021484375,-10.19287109375,-0.471923828125,1.372314453125,0.09130859375,59.4482421875,117.73681640625,79.1015625,0.11279296875,-1.05908203125,-0.10107421875,15.0146484375,11.41357421875,3.2958984375,-0.371337890625,-1.36669921875,0.11376953125,-59.14306640625,80.13916015625,-47.9736328125,-0.97021484375,0.00634765625,0.115478515625,-56.15234375,24.84130859375,-28.3203125,10.586780291997801,1.4810822817630651
2022-06-09 15:29:07.467304960,-0.799072265625,0.053466796875,-0.78466796875,-7.2021484375,-58.2275390625,13.36669921875,0.125244140625,0.919677734375,-0.124755859375,19.71435546875,-6.65283203125,-11.71875,-0.479736328125,1.472412109375,0.14990234375,65.5517578125,105.65185546875,83.984375,0.08642578125,-1.05859375,-0.092529296875,16.05224609375,11.962890625,2.99072265625,-0.476806640625,-1.387451171875,0.120361328125,-67.32177734375,85.205078125,-54.38232421875,-0.972412109375,0.004150390625,0.114013671875,-56.21337890625,24.90234375,-28.4423828125,11.170377850195333,2.24434306194466
2022-06-09 15:29:07.477466624,-0.762451171875,0.032470703125,-0.789794921875,-15.0146484375,-62.43896484375,14.70947265625,0.106689453125,0.916259765625,-0.125732421875,20.44677734375,-5.7373046875,-12.75634765625,-0.523681640625,1.46044921875,0.11376953125,45.59326171875,100.09765625,83.31298828125,0.05126953125,-1.06201171875,-0.089111328125,17.15087890625,11.53564453125,2.0751953125,-0.60693359375,-1.439208984375,0.0859375,-84.3505859375,72.20458984375,-63.78173828125,-0.969970703125,0.00390625,0.11376953125,-56.15234375,24.35302734375,-28.564453125,11.900322324881405,2.9773149899563904
2022-06-09 15:29:07.487628288,-0.737060546875,-0.005859375,-0.76416015625,-21.240234375,-61.21826171875,14.6484375,0.08837890625,0.8984375,-0.145751953125,20.93505859375,-4.94384765625,-13.24462890625,-0.56201171875,1.43408203125,0.06494140625,33.5693359375,96.435546875,84.228515625,0.014892578125,-1.06494140625,-0.08203125,18.00537109375,10.3759765625,0.54931640625,-0.6298828125,-1.476806640625,0.024658203125,-85.14404296875,49.560546875,-68.29833984375,-0.967041015625,0.00732421875,0.11474609375,-56.15234375,24.10888671875,-28.564453125,12.743528267331676,3.615589171595129
2022-06-09 15:29:07.497789952,-0.742431640625,-0.049072265625,-0.72998046875,-25.390625,-57.6171875,13.5498046875,0.09130859375,0.915283203125,-0.161376953125,21.30126953125,-5.18798828125,-13.427734375,-0.62939453125,1.478515625,-0.001708984375,36.43798828125,78.4912109375,92.95654296875,-0.020263671875,-1.065673828125,-0.08056640625,19.287109375,9.94873046875,-1.708984375,-0.520263671875,-1.420166015625,0.00048828125,-70.86181640625,45.83740234375,-64.02587890625,-0.96630859375,0.005615234375,0.1142578125,-56.2744140625,24.35302734375,-28.564453125,13.540194529731302,4.2582155596782165
2022-06-09 15:29:07.507951360,-0.760009765625,-0.056884765625,-0.7060546875,-26.42822265625,-59.5703125,12.0849609375,0.087158203125,0.916259765625,-0.162353515625,20.263671875,-4.94384765625,-13.36669921875,-0.674072265625,1.501220703125,-0.041259765625,36.9873046875,44.5556640625,100.64697265625,-0.056640625,-1.07373046875,-0.082763671875,20.3857421875,10.68115234375,-5.0048828125,-0.363037109375,-1.430908203125,0.094482421875,-65.185546875,70.556640625,-55.419921875,-0.96826171875,0.00439453125,0.113037109375,-56.45751953125,25.08544921875,-28.50341796875,14.218259424629274,4.9668447580662125
2022-06-09 15:29:07.518113024,-0.756591796875,-0.065673828125,-0.6923828125,-28.50341796875,-70.1904296875,10.7421875,0.1005859375,0.925048828125,-0.19580078125,19.1650390625,-5.67626953125,-13.61083984375,-0.632080078125,1.464111328125,-0.010986328125,28.1982421875,14.58740234375,92.7734375,-0.095947265625,-1.07861328125,-0.078125,21.1181640625,12.20703125,-9.6435546875,-0.39599609375,-1.504150390625,0.095458984375,-64.63623046875,93.26171875,-50.59814453125,-0.97314453125,0.00537109375,0.11328125,-56.33544921875,25.390625,-28.50341796875,14.822544040918789,5.638752941061085
2022-06-09 15:29:07.528274432,-0.723388671875,-0.07275390625,-0.659912109375,-30.45654296875,-82.82470703125,9.765625,0.10546875,0.93603515625,-0.2177734375,17.51708984375,-6.34765625,-14.0380859375,-0.64404296875,1.396484375,0.02099609375,13.73291015625,0.48828125,79.58984375,-0.12890625,-1.1025390625,-0.08056640625,20.69091796875,13.0615234375,-15.07568359375,-0.44580078125,-1.489013671875,0.097900390625,-49.8046875,99.42626953125,-44.37255859375,-0.973388671875,0.004638671875,0.111328125,-56.2744140625,24.84130859375,-28.38134765625,15.330074067708338,6.143990589472896
2022-06-09 15:29:07.538436096,-0.688232421875,-0.08349609375,-0.6015625,-32.89794921875,-87.890625,8.60595703125,0.114990234375,0.923583984375,-0.220947265625,14.70947265625,-6.53076171875,-14.34326171875,-0.656982421875,1.3046875,0.021240234375,0.244140625,-10.31494140625,70.4345703125,-0.125,-1.1064453125,-0.09130859375,20.1416015625,14.2822265625,-20.93505859375,-0.409912109375,-1.36474609375,0.12890625,-28.74755859375,91.4306640625,-36.376953125,-0.970703125,0.004150390625,0.112060546875,-56.33544921875,24.23095703125,-28.1982421875,15.65805658698855,6.465084796580751
2022-06-09 15:29:07.548597760,-0.678466796875,-0.093505859375,-0.550048828125,-35.0341796875,-86.0595703125,7.50732421875,0.09716796875,0.9111328125,-0.233642578125,12.0849609375,-6.16455078125,-14.6484375,-0.629638671875,1.211669921875,0.026123046875,-9.09423828125,-30.94482421875,66.40625,-0.0986328125,-1.1103515625,-0.125,19.10400390625,13.916015625,-26.3671875,-0.385986328125,-1.22998046875,0.15087890625,-15.7470703125,76.7822265625,-28.564453125,-0.968994140625,0.005859375,0.114501953125,-56.33544921875,24.4140625,-28.1982421875,15.806722248286519,6.656110458249522
2022-06-09 15:29:07.558759168,-0.6796875,-0.0869140625,-0.511962890625,-36.0107421875,-86.669921875,6.65283203125,0.060302734375,0.91162109375,-0.229248046875,9.765625,-6.2255859375,-14.70947265625,-0.610107421875,1.120849609375,0.02734375,-17.578125,-57.6171875,62.3779296875,-0.062744140625,-1.155517578125,-0.130126953125,19.22607421875,12.26806640625,-31.8603515625,-0.35595703125,-1.1357421875,0.156005859375,-7.080078125,61.8896484375,-20.3857421875,-0.96923828125,0.005859375,0.1162109375,-56.2744140625,24.90234375,-28.1982421875,15.818202743526285,6.753326048580895
2022-06-09 15:29:07.568920832,-0.66357421875,-0.096435546875,-0.481201171875,-37.17041015625,-93.44482421875,6.16455078125,0.058349609375,0.9248046875,-0.19873046875,7.4462890625,-5.31005859375,-14.58740234375,-0.533203125,1.016357421875,0.012939453125,-27.099609375,-81.84814453125,54.443359375,-0.013671875,-1.196533203125,-0.11669921875,21.54541015625,12.939453125,-37.2314453125,-0.3427734375,-1.060791015625,0.16943359375,3.0517578125,46.69189453125,-12.6953125,-0.973388671875,0.002685546875,0.110595703125,-56.33544921875,24.59716796875,-28.13720703125,15.703347015072524,6.73972096391946
2022-06-09 15:29:07.579082496,-0.62451171875,-0.10302734375,-0.46044921875,-36.7431640625,-101.1962890625,5.92041015625,0.034423828125,0.949951171875,-0.2001953125,5.79833984375,-3.96728515625,-13.85498046875,-0.417236328125,0.91357421875,0.000244140625,-35.15625,-98.44970703125,46.630859375,0.009521484375,-1.22412109375,-0.171875,23.0712890625,14.46533203125,-42.05322265625,-0.3154296875,-0.911376953125,0.200439453125,25.7568359375,20.751953125,1.89208984375,-0.971923828125,0.00244140625,0.109375,-56.2744140625,24.169921875,-28.13720703125,15.390699761293945,6.600602621629836
2022-06-09 15:29:07.589244160,-0.57763671875,-0.108642578125,-0.447998046875,-35.888671875,-103.515625,5.615234375,0.010009765625,0.975341796875,-0.231201171875,6.4697265625,-4.69970703125,-13.427734375,-0.310302734375,0.829345703125,0.00244140625,-40.52734375,-104.248046875,41.259765625,0.08154296875,-1.224853515625,-0.194091796875,26.0009765625,18.4326171875,-46.32568359375,-0.294677734375,-0.849609375,0.203125,34.36279296875,12.8173828125,8.4228515625,-0.96875,0.00390625,0.11279296875,-56.09130859375,24.23095703125,-28.1982421875,14.890301873176284,6.359014234854186
2022-06-09 15:29:07.599405824,-0.5478515625,-0.114501953125,-0.42578125,-34.72900390625,-99.853515625,5.43212890625,0.03955078125,0.968505859375,-0.193115234375,6.04248046875,-2.62451171875,-12.14599609375,-0.242919921875,0.766357421875,0.0107421875,-45.41015625,-101.1962890625,36.0107421875,0.093017578125,-1.27783203125,-0.124267578125,28.99169921875,21.728515625,-49.9267578125,-0.2724609375,-0.795166015625,0.19677734375,42.17529296875,8.48388671875,14.404296875,-0.968505859375,0.00244140625,0.112548828125,-56.15234375,24.59716796875,-28.3203125,14.284686662061453,6.035740760798298
2022-06-09 15:29:07.609567232,-0.53857421875,-0.12646484375,-0.395751953125,-33.75244140625,-95.947265625,5.0048828125,0.114501953125,0.971435546875,-0.17041015625,5.67626953125,1.0986328125,-10.31494140625,-0.218994140625,0.719482421875,0.018798828125,-51.81884765625,-94.3603515625,29.47998046875,-0.122802734375,-1.4208984375,-0.04833984375,31.06689453125,20.44677734375,-52.3681640625,-0.257568359375,-0.752197265625,0.18408203125,49.13330078125,6.53076171875,20.08056640625,-0.969482421875,0.00244140625,0.112548828125,-56.21337890625,24.90234375,-28.38134765625,13.581636472464176,5.624417710733134
2022-06-09 15:29:07.619728896,-0.534912109375,-0.138671875,-0.35205078125,-33.935546875,-94.6044921875,4.33349609375,0.104736328125,0.9326171875,-0.188720703125,5.79833984375,2.86865234375,-9.46044921875,-0.219482421875,0.679931640625,0.028564453125,-58.9599609375,-89.90478515625,23.681640625,-0.10302734375,-1.714111328125,0.112060546875,34.36279296875,17.7001953125,-57.4951171875,-0.23876953125,-0.71728515625,0.17529296875,55.23681640625,7.50732421875,25.08544921875,-0.970703125,0.00244140625,0.111083984375,-56.15234375,25.0244140625,-28.38134765625,12.791306048171812,5.118224289480047
2022-06-09 15:29:07.629890560,-0.526123046875,-0.160400390625,-0.31005859375,-35.0341796875,-95.39794921875,3.5400390625,0.10302734375,0.92529296875,-0.1962890625,6.28662109375,2.685546875,-9.33837890625,-0.22998046875,0.623291015625,0.05517578125,-70.80078125,-95.76416015625,19.10400390625,-0.180908203125,-1.908447265625,0.086181640625,37.78076171875,17.15087890625,-69.4580078125,-0.2255859375,-0.688720703125,0.164306640625,60.24169921875,11.474609375,28.86962890625,-0.972412109375,0.002197265625,0.111328125,-56.21337890625,24.96337890625,-28.3203125,11.92905515406261,4.512967850025753
2022-06-09 15:29:07.640051968,-0.5087890625,-0.17626953125,-0.2685546875,-34.36279296875,-97.22900390625,3.41796875,0.099365234375,0.950927734375,-0.1787109375,6.103515625,3.41796875,-9.521484375,-0.22314453125,0.60107421875,0.076416015625,-75.50048828125,-101.62353515625,18.73779296875,-0.40869140625,-1.902099609375,0.036376953125,35.94970703125,18.49365234375,-85.44921875,-0.219970703125,-0.66455078125,0.15771484375,64.88037109375,18.12744140625,31.67724609375,-0.972412109375,0.006103515625,0.107421875,-56.21337890625,24.7802734375,-28.3203125,11.009423839245052,3.839387151485454
2022-06-09 15:29:07.650213632,-0.487548828125,-0.1875,-0.26220703125,-31.73828125,-97.96142578125,3.72314453125,0.139892578125,0.94873046875,-0.194580078125,4.94384765625,4.69970703125,-9.58251953125,-0.20068359375,0.584228515625,0.09765625,-80.01708984375,-104.6142578125,18.85986328125,-0.7333984375,-1.640380859375,-0.091552734375,30.6396484375,5.06591796875,-96.6796875,-0.223388671875,-0.6376953125,0.150146484375,69.27490234375,25.390625,34.3017578125,-0.969482421875,0.00439453125,0.111572265625,-56.15234375,24.35302734375,-28.25927734375,10.040146937058033,3.1374327494858
2022-06-09 15:29:07.660375040,-0.460205078125,-0.20751953125,-0.291015625,-28.13720703125,-96.25244140625,4.08935546875,0.093994140625,0.925537109375,-0.2236328125,0.79345703125,11.474609375,-8.9111328125,-0.149658203125,0.57275390625,0.119140625,-84.65576171875,-102.72216796875,20.44677734375,-0.811279296875,-1.41650390625,-0.161376953125,21.3623046875,-24.7802734375,-98.69384765625,-0.2294921875,-0.605712890625,0.141357421875,73.2421875,32.04345703125,36.62109375,-0.965576171875,0.003662109375,0.11181640625,-56.09130859375,24.4140625,-28.13720703125,9.026704433981351,2.4276577879034456
2022-06-09 15:29:07.670536704,-0.43408203125,-0.224609375,-0.305419921875,-24.47509765625,-90.6982421875,5.18798828125,0.0810546875,0.922607421875,-0.2138671875,-0.67138671875,16.2353515625,-8.1787109375,-0.114501953125,0.556640625,0.139892578125,-89.53857421875,-94.3603515625,23.25439453125,-0.5107421875,-1.27783203125,-0.22265625,12.26806640625,-49.6826171875,-99.9755859375,-0.233642578125,-0.578125,0.13671875,76.416015625,37.17041015625,38.330078125,-0.968505859375,0.004150390625,0.111083984375,-56.09130859375,25.0244140625,-28.13720703125,7.977190394918104,1.722338701554655
2022-06-09 15:29:07.680698368,-0.403564453125,-0.24462890625,-0.287841796875,-20.44677734375,-84.5947265625,5.18798828125,0.046142578125,0.912109375,-0.218505859375,-1.3427734375,20.751953125,-6.9580078125,-0.095703125,0.5400390625,0.1572265625,-94.6044921875,-79.58984375,26.06201171875,-0.272705078125,-1.2177734375,-0.162841796875,3.11279296875,-63.3544921875,-101.1962890625,-0.232666015625,-0.554443359375,0.121826171875,79.28466796875,40.4052734375,39.4287109375,-0.969970703125,0.00390625,0.11181640625,-56.21337890625,25.390625,-28.076171875,6.899359668285172,1.026494738864102
2022-06-09 15:29:07.690860032,-0.37939453125,-0.26123046875,-0.25439453125,-14.6484375,-76.171875,4.94384765625,-0.00146484375,0.9169921875,-0.205322265625,-1.5869140625,24.59716796875,-5.615234375,-0.078125,0.520751953125,0.168701171875,-99.2431640625,-60.72998046875,28.3203125,-0.05419921875,-1.14208984375,-0.0927734375,-5.18798828125,-64.51416015625,-101.318359375,-0.239013671875,-0.5341796875,0.110107421875,81.54296875,41.748046875,40.22216796875,-0.971923828125,0.00341796875,0.110107421875,-56.15234375,25.32958984375,-28.01513671875,5.799018185888244,0.33880950273249155
2022-06-09 15:29:07.701021696,-0.386474609375,-0.253662109375,-0.238525390625,-6.28662109375,-65.61279296875,5.4931640625,-0.00732421875,0.9345703125,-0.194091796875,-2.25830078125,27.52685546875,-3.7841796875,-0.071044921875,0.5009765625,0.171142578125,-103.21044921875,-38.6962890625,30.6396484375,-0.11083984375,-0.974609375,-0.00830078125,-13.00048828125,-57.31201171875,-96.61865234375,-0.245361328125,-0.522216796875,0.107421875,82.82470703125,41.259765625,40.283203125,-0.97314453125,0.004150390625,0.11279296875,-56.21337890625,24.7802734375,-28.076171875,4.685102836239317,-0.3399664318925453
2022-06-09 15:29:07.711183104,-0.41357421875,-0.2314453125,-0.240234375,2.5634765625,-57.9833984375,6.34765625,0.009033203125,0.937744140625,-0.189208984375,-2.38037109375,30.09033203125,-1.03759765625,-0.0732421875,0.483642578125,0.168701171875,-106.5673828125,-14.2822265625,33.26416015625,-0.475341796875,-0.772216796875,0.13671875,-19.1650390625,-48.9501953125,-87.5244140625,-0.242431640625,-0.51904296875,0.11083984375,83.92333984375,39.85595703125,39.00146484375,-0.970947265625,0.002197265625,0.110595703125,-56.21337890625,24.23095703125,-28.076171875,3.569394929734777,-1.0049467460368753
2022-06-09 15:29:07.721344768,-0.442626953125,-0.19921875,-0.2509765625,9.94873046875,-55.60302734375,7.080078125,-0.001220703125,0.9326171875,-0.164306640625,-1.64794921875,31.3720703125,1.46484375,-0.078369140625,0.469482421875,0.16162109375,-109.19189453125,11.3525390625,35.64453125,-1.21044921875,-0.572265625,0.004150390625,-39.85595703125,-44.0673828125,-39.97802734375,-0.235595703125,-0.518798828125,0.11181640625,85.205078125,38.87939453125,36.9873046875,-0.9658203125,0.0009765625,0.1123046875,-56.21337890625,24.5361328125,-28.1982421875,2.460107652635621,-1.652279152602425
2022-06-09 15:29:07.731506432,-0.463134765625,-0.15869140625,-0.228759765625,17.51708984375,-55.35888671875,8.1787109375,0.0078125,0.921875,-0.174560546875,-0.8544921875,29.72412109375,3.7841796875,-0.090576171875,0.456298828125,0.14892578125,-111.328125,37.4755859375,37.78076171875,-1.202392578125,-0.55615234375,0.192626953125,-55.60302734375,-38.330078125,-9.27734375,-0.23193359375,-0.522705078125,0.114501953125,86.42578125,39.0625,34.0576171875,-0.968017578125,0.0029296875,0.112060546875,-56.21337890625,25.390625,-28.25927734375,1.3637691611055445,-2.280611413411151
2022-06-09 15:29:07.741667328,-0.481201171875,-0.12255859375,-0.189697265625,24.59716796875,-54.01611328125,10.07080078125,0.031982421875,0.91943359375,-0.204345703125,-0.244140625,27.099609375,5.43212890625,-0.111572265625,0.447265625,0.132080078125,-112.6708984375,62.80517578125,39.9169921875,-0.84130859375,-0.636474609375,0.340576171875,-60.4248046875,-25.2685546875,12.3291015625,-0.235107421875,-0.5322265625,0.11572265625,87.0361328125,39.61181640625,30.33447265625,-0.972900390625,0.004150390625,0.111328125,-56.21337890625,25.57373046875,-28.25927734375,0.29002128965856144,-2.887473945535291
2022-06-09 15:29:07.751827968,-0.509765625,-0.090087890625,-0.169677734375,32.65380859375,-49.37744140625,12.8173828125,0.021728515625,0.911376953125,-0.203857421875,-0.79345703125,26.67236328125,6.89697265625,-0.129638671875,0.446533203125,0.12060546875,-113.34228515625,86.36474609375,42.29736328125,-0.951416015625,-0.68505859375,0.401611328125,-58.16650390625,1.5869140625,37.7197265625,-0.239990234375,-0.5458984375,0.1201171875,87.34130859375,39.4287109375,25.93994140625,-0.97314453125,0.006103515625,0.108642578125,-56.15234375,24.90234375,-28.13720703125,-0.7515450090603508,-3.467865962162417
2022-06-09 15:29:07.761988864,-0.554443359375,-0.0625,-0.176513671875,38.4521484375,-43.64013671875,15.19775390625,-0.02294921875,0.90966796875,-0.216552734375,-1.64794921875,26.3671875,8.9111328125,-0.156005859375,0.44921875,0.10693359375,-113.6474609375,107.11669921875,45.166015625,-1.099365234375,-0.71728515625,0.481689453125,-50.84228515625,23.193359375,65.49072265625,-0.25048828125,-0.560791015625,0.12890625,87.40234375,38.2080078125,20.99609375,-0.9736328125,0.005126953125,0.11083984375,-56.15234375,24.4140625,-28.076171875,-1.753387541242418,-4.015681461554717
2022-06-09 15:29:07.772149504,-0.5986328125,-0.042724609375,-0.1796875,40.95458984375,-40.8935546875,17.02880859375,-0.0068359375,0.927001953125,-0.23046875,-2.62451171875,24.35302734375,11.3525390625,-0.184326171875,0.45458984375,0.095703125,-113.34228515625,124.93896484375,48.40087890625,-1.06201171875,-0.764892578125,0.58203125,-40.58837890625,31.55517578125,90.4541015625,-0.263671875,-0.5810546875,0.141845703125,87.34130859375,36.376953125,15.56396484375,-0.96875,0.005126953125,0.11328125,-56.21337890625,24.169921875,-28.13720703125,-2.709151778565861,-4.524589534314906
2022-06-09 15:29:07.782310400,-0.61865234375,-0.039794921875,-0.184326171875,39.4287109375,-38.9404296875,18.06640625,0.06884765625,0.939453125,-0.22119140625,-4.45556640625,23.01025390625,14.6484375,-0.207763671875,0.4580078125,0.081298828125,-112.1826171875,140.44189453125,51.7578125,-0.97314453125,-0.826171875,0.652099609375,-29.6630859375,33.14208984375,113.34228515625,-0.27685546875,-0.60302734375,0.15234375,87.2802734375,34.1796875,9.70458984375,-0.968017578125,0.0068359375,0.11328125,-56.2744140625,24.5361328125,-28.01513671875,-3.6138545529888617,-4.988674076896981
2022-06-09 15:29:07.792471296,-0.629638671875,-0.0576171875,-0.18212890625,35.21728515625,-32.470703125,18.00537109375,0.052001953125,0.925537109375,-0.20458984375,-6.16455078125,22.88818359375,17.27294921875,-0.232421875,0.458740234375,0.0693359375,-109.80224609375,153.80859375,55.35888671875,-0.8798828125,-0.885986328125,0.67919921875,-17.822265625,32.5927734375,134.09423828125,-0.278564453125,-0.6298828125,0.162109375,86.7919921875,32.5927734375,3.60107421875,-0.97265625,0.003662109375,0.112060546875,-56.15234375,24.96337890625,-28.01513671875,-4.462495856527184,-5.401016761130425
2022-06-09 15:29:07.802632192,-0.6513671875,-0.08447265625,-0.173583984375,30.94482421875,-19.95849609375,17.27294921875,0.04052734375,0.9189453125,-0.199951171875,-7.568359375,21.42333984375,19.4091796875,-0.254150390625,0.45654296875,0.053955078125,-106.4453125,165.4052734375,59.02099609375,-0.795166015625,-0.94189453125,0.66455078125,-5.43212890625,32.3486328125,152.89306640625,-0.27880859375,-0.65771484375,0.16748046875,86.36474609375,32.958984375,-2.44140625,-0.974365234375,0.00390625,0.109130859375,-56.21337890625,25.0244140625,-28.01513671875,-5.252169366434281,-5.754692224403566
2022-06-09 15:29:07.812793088,-0.69091796875,-0.11474609375,-0.169189453125,27.52685546875,-6.9580078125,15.7470703125,0.067626953125,0.92138671875,-0.202880859375,-8.72802734375,19.47021484375,21.484375,-0.279052734375,0.4580078125,0.0419921875,-102.5390625,175.048828125,62.744140625,-0.717529296875,-0.98388671875,0.627685546875,6.4697265625,32.77587890625,170.0439453125,-0.2802734375,-0.6806640625,0.166015625,86.42578125,35.46142578125,-8.1787109375,-0.975341796875,0.003173828125,0.11083984375,-56.09130859375,24.658203125,-27.9541015625,-5.985261225475334,-6.045365762004259
2022-06-09 15:29:07.822953728,-0.729248046875,-0.13134765625,-0.164306640625,25.7568359375,-1.46484375,13.61083984375,0.0595703125,0.925048828125,-0.19140625,-9.46044921875,19.59228515625,23.62060546875,-0.299560546875,0.4560546875,0.025634765625,-98.2666015625,182.55615234375,66.5283203125,-0.655029296875,-1.02392578125,0.58349609375,17.39501953125,31.43310546875,186.03515625,-0.28271484375,-0.69873046875,0.163818359375,86.73095703125,40.0390625,-13.48876953125,-0.971435546875,0.00537109375,0.1123046875,-56.15234375,24.2919921875,-28.076171875,-6.666206262568686,-6.270380435479716
2022-06-09 15:29:07.833114624,-0.745849609375,-0.146240234375,-0.169921875,24.0478515625,-1.5869140625,10.92529296875,0.040283203125,0.923583984375,-0.177978515625,-10.009765625,19.775390625,26.18408203125,-0.31396484375,0.45068359375,0.006591796875,-93.1396484375,188.4765625,70.4345703125,-0.5859375,-1.082763671875,0.549072265625,26.611328125,27.28271484375,200.5615234375,-0.288330078125,-0.71484375,0.160400390625,86.3037109375,46.08154296875,-18.310546875,-0.969482421875,0.004150390625,0.11279296875,-56.21337890625,23.98681640625,-28.13720703125,-7.295926702061948,-6.426148240462922
2022-06-09 15:29:07.843275520,-0.748046875,-0.16015625,-0.1708984375,23.62060546875,-1.52587890625,8.1787109375,0.043701171875,0.933349609375,-0.177001953125,-9.8876953125,18.61572265625,29.23583984375,-0.329833984375,0.445556640625,-0.009521484375,-86.9140625,192.81005859375,74.40185546875,-0.492431640625,-1.15966796875,0.52001953125,34.7900390625,21.8505859375,212.95166015625,-0.29248046875,-0.732421875,0.154296875,85.205078125,52.978515625,-22.5830078125,-0.966796875,0.003662109375,0.112060546875,-56.15234375,24.35302734375,-28.13720703125,-7.872596696015535,-6.507236288126272
2022-06-09 15:29:07.853436160,-0.7490234375,-0.166748046875,-0.1640625,24.35302734375,0.91552734375,5.859375,0.021240234375,0.9521484375,-0.175537109375,-9.3994140625,17.02880859375,32.8369140625,-0.344970703125,0.437255859375,-0.023193359375,-79.7119140625,195.3125,78.2470703125,-0.39306640625,-1.232421875,0.4775390625,42.29736328125,16.05224609375,222.83935546875,-0.29736328125,-0.75390625,0.144287109375,83.3740234375,60.24169921875,-26.3671875,-0.970458984375,0.006103515625,0.111083984375,-56.09130859375,25.0244140625,-28.076171875,-8.394286538534974,-6.508885847031902
2022-06-09 15:29:07.863597056,-0.76025390625,-0.163818359375,-0.153564453125,26.30615234375,4.638671875,4.08935546875,0.0263671875,0.95703125,-0.191650390625,-8.60595703125,12.6953125,36.865234375,-0.36474609375,0.431640625,-0.03125,-71.59423828125,195.6787109375,82.03125,-0.31396484375,-1.28466796875,0.430908203125,48.27880859375,10.3759765625,230.28564453125,-0.298583984375,-0.772216796875,0.134033203125,80.87158203125,67.81005859375,-29.11376953125,-0.9736328125,0.0048828125,0.109619140625,-56.2744140625,25.20751953125,-28.076171875,-8.860907941494975,-6.427357935140783
2022-06-09 15:29:07.873757952,-0.78466796875,-0.157958984375,-0.14599609375,28.99169921875,7.4462890625,2.685546875,0.080322265625,0.954833984375,-0.195556640625,-8.48388671875,10.80322265625,40.58837890625,-0.381591796875,0.427490234375,-0.02978515625,-62.68310546875,193.84765625,85.87646484375,-0.241455078125,-1.333984375,0.384765625,53.22265625,4.2724609375,235.65673828125,-0.3037109375,-0.78857421875,0.131103515625,77.69775390625,75.01220703125,-30.70068359375,-0.9765625,0.00537109375,0.113525390625,-56.2744140625,24.59716796875,-28.076171875,-9.275171567237798,-6.258668989566889
2022-06-09 15:29:07.883918848,-0.81005859375,-0.146240234375,-0.144287109375,32.470703125,6.9580078125,1.46484375,0.091552734375,0.97216796875,-0.196044921875,-7.8125,10.8642578125,43.64013671875,-0.397705078125,0.4306640625,-0.030517578125,-52.55126953125,189.5751953125,89.84375,-0.169921875,-1.36962890625,0.330322265625,57.18994140625,-2.197265625,239.31884765625,-0.308349609375,-0.801513671875,0.131591796875,73.79150390625,81.6650390625,-31.18896484375,-0.972412109375,0.00341796875,0.11279296875,-56.21337890625,23.5595703125,-28.01513671875,-9.639872771846388,-5.997273298827622
2022-06-09 15:29:07.894079744,-0.82421875,-0.131103515625,-0.148193359375,35.09521484375,4.45556640625,0.6103515625,0.11669921875,0.978271484375,-0.1982421875,-7.62939453125,12.26806640625,46.69189453125,-0.4150390625,0.440673828125,-0.024169921875,-41.32080078125,182.80029296875,93.994140625,-0.11572265625,-1.39013671875,0.280029296875,60.9130859375,-7.75146484375,240.78369140625,-0.31396484375,-0.812255859375,0.1298828125,68.90869140625,87.158203125,-31.1279296875,-0.96533203125,0.00341796875,0.1123046875,-56.2744140625,23.4375,-27.9541015625,-9.95456984515387,-5.636400275093301
2022-06-09 15:29:07.904240384,-0.842529296875,-0.116455078125,-0.14599609375,36.7431640625,4.0283203125,0.30517578125,0.11279296875,0.97119140625,-0.161376953125,-7.2021484375,14.95361328125,50.048828125,-0.428466796875,0.463623046875,-0.013671875,-29.35791015625,173.9501953125,98.6328125,-0.068603515625,-1.412841796875,0.22900390625,64.02587890625,-12.5732421875,240.17333984375,-0.326416015625,-0.8212890625,0.13134765625,63.04931640625,91.36962890625,-30.6396484375,-0.966796875,0.00390625,0.114990234375,-56.33544921875,24.47509765625,-27.89306640625,-10.215389022135444,-5.169196164656761
2022-06-09 15:29:07.914401280,-0.881103515625,-0.0908203125,-0.130615234375,38.2080078125,5.7373046875,0.1220703125,0.124755859375,0.98876953125,-0.140625,-6.8359375,17.27294921875,53.64990234375,-0.447998046875,0.498291015625,0.0048828125,-16.90673828125,162.841796875,103.69873046875,0.013671875,-1.451904296875,0.156982421875,65.49072265625,-17.822265625,238.09814453125,-0.337890625,-0.826171875,0.138427734375,56.5185546875,93.56689453125,-29.9072265625,-0.970703125,0.00439453125,0.111083984375,-56.33544921875,25.20751953125,-27.89306640625,-10.418367657544717,-4.58972200370177
2022-06-09 15:29:07.924561920,-0.9267578125,-0.067138671875,-0.114990234375,38.57421875,5.0048828125,-0.48828125,0.0888671875,0.994384765625,-0.1435546875,-7.01904296875,19.22607421875,57.4951171875,-0.470947265625,0.544677734375,0.03271484375,-4.39453125,149.0478515625,108.82568359375,0.1298828125,-1.485595703125,0.0810546875,66.10107421875,-22.39990234375,233.7646484375,-0.357666015625,-0.824951171875,0.15380859375,49.4384765625,92.7734375,-28.80859375,-0.974853515625,0.0048828125,0.1083984375,-56.33544921875,24.71923828125,-27.9541015625,-10.561228397892435,-3.8958995305652167
2022-06-09 15:29:07.934722816,-0.97021484375,-0.0556640625,-0.1025390625,37.4755859375,1.0986328125,-1.46484375,0.06396484375,1.0556640625,-0.14501953125,-6.591796875,18.4326171875,61.58447265625,-0.492431640625,0.6025390625,0.06591796875,8.36181640625,131.77490234375,113.76953125,0.257568359375,-1.496337890625,0.003662109375,65.673828125,-26.42822265625,224.853515625,-0.370849609375,-0.82568359375,0.17138671875,41.44287109375,88.56201171875,-27.83203125,-0.97314453125,0.005859375,0.107421875,-56.33544921875,23.92578125,-27.9541015625,-10.639946014065114,-3.08873047378642
2022-06-09 15:29:07.944883712,-1.0087890625,-0.059326171875,-0.095703125,35.46142578125,-2.685546875,-2.74658203125,0.07275390625,1.095947265625,-0.1865234375,-7.080078125,17.39501953125,66.40625,-0.520263671875,0.680908203125,0.103515625,21.17919921875,110.4736328125,118.59130859375,0.37939453125,-1.45654296875,-0.096435546875,64.3310546875,-33.38623046875,211.5478515625,-0.38037109375,-0.839599609375,0.190185546875,32.04345703125,81.23779296875,-27.40478515625,-0.968505859375,0.005859375,0.10986328125,-56.33544921875,23.5595703125,-28.01513671875,-10.644460991611197,-2.1693468477012665
2022-06-09 15:29:07.955044608,-1.056884765625,-0.067138671875,-0.095947265625,33.447265625,-3.84521484375,-4.21142578125,0.0888671875,1.142333984375,-0.20751953125,-5.859375,18.06640625,70.1904296875,-0.54833984375,0.776611328125,0.1435546875,33.447265625,84.65576171875,123.10791015625,0.49609375,-1.407470703125,-0.23193359375,61.6455078125,-43.02978515625,195.37353515625,-0.387939453125,-0.8701171875,0.200439453125,21.66748046875,71.47216796875,-27.83203125,-0.966796875,0.005126953125,0.112060546875,-56.21337890625,23.92578125,-27.9541015625,-10.562060839405547,-1.1409639699302012
2022-06-09 15:29:07.965205504,-1.11572265625,-0.07470703125,-0.102783203125,31.06689453125,-3.2958984375,-5.615234375,0.156005859375,1.241455078125,-0.1103515625,-6.28662109375,20.751953125,75.439453125,-0.585693359375,0.8818359375,0.175048828125,44.921875,54.8095703125,126.5869140625,0.65771484375,-1.421630859375,-0.37255859375,54.62646484375,-52.1240234375,176.26953125,-0.397705078125,-0.911376953125,0.206787109375,10.7421875,59.87548828125,-28.86962890625,-0.971435546875,0.00341796875,0.110107421875,-56.21337890625,24.658203125,-27.83203125,-10.38285949292776,-0.012041408138401266
2022-06-09 15:29:07.975366144,-1.17822265625,-0.08837890625,-0.09814453125,28.38134765625,-3.662109375,-7.080078125,0.169921875,1.197509765625,-0.151123046875,-7.2021484375,26.55029296875,80.74951171875,-0.623046875,0.9921875,0.186767578125,54.74853515625,21.54541015625,128.35693359375,0.9169921875,-1.42333984375,-0.526611328125,44.677734375,-56.45751953125,152.16064453125,-0.403076171875,-0.9560546875,0.217041015625,0.0,46.81396484375,-30.70068359375,-0.97412109375,0.006591796875,0.10888671875,-56.33544921875,24.71923828125,-27.89306640625,-10.100901904783004,1.2014175517296586
2022-06-09 15:29:07.985527040,-1.24072265625,-0.108154296875,-0.093994140625,25.57373046875,-3.35693359375,-8.85009765625,0.0625,1.204345703125,-0.087646484375,-5.92041015625,37.59765625,95.21484375,-0.648193359375,1.08935546875,0.162353515625,62.255859375,-12.8173828125,127.685546875,1.118408203125,-1.39697265625,-0.66455078125,33.0810546875,-51.20849609375,123.779296875,-0.406005859375,-1.01025390625,0.2275390625,-10.55908203125,33.0810546875,-33.50830078125,-0.974365234375,0.004638671875,0.110595703125,-56.2744140625,24.10888671875,-28.01513671875,-9.710690117439533,2.472641891011282
2022-06-09 15:29:07.995687936,-1.307861328125,-0.128662109375,-0.0927734375,23.92578125,-1.28173828125,-10.6201171875,0.0205078125,1.244873046875,-0.072265625,-5.7373046875,36.43798828125,102.60009765625,-0.6474609375,1.157470703125,0.1220703125,67.2607421875,-44.49462890625,124.0234375,1.250244140625,-1.28564453125,-0.763671875,21.05712890625,-41.1376953125,93.20068359375,-0.40771484375,-1.0654296875,0.2314453125,-20.751953125,19.47021484375,-37.2314453125,-0.970947265625,0.0048828125,0.112548828125,-56.2744140625,23.74267578125,-28.01513671875,-9.206125646027747,3.764881483553296
2022-06-09 15:29:08.005848576,-1.379638671875,-0.13671875,-0.0947265625,23.86474609375,-1.40380859375,-11.962890625,0.061767578125,1.274169921875,-0.059814453125,-5.126953125,32.958984375,111.083984375,-0.635986328125,1.210693359375,0.084228515625,71.2890625,-69.7021484375,118.1640625,1.29296875,-1.206298828125,-0.838623046875,8.9111328125,-30.3955078125,59.63134765625,-0.409423828125,-1.114501953125,0.239990234375,-29.541015625,6.89697265625,-41.50390625,-0.968017578125,0.007568359375,0.113525390625,-56.396484375,23.86474609375,-27.9541015625,-8.587290346605865,5.04523704297025
2022-06-09 15:29:08.016009472,-1.43603515625,-0.126953125,-0.10400390625,25.32958984375,-5.9814453125,-11.962890625,0.067626953125,1.32275390625,-0.04052734375,-3.662109375,30.76171875,120.66650390625,-0.61767578125,1.248046875,0.043701171875,73.974609375,-87.2802734375,110.595703125,1.514892578125,-1.19873046875,-0.90966796875,-6.4697265625,-20.32470703125,23.5595703125,-0.41064453125,-1.153564453125,0.25244140625,-36.68212890625,-4.8828125,-45.95947265625,-0.968994140625,0.00634765625,0.11279296875,-56.5185546875,24.169921875,-28.076171875,-7.862968887909016,6.290432890808219
2022-06-09 15:29:08.026170368,-1.46044921875,-0.11572265625,-0.12890625,24.71923828125,-15.0146484375,-9.765625,0.00537109375,1.34326171875,-0.045654296875,-2.01416015625,28.99169921875,129.57763671875,-0.605224609375,1.267333984375,0.0107421875,75.25634765625,-99.06005859375,101.6845703125,1.89599609375,-1.10205078125,-0.994384765625,-21.66748046875,-15.9912109375,-25.87890625,-0.410888671875,-1.179931640625,0.267822265625,-42.6025390625,-15.68603515625,-50.78125,-0.97265625,0.005615234375,0.109619140625,-56.45751953125,24.47509765625,-28.01513671875,-7.042516387669387,7.480549782128513
2022-06-09 15:29:08.036331264,-1.43994140625,-0.110595703125,-0.1591796875,22.52197265625,-27.28271484375,-6.7138671875,-0.027099609375,1.37255859375,-0.0478515625,1.220703125,25.634765625,136.5966796875,-0.6005859375,1.28271484375,0.0029296875,76.66015625,-107.2998046875,92.10205078125,2.12646484375,-1.32421875,-1.039794921875,-36.376953125,-11.53564453125,-84.9609375,-0.40576171875,-1.19677734375,0.289794921875,-47.8515625,-25.45166015625,-55.72509765625,-0.97314453125,0.006103515625,0.109619140625,-56.5185546875,24.4140625,-28.01513671875,-6.131429350189066,8.60302721612776
2022-06-09 15:29:08.046492160,-1.389892578125,-0.08642578125,-0.1708984375,20.93505859375,-36.92626953125,-3.84521484375,-0.0703125,1.40380859375,-0.052001953125,4.39453125,21.42333984375,142.822265625,-0.572021484375,1.3349609375,0.0380859375,78.61328125,-118.7744140625,68.2373046875,0.98046875,-1.7197265625,-0.76171875,-51.6357421875,-19.53125,-147.27783203125,-0.40283203125,-1.208984375,0.30908203125,-53.03955078125,-33.8134765625,-60.6689453125,-0.97216796875,0.0048828125,0.11279296875,-56.5185546875,24.23095703125,-28.01513671875,-5.132706929438356,9.5920831280459
2022-06-09 15:29:08.056652800,-1.345947265625,-0.041015625,-0.186767578125,21.30126953125,-37.29248046875,-2.197265625,-0.115478515625,1.48486328125,-0.07275390625,6.2255859375,17.76123046875,149.71923828125,-0.54345703125,1.34912109375,0.052490234375,76.96533203125,-122.86376953125,55.2978515625,-2.119140625,-1.904052734375,0.256103515625,-55.23681640625,-25.390625,-162.41455078125,-0.39990234375,-1.216796875,0.319091796875,-57.80029296875,-40.4052734375,-65.36865234375,-0.968994140625,0.00390625,0.115966796875,-56.5185546875,23.86474609375,-27.9541015625,-4.0508336686446,10.42330336265902
2022-06-09 15:29:08.066813696,-1.340576171875,-0.0126953125,-0.260986328125,22.15576171875,-29.35791015625,-1.15966796875,-0.1865234375,1.585205078125,-0.12353515625,7.4462890625,16.9677734375,154.296875,-0.508544921875,1.317138671875,0.072509765625,71.8994140625,-124.93896484375,42.66357421875,-1.767333984375,-1.634033203125,0.50830078125,-55.48095703125,-0.3662109375,-115.478515625,-0.390625,-1.22900390625,0.328857421875,-61.46240234375,-44.98291015625,-69.27490234375,-0.96630859375,0.00634765625,0.11376953125,-56.5185546875,23.98681640625,-28.01513671875,-2.897025926300678,11.126868502261736
2022-06-09 15:29:08.076974336,-1.317138671875,-0.02392578125,-0.3701171875,20.6298828125,-27.64892578125,1.28173828125,-0.3212890625,1.634765625,-0.23486328125,8.60595703125,18.73779296875,158.5693359375,-0.469482421875,1.25390625,0.07958984375,65.673828125,-123.779296875,30.21240234375,0.501220703125,-1.68408203125,0.406982421875,-78.369140625,-13.61083984375,-147.27783203125,-0.379150390625,-1.24365234375,0.3447265625,-64.63623046875,-46.9970703125,-72.75390625,-0.97021484375,0.004638671875,0.11181640625,-56.45751953125,24.4140625,-27.9541015625,-1.6831158487479456,11.692262201303745
2022-06-09 15:29:08.087135232,-1.2294921875,-0.052978515625,-0.430908203125,17.88330078125,-34.66796875,5.18798828125,-0.4658203125,1.66943359375,-0.365966796875,13.48876953125,23.0712890625,164.4287109375,-0.421630859375,1.230712890625,0.0751953125,62.07275390625,-118.2861328125,17.08984375,0.35986328125,-1.815673828125,0.517578125,-90.9423828125,-30.09033203125,-197.6318359375,-0.36669921875,-1.273681640625,0.3525390625,-68.4814453125,-46.630859375,-76.2939453125,-0.973388671875,0.004638671875,0.110595703125,-56.45751953125,24.59716796875,-27.9541015625,-0.4116182559644628,12.119934729655846
2022-06-09 15:29:08.097296128,-1.149169921875,-0.07666015625,-0.4287109375,15.380859375,-32.2265625,7.62939453125,-0.54931640625,1.759765625,-0.409423828125,21.3623046875,31.3720703125,170.5322265625,-0.37451171875,1.279541015625,0.087646484375,62.01171875,-108.0322265625,3.0517578125,0.00439453125,-0.988037109375,0.18994140625,-83.19091796875,-26.2451171875,-171.56982421875,-0.335205078125,-1.369384765625,0.376708984375,-74.89013671875,-41.44287109375,-83.740234375,-0.97509765625,0.004150390625,0.109619140625,-56.33544921875,24.2919921875,-27.9541015625,0.9409192155824613,12.417386517530737
2022-06-09 15:29:08.107457024,-1.15625,-0.071533203125,-0.462646484375,14.83154296875,-15.93017578125,6.8359375,-0.615966796875,1.84326171875,-0.296142578125,26.42822265625,43.27392578125,177.1240234375,-0.32275390625,1.37744140625,0.108154296875,62.1337890625,-94.17724609375,-10.3759765625,0.328125,-0.47705078125,-0.220947265625,-74.3408203125,-14.22119140625,-121.09375,-0.27880859375,-1.42236328125,0.425048828125,-73.54736328125,-35.46142578125,-85.205078125,-0.973388671875,0.001220703125,0.109619140625,-56.45751953125,23.62060546875,-27.9541015625,2.3465256321037344,12.591905906042292
2022-06-09 15:29:08.117617920,-1.22265625,-0.0341796875,-0.540283203125,16.17431640625,-3.60107421875,3.0517578125,-0.590087890625,1.835693359375,-0.232666015625,29.72412109375,56.2744140625,184.08203125,-0.257568359375,1.4384765625,0.128173828125,58.2275390625,-78.4912109375,-21.05712890625,0.88671875,-0.828369140625,-1.052978515625,-69.82421875,-19.53125,-99.4873046875,-0.132080078125,-1.453369140625,0.558349609375,-63.65966796875,-7.8125,-82.09228515625,-0.968994140625,0.00439453125,0.114990234375,-56.396484375,23.3154296875,-27.9541015625,3.708352947799483,12.648010641171027
2022-06-09 15:29:08.127778560,-1.271240234375,0.06591796875,-0.57373046875,19.53125,-10.986328125,-2.3193359375,-0.2880859375,1.883056640625,-0.035400390625,29.84619140625,62.80517578125,193.54248046875,-0.167236328125,1.415283203125,0.14013671875,49.4384765625,-61.09619140625,-29.052734375,0.279052734375,-1.62841796875,-0.370361328125,-80.2001953125,-27.2216796875,-101.98974609375,-0.024169921875,-1.4306640625,0.654541015625,-51.513671875,46.56982421875,-85.14404296875,-0.9658203125,0.005615234375,0.114013671875,-56.33544921875,23.62060546875,-28.01513671875,4.993920424436489,12.586506245225884
2022-06-09 15:29:08.137939456,-1.25390625,0.170654296875,-0.558837890625,18.12744140625,-26.55029296875,-7.080078125,-0.093505859375,1.9892578125,-0.032958984375,17.822265625,59.9365234375,207.03125,-0.060302734375,1.31103515625,0.149658203125,39.24560546875,-39.9169921875,-35.94970703125,0.0439453125,-1.875244140625,0.014892578125,-70.1904296875,-27.7099609375,-101.07421875,-0.131103515625,-1.43798828125,0.6748046875,-42.3583984375,110.2294921875,-87.21923828125,-0.968505859375,0.005126953125,0.11181640625,-56.2744140625,24.169921875,-28.13720703125,6.223529821807084,12.407583922188998
2022-06-09 15:29:08.148101120,-1.18408203125,0.25048828125,-0.5390625,10.43701171875,-38.4521484375,-9.3994140625,-0.447021484375,1.919189453125,-0.390625,-0.732421875,51.513671875,214.599609375,0.021240234375,1.185302734375,0.1796875,32.16552734375,-14.46533203125,-42.48046875,0.40625,-1.4697265625,-0.112060546875,-54.6875,-26.67236328125,-81.97021484375,-0.40087890625,-1.443603515625,0.608642578125,-30.21240234375,155.2734375,-80.322265625,-0.9716796875,0.005126953125,0.1123046875,-56.33544921875,24.658203125,-28.13720703125,7.358128513725113,12.121461639245375
2022-06-09 15:29:08.158262784,-1.080322265625,0.278564453125,-0.5517578125,-2.13623046875,-46.56982421875,-8.544921875,-0.8955078125,1.763427734375,-0.428955078125,0.0,13.00048828125,210.693359375,0.04833984375,1.0908203125,0.233642578125,29.47998046875,10.986328125,-48.15673828125,0.10107421875,-1.16650390625,-0.29296875,-48.88916015625,-10.55908203125,-84.89990234375,-0.72607421875,-1.409912109375,0.512939453125,-17.333984375,149.90234375,-76.171875,-0.97119140625,0.004150390625,0.1123046875,-56.21337890625,24.4140625,-28.13720703125,8.359854979539506,11.752236220149683
2022-06-09 15:29:08.168424192,-0.969970703125,0.253173828125,-0.585205078125,-15.31982421875,-47.18017578125,-5.79833984375,-0.608642578125,1.5888671875,-0.4677734375,14.58740234375,-32.3486328125,198.30322265625,0.026611328125,1.05126953125,0.291015625,29.9072265625,29.23583984375,-53.22265625,-0.00830078125,-0.93505859375,-0.264892578125,-38.2080078125,2.99072265625,-80.87158203125,-0.927978515625,-1.33984375,0.43408203125,-7.50732421875,90.8203125,-75.13427734375,-0.969482421875,0.005859375,0.11474609375,-56.15234375,23.86474609375,-28.076171875,9.25708048750461,11.325449753644818
2022-06-09 15:29:08.178585856,-0.880615234375,0.226806640625,-0.579833984375,-23.681640625,-38.51318359375,-4.0283203125,-0.184326171875,1.32861328125,-0.443115234375,25.390625,-59.326171875,184.08203125,-0.00341796875,1.052490234375,0.348876953125,31.79931640625,37.109375,-57.43408203125,0.24951171875,-0.99072265625,-0.12646484375,-29.1748046875,17.333984375,-72.75390625,-0.935546875,-1.24072265625,0.387451171875,-1.708984375,6.103515625,-71.8994140625,-0.966552734375,0.0048828125,0.115966796875,-56.21337890625,23.92578125,-28.13720703125,10.076252571794939,10.859352818923895
2022-06-09 15:29:08.188747520,-0.827880859375,0.1943359375,-0.553955078125,-31.43310546875,-26.42822265625,-3.96728515625,-0.328857421875,1.288330078125,-0.212646484375,24.10888671875,-70.3125,172.18017578125,-0.031005859375,1.059326171875,0.418212890625,32.28759765625,35.2783203125,-60.48583984375,0.14208984375,-1.0595703125,-0.0556640625,-24.23095703125,30.2734375,-60.60791015625,-0.8115234375,-1.1474609375,0.392333984375,-1.03759765625,-71.22802734375,-66.34521484375,-0.9677734375,0.00439453125,0.11474609375,-56.21337890625,24.5361328125,-28.076171875,10.830691320674937,10.363334192848981
2022-06-09 15:29:08.198908928,-0.803955078125,0.160888671875,-0.505126953125,-40.58837890625,-17.7001953125,-5.37109375,-0.30859375,1.05615234375,-0.510498046875,24.47509765625,-132.38525390625,154.296875,-0.037841796875,1.047119140625,0.470947265625,29.4189453125,26.2451171875,-62.68310546875,-0.114990234375,-1.07177734375,-0.051513671875,-23.98681640625,31.43310546875,-49.072265625,-0.671875,-1.098388671875,0.400634765625,-4.39453125,-124.08447265625,-59.9365234375,-0.9736328125,0.0048828125,0.11474609375,-56.15234375,25.0244140625,-28.076171875,11.538709325145632,9.834621638126286
2022-06-09 15:29:08.209070592,-0.79931640625,0.1044921875,-0.455322265625,-51.45263671875,-12.0849609375,-7.75146484375,-0.5537109375,1.02197265625,-0.440673828125,41.56494140625,-205.50537109375,126.03759765625,0.005126953125,1.025146484375,0.484619140625,24.7802734375,14.892578125,-64.39208984375,-0.17529296875,-1.107666015625,-0.01123046875,-25.32958984375,17.822265625,-43.701171875,-0.55810546875,-1.071044921875,0.38330078125,-5.7373046875,-152.34375,-52.55126953125,-0.9775390625,0.006591796875,0.11279296875,-56.09130859375,24.84130859375,-28.076171875,12.199060299656523,9.266557494807941
2022-06-09 15:29:08.219232000,-0.8173828125,0.04833984375,-0.414306640625,-60.60791015625,-5.55419921875,-10.1318359375,-0.72705078125,0.955810546875,-0.253662109375,46.9970703125,-228.08837890625,88.623046875,0.055908203125,1.011962890625,0.482177734375,20.44677734375,7.080078125,-65.91796875,-0.086181640625,-1.12841796875,-0.0546875,-25.57373046875,4.8828125,-42.41943359375,-0.47509765625,-1.046630859375,0.34814453125,-4.08935546875,-164.306640625,-43.15185546875,-0.97412109375,0.00732421875,0.1142578125,-56.15234375,23.74267578125,-28.076171875,12.782175238451593,8.658830635471531
2022-06-09 15:29:08.229393664,-0.86572265625,0.00244140625,-0.3876953125,-65.61279296875,2.01416015625,-11.8408203125,-0.568603515625,0.806884765625,-0.214111328125,47.05810546875,-222.412109375,43.51806640625,0.09130859375,1.017822265625,0.459716796875,16.11328125,5.859375,-67.9931640625,-0.032958984375,-1.1123046875,-0.148193359375,-22.03369140625,0.67138671875,-41.19873046875,-0.403564453125,-1.042236328125,0.3134765625,-2.0751953125,-168.3349609375,-32.16552734375,-0.9677734375,0.008544921875,0.11474609375,-56.21337890625,23.0712890625,-28.076171875,13.262187098137922,8.011100770667753
2022-06-09 15:29:08.239555328,-0.91748046875,-0.039306640625,-0.372314453125,-66.7724609375,6.04248046875,-12.0849609375,-0.37158203125,0.65966796875,-0.2109375,43.9453125,-194.39697265625,5.92041015625,0.11865234375,1.049560546875,0.426025390625,10.498046875,9.82666015625,-70.3125,0.007080078125,-1.061279296875,-0.20703125,-17.02880859375,4.08935546875,-39.24560546875,-0.324951171875,-1.055419921875,0.2802734375,0.0,-166.44287109375,-21.17919921875,-0.966552734375,0.0078125,0.1142578125,-56.15234375,23.62060546875,-27.9541015625,13.631024754010625,7.317157538402228
2022-06-09 15:29:08.249716992,-0.952880859375,-0.074462890625,-0.350341796875,-65.0634765625,3.2958984375,-11.474609375,-0.273681640625,0.453857421875,-0.302490234375,35.94970703125,-154.296875,-23.3154296875,0.13037109375,1.080322265625,0.3837890625,3.2958984375,16.78466796875,-72.265625,0.06298828125,-1.043212890625,-0.197265625,-12.39013671875,13.85498046875,-37.4755859375,-0.253662109375,-1.069091796875,0.25439453125,4.0283203125,-158.02001953125,-11.474609375,-0.968994140625,0.00537109375,0.112548828125,-56.2744140625,24.47509765625,-28.076171875,13.8859657129955,6.570800227531883
2022-06-09 15:29:08.259878656,-0.954833984375,-0.095458984375,-0.318359375,-61.21826171875,-4.08935546875,-11.04736328125,-0.121826171875,0.353271484375,-0.28076171875,25.634765625,-103.02734375,-52.001953125,0.148193359375,1.1005859375,0.338134765625,-4.33349609375,24.2919921875,-73.6083984375,0.06103515625,-1.03076171875,-0.18115234375,-8.7890625,23.4375,-34.72900390625,-0.19970703125,-1.069091796875,0.24462890625,10.3759765625,-142.76123046875,-3.0517578125,-0.974853515625,0.005859375,0.11279296875,-56.21337890625,24.59716796875,-28.25927734375,14.021539319979603,5.771797696573643
2022-06-09 15:29:08.270040064,-0.9306640625,-0.1142578125,-0.2978515625,-58.28857421875,-11.90185546875,-10.7421875,-0.0361328125,0.364990234375,-0.171630859375,13.36669921875,-50.72021484375,-81.1767578125,0.1748046875,1.10400390625,0.301513671875,-11.71875,31.73828125,-73.91357421875,0.01318359375,-1.0341796875,-0.154296875,-6.4697265625,30.09033203125,-31.494140625,-0.175048828125,-1.04638671875,0.24267578125,18.37158203125,-122.74169921875,4.94384765625,-0.974609375,0.005126953125,0.113525390625,-56.21337890625,23.92578125,-28.25927734375,14.030480712254047,4.9275996763097965
2022-06-09 15:29:08.280201728,-0.8828125,-0.131103515625,-0.277099609375,-56.5185546875,-16.845703125,-10.80322265625,-0.088134765625,0.40185546875,-0.03125,1.0986328125,-10.68115234375,-108.88671875,0.204345703125,1.087158203125,0.27392578125,-18.5546875,39.61181640625,-73.18115234375,-0.0244140625,-1.05419921875,-0.11767578125,-4.7607421875,33.935546875,-29.9072265625,-0.181884765625,-1.011474609375,0.25390625,26.91650390625,-101.74560546875,12.14599609375,-0.970947265625,0.005126953125,0.114013671875,-56.396484375,23.3154296875,-28.13720703125,13.910108404327232,4.050076831203185
2022-06-09 15:29:08.290363392,-0.841552734375,-0.13427734375,-0.236572265625,-54.99267578125,-17.51708984375,-10.25390625,-0.175048828125,0.4560546875,0.13818359375,-11.71875,12.02392578125,-134.521484375,0.23095703125,1.043212890625,0.23974609375,-24.96337890625,48.15673828125,-71.22802734375,-0.055908203125,-1.065185546875,-0.0771484375,-3.11279296875,34.48486328125,-30.029296875,-0.197265625,-0.965576171875,0.265869140625,35.2783203125,-82.3974609375,17.88330078125,-0.96630859375,0.006591796875,0.113525390625,-56.396484375,23.37646484375,-28.1982421875,13.668145895005438,3.152357311503323
2022-06-09 15:29:08.300525056,-0.80908203125,-0.128173828125,-0.194091796875,-53.466796875,-15.5029296875,-10.07080078125,-0.21630859375,0.510986328125,0.274169921875,-25.69580078125,19.34814453125,-161.56005859375,0.26953125,0.96435546875,0.21435546875,-30.6396484375,57.43408203125,-67.87109375,-0.0751953125,-1.071044921875,-0.0517578125,-2.3193359375,32.1044921875,-30.8837890625,-0.21728515625,-0.913818359375,0.275390625,42.6025390625,-65.85693359375,22.88818359375,-0.964599609375,0.004638671875,0.1123046875,-56.33544921875,23.86474609375,-28.13720703125,13.317720764356466,2.2495994859291955
2022-06-09 15:29:08.310686464,-0.767333984375,-0.119384765625,-0.184814453125,-51.025390625,-15.93017578125,-11.23046875,-0.208251953125,0.557861328125,0.38232421875,-49.560546875,9.765625,-203.06396484375,0.28271484375,0.87646484375,0.23193359375,-34.72900390625,65.36865234375,-63.29345703125,-0.08251953125,-1.062255859375,-0.06298828125,-2.01416015625,28.86962890625,-32.40966796875,-0.233154296875,-0.866943359375,0.29443359375,48.33984375,-52.3681640625,27.587890625,-0.96923828125,0.002685546875,0.11328125,-56.33544921875,24.23095703125,-28.076171875,12.872621988763676,1.3599481639889888
2022-06-09 15:29:08.320847872,-0.715576171875,-0.111328125,-0.1767578125,-47.54638671875,-17.39501953125,-12.0849609375,-0.186279296875,0.63623046875,0.36474609375,-58.28857421875,1.8310546875,-221.19140625,0.2470703125,0.803466796875,0.229248046875,-37.53662109375,71.6552734375,-57.67822265625,-0.065673828125,-1.036376953125,-0.0869140625,-1.89208984375,26.30615234375,-33.8134765625,-0.242431640625,-0.828369140625,0.306884765625,53.466796875,-40.4052734375,32.53173828125,-0.969970703125,0.00439453125,0.114990234375,-56.2744140625,24.23095703125,-28.13720703125,12.34165368511082,0.501478213021862
2022-06-09 15:29:08.331009536,-0.66455078125,-0.094970703125,-0.156005859375,-43.9453125,-17.4560546875,-11.1083984375,-0.177978515625,0.67822265625,0.30908203125,-65.61279296875,-6.53076171875,-238.34228515625,0.20556640625,0.75830078125,0.22802734375,-38.51318359375,74.3408203125,-51.45263671875,-0.03662109375,-1.01953125,-0.096435546875,-2.01416015625,25.57373046875,-34.5458984375,-0.24853515625,-0.79296875,0.309814453125,58.16650390625,-28.74755859375,37.78076171875,-0.9716796875,0.005615234375,0.1123046875,-56.09130859375,24.2919921875,-28.1982421875,11.727430596240083,-0.309611121073992
2022-06-09 15:29:08.341171200,-0.621826171875,-0.089599609375,-0.1435546875,-41.44287109375,-17.27294921875,-9.21630859375,-0.1669921875,0.703857421875,0.234130859375,-71.77734375,-15.68603515625,-252.685546875,0.166015625,0.71826171875,0.231201171875,-39.55078125,73.3642578125,-44.677734375,-0.017333984375,-1.01318359375,-0.10205078125,-2.5634765625,26.0009765625,-34.912109375,-0.25634765625,-0.76220703125,0.3037109375,62.01171875,-17.9443359375,43.27392578125,-0.97314453125,0.006591796875,0.113525390625,-56.09130859375,24.169921875,-28.13720703125,11.033465793051896,-1.062524992195776
2022-06-09 15:29:08.351332864,-0.575927734375,-0.09326171875,-0.137451171875,-38.26904296875,-18.1884765625,-7.32421875,-0.136962890625,0.743408203125,0.1572265625,-77.81982421875,-23.49853515625,-266.11328125,0.137939453125,0.67578125,0.23583984375,-42.1142578125,70.25146484375,-37.7197265625,-0.011962890625,-1.015625,-0.11083984375,-3.41796875,27.099609375,-35.2783203125,-0.267333984375,-0.735107421875,0.298583984375,65.4296875,-9.1552734375,48.583984375,-0.970703125,0.0087890625,0.114501953125,-55.96923828125,23.86474609375,-28.13720703125,10.265155875209452,-1.7567963864525211
2022-06-09 15:29:08.361494528,-0.528564453125,-0.099365234375,-0.139892578125,-34.912109375,-17.4560546875,-5.4931640625,-0.1416015625,0.762939453125,0.08837890625,-84.47265625,-29.6630859375,-281.73828125,0.116455078125,0.63671875,0.23876953125,-44.5556640625,66.10107421875,-30.1513671875,-0.017822265625,-1.013916015625,-0.12353515625,-3.662109375,27.89306640625,-35.58349609375,-0.274658203125,-0.715576171875,0.2890625,68.359375,-2.9296875,53.466796875,-0.967529296875,0.007080078125,0.113525390625,-56.15234375,23.8037109375,-28.076171875,9.42914425008901,-2.391142005125019
2022-06-09 15:29:08.371655936,-0.502685546875,-0.101806640625,-0.134765625,-31.43310546875,-13.24462890625,-3.90625,-0.16455078125,0.79443359375,0.042724609375,-90.8203125,-36.376953125,-299.98779296875,0.091064453125,0.60498046875,0.23486328125,-45.83740234375,61.95068359375,-22.15576171875,-0.007080078125,-1.015380859375,-0.12451171875,-4.2724609375,27.77099609375,-36.07177734375,-0.276611328125,-0.694580078125,0.273681640625,70.80078125,1.40380859375,58.04443359375,-0.965087890625,0.00830078125,0.115966796875,-56.15234375,24.10888671875,-28.01513671875,8.532652620235375,-2.955792537925646
2022-06-09 15:29:08.381817600,-0.508544921875,-0.094970703125,-0.127197265625,-27.4658203125,-8.11767578125,-2.8076171875,-0.160888671875,0.854248046875,0.02294921875,-96.5576171875,-43.3349609375,-318.603515625,0.062255859375,0.58203125,0.23046875,-46.630859375,58.28857421875,-14.7705078125,-0.08154296875,-1.03759765625,-0.12646484375,-4.82177734375,28.9306640625,-37.53662109375,-0.278076171875,-0.6767578125,0.26123046875,72.998046875,4.94384765625,61.8896484375,-0.9677734375,0.005615234375,0.11279296875,-56.09130859375,24.658203125,-28.076171875,7.583095115097784,-3.445287642876874
2022-06-09 15:29:08.391979264,-0.51953125,-0.093017578125,-0.125,-23.5595703125,-6.103515625,-1.953125,-0.134033203125,0.95947265625,0.02490234375,-101.07421875,-48.52294921875,-335.3271484375,0.03125,0.56005859375,0.22314453125,-47.42431640625,55.17578125,-7.8125,-0.002197265625,-1.029541015625,-0.118408203125,-3.47900390625,23.193359375,-38.818359375,-0.27685546875,-0.66162109375,0.248046875,74.70703125,8.056640625,65.24658203125,-0.9716796875,0.004638671875,0.1123046875,-56.15234375,25.146484375,-28.01513671875,6.588440974504572,-3.861261439405361
2022-06-09 15:29:08.402140928,-0.525634765625,-0.08056640625,-0.121826171875,-19.6533203125,-5.31005859375,-1.15966796875,-0.111328125,1.115478515625,0.036865234375,-104.79736328125,-50.1708984375,-349.67041015625,-0.009521484375,0.543701171875,0.21484375,-47.7294921875,51.69677734375,-1.40380859375,-0.0146484375,-1.061767578125,-0.085205078125,-5.859375,24.96337890625,-40.34423828125,-0.2802734375,-0.6533203125,0.22705078125,75.8056640625,10.986328125,68.115234375,-0.971435546875,0.006103515625,0.11279296875,-56.09130859375,24.658203125,-28.13720703125,5.556874514074927,-4.205071098216369
2022-06-09 15:29:08.412302592,-0.550537109375,-0.06982421875,-0.117431640625,-16.6015625,-1.89208984375,-0.67138671875,-0.103515625,1.2783203125,0.060546875,-108.45947265625,-47.8515625,-362.73193359375,-0.05517578125,0.531982421875,0.21044921875,-47.18017578125,47.4853515625,4.45556640625,-0.01806640625,-1.08447265625,-0.102294921875,-6.53076171875,26.42822265625,-42.78564453125,-0.2783203125,-0.652587890625,0.206787109375,76.11083984375,13.12255859375,70.25146484375,-0.96728515625,0.00390625,0.11572265625,-56.21337890625,24.169921875,-28.25927734375,4.4984606071469315,-4.476469713630578
2022-06-09 15:29:08.422464000,-0.59423828125,-0.05078125,-0.116455078125,-12.63427734375,1.46484375,-0.18310546875,-0.12646484375,1.449462890625,0.074462890625,-110.7177734375,-45.95947265625,-372.98583984375,-0.093505859375,0.52783203125,0.203125,-45.654296875,41.80908203125,9.82666015625,0.0048828125,-1.09033203125,-0.124755859375,-6.89697265625,29.11376953125,-45.654296875,-0.280517578125,-0.661376953125,0.188232421875,75.927734375,14.70947265625,71.533203125,-0.96728515625,0.005859375,0.11767578125,-56.2744140625,24.35302734375,-28.25927734375,3.4241378562226856,-4.6737553034519905
2022-06-09 15:29:08.432625408,-0.63720703125,-0.047119140625,-0.115966796875,-9.033203125,3.23486328125,0.30517578125,-0.127685546875,1.660888671875,0.10400390625,-111.63330078125,-48.583984375,-380.43212890625,-0.124755859375,0.535400390625,0.1904296875,-43.0908203125,34.66796875,14.7705078125,-0.004638671875,-1.0986328125,-0.126708984375,-7.87353515625,34.85107421875,-48.64501953125,-0.281494140625,-0.6748046875,0.1689453125,75.1953125,15.7470703125,72.021484375,-0.9677734375,0.00537109375,0.1162109375,-56.21337890625,24.7802734375,-28.25927734375,2.344136137551473,-4.79430979525948
2022-06-09 15:29:08.442787072,-0.697021484375,-0.04296875,-0.0947265625,-4.94384765625,6.8359375,1.0986328125,-0.05126953125,1.9404296875,0.068603515625,-112.12158203125,-63.29345703125,-385.80322265625,-0.15478515625,0.558837890625,0.186279296875,-39.61181640625,26.67236328125,18.9208984375,0.01025390625,-1.101806640625,-0.1318359375,-7.6904296875,40.10009765625,-52.1240234375,-0.284912109375,-0.69091796875,0.153076171875,74.03564453125,16.54052734375,71.59423828125,-0.968994140625,0.00537109375,0.115234375,-56.15234375,25.146484375,-28.25927734375,1.26857970470801,-4.837135952896361
2022-06-09 15:29:08.452948736,-0.781982421875,-0.037353515625,-0.064697265625,-0.8544921875,11.23046875,1.8310546875,0.071044921875,2.2373046875,-0.099365234375,-113.6474609375,-86.36474609375,-389.404296875,-0.198486328125,0.64501953125,0.19140625,-31.31103515625,11.65771484375,24.96337890625,-0.01171875,-1.1005859375,-0.154296875,-7.99560546875,46.44775390625,-55.84716796875,-0.28662109375,-0.7119140625,0.139404296875,72.6318359375,16.9677734375,70.00732421875,-0.971923828125,0.0078125,0.117919921875,-56.0302734375,24.96337890625,-28.1982421875,0.20779309945795177,-4.781538210750938
2022-06-09 15:29:08.463110400,-0.867431640625,-0.04150390625,-0.054443359375,3.0517578125,12.63427734375,2.44140625,0.391357421875,2.5751953125,-0.244873046875,-118.5302734375,-94.29931640625,-388.12255859375,-0.220458984375,0.698974609375,0.19921875,-27.4658203125,4.69970703125,27.28271484375,-0.059814453125,-1.118408203125,-0.13623046875,-9.82666015625,50.29296875,-58.4716796875,-0.294189453125,-0.739013671875,0.141357421875,70.80078125,16.9677734375,67.56591796875,-0.9697265625,0.0078125,0.117431640625,-56.15234375,24.59716796875,-28.1982421875,-0.8281588812324827,-4.633542674106707
2022-06-09 15:29:08.473271808,-0.938720703125,-0.048828125,-0.061279296875,6.04248046875,10.7421875,3.11279296875,0.798828125,2.79736328125,-0.408935546875,-132.99560546875,-74.5849609375,-378.60107421875,-0.23876953125,0.753662109375,0.200439453125,-23.92578125,-2.3193359375,29.47998046875,0.02978515625,-1.162353515625,-0.10400390625,-9.46044921875,52.24609375,-62.68310546875,-0.30322265625,-0.77392578125,0.152587890625,68.7255859375,16.41845703125,63.96484375,-0.9697265625,0.0048828125,0.1181640625,-56.2744140625,24.7802734375,-27.9541015625,-1.8291707392413556,-4.42125192730208
2022-06-09 15:29:08.483433472,-0.996337890625,-0.053466796875,-0.072265625,7.99560546875,8.97216796875,3.662109375,1.05029296875,2.59814453125,-0.79296875,-143.24951171875,-52.42919921875,-364.56298828125,-0.24755859375,0.810546875,0.196044921875,-20.1416015625,-8.85009765625,31.6162109375,-0.025390625,-1.1982421875,0.006103515625,-7.50732421875,56.0302734375,-69.15283203125,-0.314697265625,-0.822509765625,0.160888671875,66.34521484375,15.31982421875,59.5703125,-0.97021484375,0.00634765625,0.114013671875,-56.15234375,24.96337890625,-28.01513671875,-2.7857363561851898,-4.144896761886962
2022-06-09 15:29:08.493595136,-1.04833984375,-0.053955078125,-0.09033203125,8.7890625,7.8125,4.2724609375,1.161376953125,2.455322265625,-1.090576171875,-140.2587890625,-34.66796875,-343.994140625,-0.263671875,0.86572265625,0.197021484375,-15.625,-14.95361328125,33.75244140625,-0.10400390625,-1.197021484375,-0.002685546875,-10.009765625,53.955078125,-86.181640625,-0.31689453125,-0.8935546875,0.1630859375,63.720703125,14.16015625,54.26025390625,-0.971923828125,0.007568359375,0.11572265625,-56.21337890625,24.84130859375,-28.076171875,-3.6892546317770574,-3.8018679764994765
2022-06-09 15:29:08.503756800,-1.093017578125,-0.046875,-0.120361328125,9.6435546875,4.69970703125,4.94384765625,1.206298828125,2.399169921875,-1.214111328125,-122.49755859375,-25.5126953125,-314.63623046875,-0.277099609375,0.92236328125,0.2041015625,-10.7421875,-20.44677734375,35.400390625,-0.135498046875,-1.232421875,-0.002685546875,-9.6435546875,51.26953125,-97.10693359375,-0.318115234375,-0.97314453125,0.15771484375,61.6455078125,14.09912109375,48.27880859375,-0.971435546875,0.005615234375,0.113037109375,-56.33544921875,24.5361328125,-28.13720703125,-4.534554414366024,-3.391590360291648
2022-06-09 15:29:08.513918464,-1.125732421875,-0.026123046875,-0.12841796875,11.5966796875,0.54931640625,6.16455078125,1.50830078125,2.096923828125,-1.19189453125,-96.923828125,-17.15087890625,-289.1845703125,-0.28466796875,0.973876953125,0.2158203125,-5.92041015625,-25.5126953125,36.56005859375,-0.1904296875,-1.28564453125,-0.081787109375,-8.11767578125,46.142578125,-108.09326171875,-0.312744140625,-1.05419921875,0.1416015625,60.97412109375,16.41845703125,42.3583984375,-0.96826171875,0.005859375,0.114990234375,-56.2744140625,24.23095703125,-28.25927734375,-5.325839517830868,-2.9181623560440855
2022-06-09 15:29:08.524079872,-1.163818359375,0.007568359375,-0.0849609375,13.00048828125,-1.220703125,7.26318359375,1.95947265625,1.6162109375,-1.154052734375,-75.1953125,3.84521484375,-262.939453125,-0.292724609375,1.006591796875,0.221923828125,-2.13623046875,-29.4189453125,37.353515625,-0.145263671875,-1.374755859375,-0.117431640625,-9.70458984375,40.83251953125,-118.5302734375,-0.29736328125,-1.114990234375,0.118896484375,63.1103515625,22.39990234375,37.7197265625,-0.968505859375,0.007568359375,0.11767578125,-56.2744140625,24.4140625,-28.13720703125,-6.082444380103166,-2.389158307979237
2022-06-09 15:29:08.534241536,-1.239501953125,0.031494140625,-0.046142578125,13.18359375,2.13623046875,8.056640625,2.227783203125,1.32958984375,-1.16796875,-54.74853515625,26.2451171875,-226.1962890625,-0.2978515625,1.010986328125,0.234375,0.732421875,-31.79931640625,37.59765625,-0.045166015625,-1.412841796875,-0.05126953125,-12.39013671875,41.32080078125,-130.18798828125,-0.28173828125,-1.142578125,0.097900390625,67.68798828125,32.28759765625,34.0576171875,-0.972412109375,0.00634765625,0.114990234375,-56.33544921875,24.59716796875,-28.1982421875,-6.830700784474651,-1.8149733732238822
2022-06-09 15:29:08.544403200,-1.341796875,0.061767578125,-0.021728515625,13.73291015625,6.34765625,8.48388671875,2.508544921875,1.284423828125,-1.02685546875,-32.65380859375,36.92626953125,-185.36376953125,-0.3115234375,1.00146484375,0.25048828125,4.0283203125,-33.02001953125,37.53662109375,-0.018798828125,-1.407958984375,0.064453125,-14.83154296875,45.47119140625,-143.24951171875,-0.267578125,-1.145751953125,0.07373046875,70.9228515625,45.47119140625,30.8837890625,-0.97412109375,0.00537109375,0.110107421875,-56.33544921875,24.5361328125,-28.25927734375,-7.579635316623769,-1.2023574526980525
2022-06-09 15:29:08.554564608,-1.4306640625,0.06201171875,-0.032958984375,9.94873046875,3.90625,7.99560546875,2.900146484375,1.376953125,-0.792724609375,-13.7939453125,46.5087890625,-127.62451171875,-0.320068359375,0.999267578125,0.2724609375,8.36181640625,-33.935546875,37.17041015625,-0.037841796875,-1.423828125,0.134521484375,-16.05224609375,48.52294921875,-155.70068359375,-0.262939453125,-1.154296875,0.0498046875,71.1669921875,60.72998046875,27.64892578125,-0.9775390625,0.005615234375,0.113525390625,-56.396484375,23.92578125,-28.1982421875,-8.315712121969998,-0.5522029769556269
2022-06-09 15:29:08.564726272,-1.483642578125,0.052490234375,-0.054931640625,6.103515625,-6.9580078125,6.7138671875,2.976318359375,1.2705078125,-0.727294921875,3.11279296875,51.6357421875,-51.26953125,-0.33154296875,1.021728515625,0.296630859375,14.22119140625,-35.46142578125,36.376953125,-0.13330078125,-1.482666015625,0.15234375,-16.4794921875,47.91259765625,-166.748046875,-0.265869140625,-1.170654296875,0.03173828125,68.54248046875,76.0498046875,24.71923828125,-0.97509765625,0.00390625,0.112060546875,-56.57958984375,23.3154296875,-28.13720703125,-9.019572161734487,0.13624977099835434
2022-06-09 15:29:08.574887680,-1.489013671875,0.059326171875,-0.076171875,2.38037109375,-20.93505859375,5.06591796875,2.706787109375,1.1259765625,-0.71923828125,17.51708984375,35.5224609375,30.82275390625,-0.3427734375,1.065673828125,0.325439453125,19.83642578125,-38.51318359375,35.09521484375,-0.177734375,-1.534912109375,0.125732421875,-16.9677734375,44.921875,-177.734375,-0.282958984375,-1.195068359375,0.019775390625,64.14794921875,90.02685546875,21.97265625,-0.973876953125,0.00341796875,0.113525390625,-56.45751953125,22.76611328125,-28.13720703125,-9.677099959283442,0.8594928567651436
2022-06-09 15:29:08.585049344,-1.454833984375,0.0712890625,-0.059814453125,-2.8076171875,-34.3017578125,2.86865234375,2.0869140625,1.35888671875,-0.772216796875,34.3017578125,-0.9765625,109.19189453125,-0.348388671875,1.11767578125,0.343505859375,24.169921875,-42.29736328125,33.935546875,-0.284423828125,-1.599365234375,0.13232421875,-18.98193359375,41.259765625,-188.41552734375,-0.3037109375,-1.234619140625,0.018310546875,58.65478515625,101.74560546875,19.47021484375,-0.970947265625,0.004638671875,0.112060546875,-56.21337890625,22.5830078125,-28.13720703125,-10.2801453110757,1.6095734550884693
2022-06-09 15:29:08.595211008,-1.396728515625,0.04345703125,-0.02587890625,-8.544921875,-45.7763671875,1.15966796875,1.2294921875,1.25732421875,-0.676513671875,50.96435546875,-41.1376953125,168.88427734375,-0.349609375,1.16259765625,0.351318359375,26.67236328125,-45.5322265625,32.77587890625,-0.291748046875,-1.751708984375,0.133056640625,-21.8505859375,41.19873046875,-194.4580078125,-0.326416015625,-1.276611328125,0.020751953125,52.79541015625,110.595703125,17.4560546875,-0.971923828125,0.00390625,0.11376953125,-56.2744140625,23.13232421875,-28.1982421875,-10.826571631055437,2.376551205483729
2022-06-09 15:29:08.605372672,-1.34423828125,-0.021484375,-0.05322265625,-9.8876953125,-52.42919921875,0.30517578125,-2.32568359375,1.357666015625,0.116943359375,56.82373046875,-66.22314453125,179.6875,-0.3486328125,1.18603515625,0.3544921875,26.67236328125,-46.9970703125,30.82275390625,-0.47607421875,-1.8837890625,0.12939453125,-21.97265625,47.7294921875,-197.32666015625,-0.360107421875,-1.24658203125,0.033447265625,46.9970703125,118.7744140625,18.00537109375,-0.97412109375,0.00537109375,0.114013671875,-56.33544921875,23.3154296875,-28.13720703125,-11.326811025714758,3.143435223864266
2022-06-09 15:29:08.615534336,-1.331298828125,-0.062744140625,-0.165283203125,-5.43212890625,-51.94091796875,0.6103515625,-2.632568359375,1.2314453125,0.633056640625,46.630859375,-70.73974609375,118.59130859375,-0.346923828125,1.173828125,0.345947265625,24.10888671875,-45.8984375,28.25927734375,-0.802490234375,-1.9609375,0.015380859375,-22.4609375,57.2509765625,-202.08740234375,-0.3525390625,-1.149658203125,0.06591796875,45.47119140625,118.0419921875,19.83642578125,-0.96875,0.007080078125,0.114501953125,-56.2744140625,22.94921875,-28.01513671875,-11.809797414228353,3.888959889451936
2022-06-09 15:29:08.625695744,-1.3046875,-0.102783203125,-0.276611328125,-0.42724609375,-54.38232421875,1.77001953125,0.119384765625,1.08056640625,0.33349609375,51.45263671875,-104.67529296875,120.42236328125,-0.339599609375,1.123779296875,0.328857421875,20.5078125,-42.41943359375,25.390625,-1.067138671875,-1.991455078125,-0.08203125,-28.076171875,68.78662109375,-208.49609375,-0.33935546875,-1.064697265625,0.106201171875,38.75732421875,114.92919921875,20.1416015625,-0.9658203125,0.006591796875,0.11572265625,-56.21337890625,22.705078125,-28.076171875,-12.270756055964007,4.598122290627774
2022-06-09 15:29:08.635857408,-1.228515625,-0.11669921875,-0.285400390625,4.57763671875,-61.5234375,4.57763671875,-0.089111328125,1.781005859375,-0.301513671875,60.72998046875,-49.13330078125,162.04833984375,-0.33544921875,1.074462890625,0.307861328125,17.76123046875,-36.56005859375,22.0947265625,-1.12841796875,-2.04541015625,-0.0517578125,-37.29248046875,83.1298828125,-213.623046875,-0.33544921875,-1.041748046875,0.1318359375,25.87890625,109.68017578125,17.7001953125,-0.964111328125,0.005126953125,0.118896484375,-56.15234375,23.193359375,-28.076171875,-12.654508167603726,5.265719834873195
2022-06-09 15:29:08.646019072,-1.160888671875,-0.152099609375,-0.271484375,5.126953125,-61.8896484375,7.50732421875,0.24169921875,1.498779296875,-0.317138671875,66.5283203125,-27.4658203125,156.1279296875,-0.33251953125,1.068603515625,0.289306640625,18.1884765625,-29.296875,18.5546875,-0.985595703125,-2.09814453125,0.080078125,-42.17529296875,95.76416015625,-221.19140625,-0.33740234375,-1.0693359375,0.15966796875,11.474609375,101.5625,13.85498046875,-0.966796875,0.007080078125,0.1171875,-56.15234375,23.92578125,-28.076171875,-12.919518520233247,5.897715348612504
2022-06-09 15:29:08.656180736,-1.111328125,-0.210693359375,-0.363037109375,6.103515625,-56.640625,8.36181640625,0.320068359375,1.394287109375,-0.15478515625,74.21875,-19.8974609375,158.26416015625,-0.329345703125,1.109130859375,0.290283203125,20.69091796875,-22.94921875,14.7705078125,-0.434326171875,-2.21533203125,0.012451171875,-34.24072265625,114.1357421875,-231.62841796875,-0.351806640625,-1.10400390625,0.186279296875,0.18310546875,89.9658203125,9.70458984375,-0.9697265625,0.0087890625,0.1181640625,-56.2744140625,24.169921875,-28.1982421875,-13.065182076178054,6.504099389747456
2022-06-09 15:29:08.666342144,-1.0380859375,-0.250732421875,-0.511962890625,8.72802734375,-53.64990234375,8.36181640625,0.324462890625,1.260498046875,-0.097412109375,73.486328125,-20.263671875,150.5126953125,-0.329345703125,1.16015625,0.30712890625,21.78955078125,-18.6767578125,11.3525390625,-0.426025390625,-2.102294921875,-0.234375,-24.47509765625,107.48291015625,-251.89208984375,-0.376220703125,-1.1064453125,0.21826171875,-7.9345703125,74.27978515625,4.94384765625,-0.971435546875,0.00927734375,0.117431640625,-56.33544921875,23.8037109375,-28.25927734375,-13.110120190680913,7.085840952659762
2022-06-09 15:29:08.676503552,-0.927490234375,-0.2646484375,-0.572509765625,13.61083984375,-50.6591796875,8.544921875,0.231201171875,1.06396484375,-0.089111328125,70.1904296875,-12.02392578125,132.26318359375,-0.3310546875,1.19091796875,0.33642578125,19.95849609375,-17.08984375,8.23974609375,-0.579345703125,-2.210693359375,-0.56591796875,-22.94921875,51.3916015625,-257.99560546875,-0.389404296875,-1.077880859375,0.252197265625,-15.13671875,54.5654296875,-0.732421875,-0.972900390625,0.004638671875,0.11767578125,-56.33544921875,23.8037109375,-28.1982421875,-13.062899240472078,7.633400743549597
2022-06-09 15:29:08.686665216,-0.8193359375,-0.26416015625,-0.542724609375,18.6767578125,-39.794921875,8.6669921875,0.30419921875,0.86474609375,-0.316162109375,67.81005859375,0.18310546875,114.56298828125,-0.333740234375,1.19287109375,0.37109375,16.11328125,-18.5546875,5.126953125,-0.811767578125,-2.050048828125,-0.390869140625,-35.58349609375,-13.427734375,-236.63330078125,-0.388671875,-1.044189453125,0.279541015625,-23.3154296875,32.8369140625,-7.26318359375,-0.974853515625,0.005615234375,0.11962890625,-56.396484375,23.86474609375,-28.13720703125,-12.915893678845034,8.134061980537656
2022-06-09 15:29:08.696826880,-0.759765625,-0.2861328125,-0.50927734375,21.97265625,-21.240234375,8.6669921875,0.678955078125,0.9765625,-0.708984375,74.5849609375,3.662109375,102.1728515625,-0.33447265625,1.16015625,0.39501953125,11.5966796875,-22.3388671875,1.89208984375,-0.54345703125,-1.65478515625,-0.270751953125,-31.8603515625,-43.9453125,-212.158203125,-0.38134765625,-1.02294921875,0.306640625,-32.1044921875,13.24462890625,-14.34326171875,-0.97265625,0.0048828125,0.12109375,-56.45751953125,23.193359375,-28.076171875,-12.65678135530731,8.579286853284984
2022-06-09 15:29:08.706988544,-0.7490234375,-0.313232421875,-0.5302734375,26.30615234375,-0.48828125,7.75146484375,-0.0224609375,1.46728515625,-0.21826171875,67.9931640625,22.03369140625,96.25244140625,-0.337646484375,1.114990234375,0.412353515625,7.50732421875,-27.52685546875,-1.52587890625,-0.474365234375,-1.663330078125,-0.32763671875,-31.982421875,-73.18115234375,-202.81982421875,-0.368896484375,-1.017333984375,0.337646484375,-40.22216796875,-3.2958984375,-21.240234375,-0.96923828125,0.00537109375,0.120849609375,-56.57958984375,22.39990234375,-28.076171875,-12.282600641330443,8.966307921158563
2022-06-09 15:29:08.717150208,-0.804931640625,-0.32666015625,-0.56884765625,33.38623046875,20.3857421875,5.18798828125,0.223388671875,1.319091796875,-0.147216796875,47.36328125,30.2734375,86.60888671875,-0.34326171875,1.080322265625,0.41748046875,4.69970703125,-33.3251953125,-5.06591796875,0.157958984375,-1.388671875,-0.175048828125,-27.34375,-88.8671875,-194.64111328125,-0.3583984375,-1.023681640625,0.358154296875,-46.20361328125,-17.333984375,-27.587890625,-0.96435546875,0.007568359375,0.12060546875,-56.57958984375,22.4609375,-28.076171875,-11.804133487192729,9.29745999883875
2022-06-09 15:29:08.727311616,-0.920166015625,-0.278564453125,-0.523193359375,42.724609375,37.841796875,0.732421875,0.29736328125,0.984375,-0.3857421875,44.49462890625,34.24072265625,77.0263671875,-0.352783203125,1.062255859375,0.396240234375,2.50244140625,-39.00146484375,-9.1552734375,0.723388671875,-0.84716796875,-0.466552734375,-29.1748046875,-32.77587890625,-143.5546875,-0.350830078125,-1.03955078125,0.37109375,-50.59814453125,-29.35791015625,-33.0810546875,-0.963623046875,0.004638671875,0.120849609375,-56.5185546875,23.62060546875,-28.01513671875,-11.238229065290685,9.57383589486425
2022-06-09 15:29:08.737473280,-1.0634765625,-0.2041015625,-0.4208984375,48.76708984375,42.8466796875,-3.7841796875,-0.18212890625,0.943115234375,-0.312255859375,38.57421875,46.142578125,65.12451171875,-0.360595703125,1.058349609375,0.36474609375,0.30517578125,-43.9453125,-13.36669921875,-0.648681640625,-1.379638671875,-0.212158203125,-22.5830078125,-42.8466796875,-116.88232421875,-0.34375,-1.06884765625,0.3779296875,-55.2978515625,-40.22216796875,-38.2080078125,-0.965576171875,0.00341796875,0.11962890625,-56.57958984375,24.47509765625,-28.01513671875,-10.593149554425164,9.793056074055539
2022-06-09 15:29:08.747634944,-1.162841796875,-0.138671875,-0.3583984375,52.67333984375,30.3955078125,-5.9814453125,-0.079833984375,0.907958984375,-0.210205078125,26.06201171875,43.45703125,56.0302734375,-0.364990234375,1.076904296875,0.340087890625,-1.40380859375,-48.76708984375,-18.00537109375,-0.713134765625,-1.1181640625,0.027099609375,-10.92529296875,-82.70263671875,-58.349609375,-0.32958984375,-1.11328125,0.383056640625,-59.75341796875,-50.10986328125,-42.3583984375,-0.968505859375,0.002685546875,0.118896484375,-56.5185546875,24.23095703125,-28.076171875,-9.873292812779184,9.952686911410712
2022-06-09 15:29:08.757796608,-1.210693359375,-0.05810546875,-0.35302734375,57.80029296875,16.29638671875,-6.7138671875,-0.060791015625,0.974609375,-0.239501953125,22.15576171875,38.87939453125,51.7578125,-0.375244140625,1.109130859375,0.323974609375,-3.41796875,-55.23681640625,-22.5830078125,-0.439453125,-0.804443359375,0.14404296875,-10.498046875,-89.78271484375,-1.708984375,-0.30322265625,-1.168212890625,0.383544921875,-62.5,-58.349609375,-44.86083984375,-0.965576171875,0.00439453125,0.119384765625,-56.57958984375,23.62060546875,-28.076171875,-9.094821380458576,10.050088836323305
2022-06-09 15:29:08.767958272,-1.25048828125,0.045166015625,-0.318603515625,60.11962890625,14.404296875,-6.34765625,-0.14892578125,1.029052734375,-0.240234375,19.53125,35.94970703125,47.2412109375,-0.384521484375,1.131103515625,0.307861328125,-6.591796875,-64.63623046875,-26.7333984375,-0.24169921875,-0.617919921875,0.140380859375,-8.9111328125,-90.02685546875,28.6865234375,-0.265625,-1.2060546875,0.38134765625,-62.68310546875,-63.5986328125,-46.0205078125,-0.959716796875,0.0068359375,0.120849609375,-56.57958984375,23.74267578125,-28.25927734375,-8.283290871200983,10.082151847640574
2022-06-09 15:29:08.778119680,-1.29443359375,0.10693359375,-0.248291015625,55.84716796875,15.5029296875,-3.96728515625,-0.164794921875,0.99267578125,-0.22119140625,15.7470703125,33.5693359375,45.41015625,-0.382568359375,1.14306640625,0.295166015625,-10.009765625,-76.904296875,-30.3955078125,-0.0517578125,-0.419189453125,-0.009521484375,-1.0986328125,-82.3974609375,52.79541015625,-0.229248046875,-1.21240234375,0.379150390625,-61.03515625,-64.0869140625,-46.20361328125,-0.962158203125,0.006103515625,0.120361328125,-56.5185546875,24.90234375,-28.25927734375,-7.462383126817485,10.047672469726692
2022-06-09 15:29:08.788281088,-1.282470703125,0.1396484375,-0.1953125,51.025390625,2.13623046875,0.30517578125,-0.17578125,0.953125,-0.195068359375,12.87841796875,32.65380859375,43.9453125,-0.37255859375,1.162109375,0.294189453125,-12.26806640625,-90.75927734375,-33.3251953125,-0.042724609375,-0.29296875,-0.122314453125,9.521484375,-69.2138671875,83.984375,-0.20361328125,-1.18798828125,0.387939453125,-58.16650390625,-59.6923828125,-45.83740234375,-0.9697265625,0.004638671875,0.119384765625,-56.33544921875,25.69580078125,-28.25927734375,-6.648609411299411,9.95297714454361
2022-06-09 15:29:08.798442752,-1.153076171875,0.147705078125,-0.19140625,44.37255859375,-20.56884765625,5.79833984375,-0.14208984375,0.93603515625,-0.17724609375,10.68115234375,34.1796875,41.6259765625,-0.359130859375,1.191650390625,0.310546875,-14.0380859375,-104.6142578125,-35.5224609375,-0.094970703125,-0.220703125,-0.166259765625,19.34814453125,-64.3310546875,119.20166015625,-0.188232421875,-1.1376953125,0.40771484375,-54.01611328125,-51.6357421875,-45.10498046875,-0.971435546875,0.003173828125,0.117431640625,-56.396484375,25.45166015625,-28.13720703125,-5.854710140013594,9.807880242035324
2022-06-09 15:29:08.808604416,-0.977783203125,0.105712890625,-0.160400390625,35.64453125,-30.33447265625,10.009765625,-0.14013671875,0.94580078125,-0.169921875,8.6669921875,36.80419921875,40.4052734375,-0.337890625,1.21630859375,0.32666015625,-17.333984375,-116.2109375,-37.04833984375,-0.11572265625,-0.22412109375,-0.138916015625,28.99169921875,-62.80517578125,153.1982421875,-0.178955078125,-1.07763671875,0.4306640625,-48.88916015625,-41.56494140625,-43.8232421875,-0.96826171875,0.00634765625,0.118896484375,-56.45751953125,24.59716796875,-28.076171875,-5.0926489544538285,9.615348860854095
2022-06-09 15:29:08.818766080,-0.860107421875,0.084716796875,-0.113037109375,29.11376953125,-18.85986328125,12.26806640625,-0.19580078125,0.936767578125,-0.1728515625,6.77490234375,39.0625,39.00146484375,-0.318115234375,1.209228515625,0.338134765625,-23.681640625,-124.0234375,-38.26904296875,-0.091064453125,-0.2822265625,-0.046630859375,39.85595703125,-58.16650390625,184.5703125,-0.16748046875,-1.014404296875,0.446533203125,-42.724609375,-30.1513671875,-41.80908203125,-0.963623046875,0.0048828125,0.11865234375,-56.2744140625,24.47509765625,-28.076171875,-4.3747378243995705,9.367846857449628
2022-06-09 15:29:08.828927488,-0.81494140625,0.066650390625,-0.108154296875,21.78955078125,-3.41796875,14.16015625,-0.25048828125,0.916015625,-0.18359375,5.126953125,39.85595703125,38.9404296875,-0.299072265625,1.156494140625,0.33642578125,-32.65380859375,-127.8076171875,-39.794921875,-0.03857421875,-0.36474609375,0.037353515625,50.59814453125,-49.74365234375,213.19580078125,-0.153564453125,-0.945068359375,0.4560546875,-35.94970703125,-17.822265625,-38.75732421875,-0.96533203125,0.00341796875,0.120361328125,-56.21337890625,25.5126953125,-28.076171875,-3.7136048645099358,9.051245843839471
2022-06-09 15:29:08.839089152,-0.7568359375,0.042236328125,-0.097900390625,14.58740234375,-1.0986328125,15.56396484375,-0.259033203125,0.893798828125,-0.186279296875,4.39453125,39.794921875,39.794921875,-0.279296875,1.072998046875,0.328125,-41.8701171875,-128.35693359375,-42.41943359375,-0.00048828125,-0.43115234375,0.099365234375,61.58447265625,-36.43798828125,238.4033203125,-0.136474609375,-0.86865234375,0.4580078125,-28.80859375,-4.39453125,-34.72900390625,-0.971435546875,0.00439453125,0.117919921875,-56.15234375,26.06201171875,-28.13720703125,-3.1202639793433207,8.652884879339247
2022-06-09 15:29:08.849250816,-0.65380859375,0.025634765625,-0.07470703125,10.498046875,-8.60595703125,16.6015625,-0.2568359375,0.896240234375,-0.180419921875,4.94384765625,38.02490234375,40.83251953125,-0.25341796875,0.989013671875,0.315673828125,-49.4384765625,-125.6103515625,-46.142578125,0.01318359375,-0.47216796875,0.128662109375,71.4111328125,-19.22607421875,260.7421875,-0.125,-0.791259765625,0.451171875,-21.78955078125,9.94873046875,-29.84619140625,-0.9755859375,0.00537109375,0.11767578125,-56.2744140625,25.45166015625,-28.076171875,-2.60244951283795,8.167858090205002
2022-06-09 15:29:08.859412480,-0.532470703125,0.0146484375,-0.0537109375,8.11767578125,-12.51220703125,18.37158203125,-0.26123046875,0.90283203125,-0.18603515625,5.7373046875,35.82763671875,42.05322265625,-0.2314453125,0.916015625,0.30126953125,-55.7861328125,-119.0185546875,-50.96435546875,-0.010498046875,-0.52685546875,0.138427734375,79.04052734375,-0.9765625,280.33447265625,-0.1181640625,-0.717529296875,0.4345703125,-15.869140625,24.658203125,-24.90234375,-0.97119140625,0.004638671875,0.118408203125,-56.2744140625,24.84130859375,-28.13720703125,-2.1594649336104403,7.595174522291167
2022-06-09 15:29:08.869574144,-0.434814453125,-0.007080078125,-0.035888671875,6.16455078125,-5.06591796875,19.71435546875,-0.18115234375,0.9228515625,-0.178955078125,6.89697265625,33.935546875,44.25048828125,-0.20068359375,0.7939453125,0.2646484375,-67.87109375,-99.42626953125,-63.96484375,-0.05029296875,-0.579833984375,0.14404296875,84.716796875,14.892578125,297.7294921875,-0.123779296875,-0.661376953125,0.402587890625,-11.29150390625,38.51318359375,-20.3857421875,-0.967041015625,0.003662109375,0.1171875,-56.33544921875,24.71923828125,-28.1982421875,-1.7816734764571436,6.8838599868762635
2022-06-09 15:29:08.879735552,-0.401611328125,-0.028076171875,-0.024169921875,6.591796875,8.1787109375,20.08056640625,-0.1513671875,0.936767578125,-0.1689453125,7.6904296875,35.09521484375,47.119140625,-0.1904296875,0.74169921875,0.245361328125,-72.81494140625,-89.2333984375,-71.6552734375,-0.061767578125,-0.71142578125,0.1552734375,90.2099609375,32.1044921875,330.74951171875,-0.12841796875,-0.619140625,0.367919921875,-7.32421875,49.86572265625,-16.2353515625,-0.968017578125,0.004150390625,0.117919921875,-56.21337890625,25.0244140625,-28.1982421875,-1.4595858464472826,6.026111702443149
2022-06-09 15:29:08.889897216,-0.41943359375,-0.0458984375,-0.01953125,8.056640625,14.2822265625,19.59228515625,-0.155517578125,0.93701171875,-0.148681640625,9.033203125,35.5224609375,49.86572265625,-0.1796875,0.6982421875,0.226318359375,-76.66015625,-80.4443359375,-79.77294921875,-0.052490234375,-0.8017578125,0.1455078125,90.27099609375,34.85107421875,346.8017578125,-0.137939453125,-0.587890625,0.333251953125,-4.45556640625,58.41064453125,-12.63427734375,-0.968505859375,0.00439453125,0.11865234375,-56.15234375,25.32958984375,-28.1982421875,-1.1841798102890024,5.065571374879614
2022-06-09 15:29:08.900058624,-0.412353515625,-0.053466796875,-0.031005859375,9.521484375,9.70458984375,18.06640625,-0.111328125,0.951171875,-0.16015625,10.3759765625,35.82763671875,53.03955078125,-0.169921875,0.662109375,0.206298828125,-79.28466796875,-73.18115234375,-87.646484375,-0.068359375,-0.909423828125,0.1357421875,89.66064453125,33.26416015625,362.12158203125,-0.15380859375,-0.571533203125,0.3017578125,-2.197265625,64.51416015625,-9.58251953125,-0.971435546875,0.006103515625,0.117919921875,-56.0302734375,25.5126953125,-28.1982421875,-0.945765789705959,4.00838181544184
2022-06-09 15:29:08.910220288,-0.398193359375,-0.059326171875,-0.056640625,9.94873046875,8.6669921875,15.9912109375,-0.0771484375,0.952880859375,-0.18310546875,10.498046875,36.7431640625,55.908203125,-0.158203125,0.636474609375,0.185791015625,-80.9326171875,-67.32177734375,-94.6044921875,-0.11865234375,-0.9697265625,0.15673828125,89.111328125,26.123046875,379.638671875,-0.16796875,-0.5625,0.270263671875,-0.3662109375,68.05419921875,-7.2021484375,-0.972412109375,0.005615234375,0.118408203125,-55.96923828125,25.390625,-28.25927734375,-0.7364643092955987,2.86606922642655
2022-06-09 15:29:08.920381952,-0.4462890625,-0.059814453125,-0.05517578125,10.43701171875,20.44677734375,12.451171875,-0.095458984375,0.95703125,-0.169921875,8.85009765625,39.24560546875,58.349609375,-0.154541015625,0.615966796875,0.16796875,-81.60400390625,-62.31689453125,-100.5859375,-0.136962890625,-1.0791015625,0.180908203125,87.46337890625,11.962890625,396.6064453125,-0.1875,-0.5625,0.24755859375,0.8544921875,69.7021484375,-5.9814453125,-0.96826171875,0.0078125,0.116455078125,-56.09130859375,25.146484375,-28.3203125,-0.546098449512499,1.652601465983576
2022-06-09 15:29:08.930543360,-0.5517578125,-0.052978515625,-0.052001953125,10.498046875,28.25927734375,8.48388671875,-0.027099609375,0.9521484375,-0.183837890625,7.14111328125,41.8701171875,61.03515625,-0.153076171875,0.605712890625,0.148681640625,-81.23779296875,-57.67822265625,-105.1025390625,-0.133056640625,-1.29150390625,0.240478515625,83.251953125,-2.8076171875,411.2548828125,-0.214111328125,-0.572265625,0.24169921875,1.46484375,69.64111328125,-5.859375,-0.96337890625,0.00390625,0.11962890625,-56.0302734375,25.634765625,-28.13720703125,-0.36226037784897613,0.38452965440372466
2022-06-09 15:29:08.940705024,-0.634765625,-0.061767578125,-0.056640625,9.46044921875,22.5830078125,4.39453125,-0.0166015625,0.959716796875,-0.18310546875,6.591796875,43.701171875,64.453125,-0.15966796875,0.60107421875,0.135009765625,-80.13916015625,-54.01611328125,-108.5205078125,-0.1083984375,-1.634033203125,0.26953125,76.23291015625,-23.5595703125,423.583984375,-0.230224609375,-0.5927734375,0.24755859375,1.46484375,68.2373046875,-7.32421875,-0.965576171875,0.00537109375,0.11865234375,-56.0302734375,26.0009765625,-28.13720703125,-0.1709160275781727,-0.921580185468212
2022-06-09 15:29:08.950866688,-0.673583984375,-0.06884765625,-0.05224609375,8.23974609375,15.380859375,0.06103515625,-0.1064453125,0.942626953125,-0.166015625,6.53076171875,45.59326171875,66.22314453125,-0.16845703125,0.599609375,0.12109375,-78.55224609375,-51.1474609375,-110.41259765625,-0.006103515625,-2.040283203125,0.250732421875,71.59423828125,-49.1943359375,433.837890625,-0.239990234375,-0.619384765625,0.249755859375,1.03759765625,65.5517578125,-10.43701171875,-0.968994140625,0.005859375,0.11962890625,-56.0302734375,26.30615234375,-28.1982421875,0.04342220453212775,-2.2502678515001833
2022-06-09 15:29:08.961027584,-0.73486328125,-0.0771484375,-0.0595703125,6.4697265625,16.54052734375,-4.45556640625,-0.076904296875,0.98095703125,-0.184326171875,5.55419921875,43.8232421875,73.05908203125,-0.171630859375,0.595947265625,0.110595703125,-76.96533203125,-49.1943359375,-110.77880859375,0.17578125,-2.382080078125,0.19140625,71.2890625,-69.3359375,437.92724609375,-0.257568359375,-0.648193359375,0.26318359375,0.244140625,62.19482421875,-14.83154296875,-0.97119140625,0.006103515625,0.115966796875,-55.96923828125,26.42822265625,-28.13720703125,0.29428248462297546,-3.5861839814452203
2022-06-09 15:29:08.971188224,-0.818603515625,-0.072021484375,-0.07373046875,4.45556640625,19.53125,-9.3994140625,-0.058349609375,1.0009765625,-0.185546875,4.94384765625,45.2880859375,77.880859375,-0.177001953125,0.5947265625,0.103271484375,-75.25634765625,-47.91259765625,-109.86328125,0.452392578125,-2.5966796875,0.08056640625,76.11083984375,-79.1015625,434.14306640625,-0.282958984375,-0.678955078125,0.278076171875,-0.8544921875,58.53271484375,-19.83642578125,-0.97265625,0.00634765625,0.116455078125,-55.96923828125,26.42822265625,-28.3203125,0.5909075793101124,-4.915988976975488
2022-06-09 15:29:08.981349120,-0.893310546875,-0.06396484375,-0.080322265625,0.30517578125,20.32470703125,-14.70947265625,-0.046630859375,1.00048828125,-0.18212890625,5.4931640625,46.7529296875,82.94677734375,-0.180908203125,0.593505859375,0.097412109375,-73.3642578125,-46.93603515625,-107.72705078125,0.656494140625,-2.679931640625,0.01171875,90.6982421875,-78.67431640625,424.01123046875,-0.310302734375,-0.71728515625,0.2919921875,-2.197265625,54.26025390625,-25.2685546875,-0.96923828125,0.0068359375,0.117919921875,-56.09130859375,26.0009765625,-28.3203125,0.9389323953395774,-6.227455930000385
2022-06-09 15:29:08.991510016,-0.97314453125,-0.078369140625,-0.0537109375,-4.638671875,18.9208984375,-19.83642578125,-0.04443359375,1.0146484375,-0.13427734375,5.7373046875,49.31640625,89.17236328125,-0.1845703125,0.592529296875,0.09423828125,-70.37353515625,-46.142578125,-104.00390625,0.713623046875,-2.8173828125,-0.11767578125,105.89599609375,-84.41162109375,402.2216796875,-0.33056640625,-0.75830078125,0.3046875,-3.72314453125,49.49951171875,-31.43310546875,-0.96484375,0.00634765625,0.122802734375,-56.15234375,25.81787109375,-28.1982421875,1.344046498467172,-7.504914723612062
2022-06-09 15:29:09.001670912,-1.041259765625,-0.0712890625,-0.01806640625,-7.6904296875,10.3759765625,-22.88818359375,-0.04931640625,0.984619140625,-0.185791015625,5.92041015625,50.96435546875,95.76416015625,-0.186767578125,0.594970703125,0.09912109375,-66.650390625,-45.59326171875,-98.81591796875,0.73681640625,-2.953369140625,-0.339599609375,110.9619140625,-107.84912109375,368.83544921875,-0.354736328125,-0.80322265625,0.31884765625,-5.67626953125,44.677734375,-38.4521484375,-0.96826171875,0.007080078125,0.116943359375,-56.0302734375,26.2451171875,-28.1982421875,1.8141893178425548,-8.730278214494913
2022-06-09 15:29:09.011831808,-1.082275390625,-0.087646484375,-0.031494140625,-12.939453125,-0.54931640625,-24.71923828125,-0.084228515625,1.01806640625,-0.16943359375,8.056640625,51.513671875,101.98974609375,-0.187744140625,0.605224609375,0.12060546875,-62.80517578125,-45.654296875,-92.34619140625,0.858154296875,-2.66357421875,-0.7373046875,97.2900390625,-142.88330078125,340.75927734375,-0.375244140625,-0.84912109375,0.33837890625,-8.30078125,40.34423828125,-46.142578125,-0.972412109375,0.0078125,0.113037109375,-55.96923828125,26.79443359375,-28.1982421875,2.358781767011738,-9.88923939918219
2022-06-09 15:29:09.021992448,-1.108154296875,-0.0751953125,-0.047607421875,-14.2822265625,-3.84521484375,-25.20751953125,-0.04296875,1.11376953125,-0.11962890625,7.8125,48.52294921875,109.92431640625,-0.185546875,0.63232421875,0.1513671875,-58.837890625,-45.59326171875,-84.53369140625,1.308349609375,-2.16259765625,-1.238525390625,77.94189453125,-148.8037109375,317.32177734375,-0.39599609375,-0.8935546875,0.3564453125,-10.8642578125,36.0107421875,-53.64990234375,-0.97705078125,0.009033203125,0.11181640625,-56.0302734375,26.42822265625,-28.1982421875,2.981696670962716,-10.969446213558962
2022-06-09 15:29:09.032153344,-1.135498046875,-0.06005859375,-0.073486328125,-17.88330078125,-3.7841796875,-23.98681640625,-0.075439453125,1.170654296875,-0.14599609375,5.67626953125,46.93603515625,117.98095703125,-0.160888671875,0.675048828125,0.1591796875,-54.87060546875,-45.166015625,-74.8291015625,2.13916015625,-1.724365234375,-1.42041015625,65.3076171875,-103.271484375,278.38134765625,-0.410400390625,-0.92041015625,0.369873046875,-12.51220703125,31.25,-60.11962890625,-0.976318359375,0.008544921875,0.110595703125,-56.0302734375,25.45166015625,-28.3203125,3.674872799237594,-11.956040786870279
2022-06-09 15:29:09.042313984,-1.189453125,-0.0732421875,-0.059326171875,-21.42333984375,-1.8310546875,-22.88818359375,-0.027099609375,1.1884765625,-0.175048828125,9.33837890625,44.61669921875,127.5634765625,-0.13818359375,0.721435546875,0.168701171875,-51.69677734375,-42.41943359375,-63.17138671875,2.837890625,-1.394287109375,-1.180419921875,44.3115234375,-11.65771484375,231.26220703125,-0.41162109375,-0.934326171875,0.380126953125,-14.34326171875,26.2451171875,-65.49072265625,-0.971923828125,0.006591796875,0.112548828125,-56.0302734375,24.90234375,-28.3203125,4.427440159616772,-12.833795406144784
2022-06-09 15:29:09.052474880,-1.24755859375,-0.076171875,-0.040283203125,-22.0947265625,-3.0517578125,-20.6298828125,0.010009765625,1.25927734375,-0.078857421875,12.8173828125,46.38671875,137.20703125,-0.123779296875,0.76416015625,0.18115234375,-49.560546875,-35.58349609375,-50.84228515625,3.161865234375,-1.3232421875,-0.83203125,18.73779296875,74.462890625,170.41015625,-0.40234375,-0.945068359375,0.38525390625,-17.76123046875,21.728515625,-70.37353515625,-0.97216796875,0.0078125,0.11181640625,-56.15234375,25.20751953125,-28.25927734375,5.238920422248746,-13.595600718318003
2022-06-09 15:29:09.062635776,-1.280517578125,-0.1015625,-0.06298828125,-23.62060546875,-9.58251953125,-16.6015625,-0.031494140625,1.355712890625,-0.033447265625,12.6953125,45.83740234375,146.17919921875,-0.119384765625,0.806640625,0.17919921875,-48.52294921875,-24.84130859375,-38.6962890625,2.783935546875,-1.442626953125,-0.638671875,4.82177734375,107.97119140625,85.44921875,-0.395751953125,-0.968505859375,0.39404296875,-23.49853515625,17.578125,-74.89013671875,-0.97509765625,0.007080078125,0.109619140625,-56.21337890625,25.2685546875,-28.4423828125,6.118830336505578,-14.244635483951287
2022-06-09 15:29:09.072796672,-1.2802734375,-0.144287109375,-0.10400390625,-23.49853515625,-19.04296875,-10.986328125,-0.08544921875,1.39794921875,-0.109619140625,13.427734375,40.22216796875,155.2734375,-0.125,0.848876953125,0.165771484375,-47.66845703125,-10.68115234375,-26.2451171875,2.328857421875,-1.36572265625,-0.70556640625,0.67138671875,90.63720703125,-15.19775390625,-0.401123046875,-1.013427734375,0.40283203125,-31.005859375,13.12255859375,-78.55224609375,-0.97705078125,0.003173828125,0.1064453125,-56.09130859375,25.08544921875,-28.564453125,7.076055554365876,-14.783524895152365
2022-06-09 15:29:09.082957568,-1.2626953125,-0.189453125,-0.11767578125,-23.74267578125,-25.0244140625,-4.69970703125,-0.0556640625,1.42919921875,-0.175537109375,16.05224609375,36.2548828125,166.259765625,-0.14990234375,0.904541015625,0.15966796875,-46.44775390625,6.40869140625,-13.5498046875,1.8828125,-1.235595703125,-0.66796875,-14.34326171875,45.71533203125,-102.783203125,-0.4169921875,-1.072021484375,0.41455078125,-38.51318359375,7.4462890625,-81.35986328125,-0.975341796875,0.0068359375,0.112060546875,-56.0302734375,24.71923828125,-28.62548828125,8.109794722662318,-15.209173923670514
2022-06-09 15:29:09.093118208,-1.261962890625,-0.2333984375,-0.079833984375,-24.84130859375,-25.7568359375,-0.6103515625,-0.029541015625,1.42333984375,-0.202880859375,19.6533203125,37.78076171875,177.978515625,-0.188720703125,0.972900390625,0.133544921875,-45.0439453125,26.2451171875,-1.40380859375,1.100830078125,-1.57666015625,-0.835693359375,-38.51318359375,-0.42724609375,-181.70166015625,-0.44189453125,-1.140625,0.441162109375,-45.22705078125,-0.1220703125,-83.92333984375,-0.971435546875,0.0068359375,0.111083984375,-56.0302734375,23.86474609375,-28.6865234375,9.212748459799439,-15.52122448925996
2022-06-09 15:29:09.103279104,-1.28125,-0.259765625,-0.051513671875,-22.52197265625,-25.390625,-0.79345703125,-0.10400390625,1.466552734375,-0.191650390625,24.0478515625,43.9453125,188.5986328125,-0.216796875,1.04150390625,0.10302734375,-43.76220703125,47.30224609375,9.6435546875,-1.492919921875,-1.47509765625,-0.241943359375,-48.095703125,-18.1884765625,-196.533203125,-0.46923828125,-1.21875,0.476318359375,-51.1474609375,-9.765625,-85.44921875,-0.964599609375,0.007080078125,0.104736328125,-56.09130859375,23.86474609375,-28.6865234375,10.374185733818344,-15.726506100994625
2022-06-09 15:29:09.113440000,-1.3076171875,-0.2138671875,-0.10107421875,-13.48876953125,-25.87890625,-3.23486328125,-0.18359375,1.595458984375,-0.176025390625,28.13720703125,48.27880859375,197.08251953125,-0.226806640625,1.10009765625,0.070068359375,-44.61669921875,68.66455078125,18.798828125,-3.325927734375,-1.409423828125,0.149169921875,-41.9921875,-23.37646484375,-140.5029296875,-0.492919921875,-1.289306640625,0.514404296875,-54.8095703125,-21.484375,-85.44921875,-0.96875,0.00927734375,0.11083984375,-56.0302734375,25.0244140625,-28.74755859375,11.573466253759314,-15.843767331956709
2022-06-09 15:29:09.123600640,-1.341552734375,-0.13427734375,-0.2314453125,-5.7373046875,-24.7802734375,-5.92041015625,-0.321044921875,1.71435546875,-0.237060546875,30.6396484375,53.466796875,205.38330078125,-0.225830078125,1.1357421875,0.0244140625,-47.7294921875,90.88134765625,25.5126953125,-1.433837890625,-1.17529296875,-0.01171875,-58.65478515625,-38.57421875,-121.2158203125,-0.52197265625,-1.343505859375,0.54248046875,-50.048828125,-45.2880859375,-81.1767578125,-0.97265625,0.008544921875,0.111083984375,-56.0302734375,25.390625,-28.74755859375,12.751345705323146,-15.903235309311118
2022-06-09 15:29:09.133761536,-1.3544921875,-0.092529296875,-0.35400390625,-2.3193359375,-25.7568359375,-6.9580078125,-0.524169921875,1.90966796875,-0.333984375,35.70556640625,59.14306640625,214.66064453125,-0.223876953125,1.137939453125,-0.021240234375,-50.47607421875,113.58642578125,30.2734375,0.23583984375,-1.99658203125,0.236083984375,-84.9609375,-75.5615234375,-179.38232421875,-0.53515625,-1.3642578125,0.551025390625,-48.40087890625,-54.931640625,-77.63671875,-0.9716796875,0.01123046875,0.106201171875,-56.33544921875,24.59716796875,-28.6865234375,13.875118801658473,-15.929161143144318
2022-06-09 15:29:09.143922432,-1.331787109375,-0.078857421875,-0.392822265625,2.38037109375,-28.13720703125,-5.18798828125,-0.712158203125,2.146728515625,-0.44482421875,42.1142578125,65.5517578125,221.61865234375,-0.223388671875,1.12060546875,-0.056884765625,-52.42919921875,135.19287109375,32.65380859375,0.557373046875,-2.359375,0.103759765625,-80.810546875,-89.4775390625,-212.95166015625,-0.55517578125,-1.43994140625,0.552490234375,-50.048828125,-64.51416015625,-73.974609375,-0.97021484375,0.010986328125,0.11328125,-56.396484375,24.10888671875,-28.38134765625,14.96730625909639,-15.937782681424778
2022-06-09 15:29:09.154083328,-1.337158203125,-0.0498046875,-0.380615234375,10.3759765625,-22.27783203125,-2.9296875,-0.90380859375,2.25146484375,-0.55126953125,52.18505859375,74.64599609375,224.609375,-0.229736328125,1.099609375,-0.093017578125,-52.001953125,155.1513671875,33.14208984375,0.58935546875,-2.056396484375,0.14697265625,-86.48681640625,-68.66455078125,-209.1064453125,-0.576171875,-1.552001953125,0.546630859375,-50.78125,-74.951171875,-69.091796875,-0.96533203125,0.009765625,0.11376953125,-56.5185546875,24.10888671875,-28.25927734375,16.029917419388248,-15.93981562417025
2022-06-09 15:29:09.164244224,-1.37060546875,-0.012451171875,-0.3916015625,14.7705078125,-16.7236328125,-2.13623046875,-0.97119140625,2.33203125,-0.412353515625,62.92724609375,86.60888671875,224.42626953125,-0.247314453125,1.111328125,-0.12841796875,-45.47119140625,172.7294921875,34.24072265625,0.63916015625,-1.539794921875,0.41943359375,-90.27099609375,-37.29248046875,-198.91357421875,-0.591796875,-1.647216796875,0.548095703125,-46.56982421875,-86.669921875,-62.31689453125,-0.968017578125,0.007080078125,0.109375,-56.45751953125,25.0244140625,-28.1982421875,17.031163925292883,-15.919010892051897
2022-06-09 15:29:09.174404864,-1.329345703125,0.04052734375,-0.392333984375,12.14599609375,-29.1748046875,-2.8076171875,-0.618408203125,2.25927734375,-0.289306640625,63.90380859375,103.515625,220.5810546875,-0.2783203125,1.158203125,-0.137451171875,-32.71484375,184.9365234375,37.29248046875,0.66552734375,-0.9306640625,0.0732421875,-84.28955078125,-24.84130859375,-179.3212890625,-0.579833984375,-1.6884765625,0.56005859375,-35.82763671875,-98.7548828125,-53.1005859375,-0.97412109375,0.006103515625,0.11279296875,-56.5185546875,25.5126953125,-28.13720703125,17.915283452620425,-15.832076889973408
2022-06-09 15:29:09.184565760,-1.16259765625,0.07080078125,-0.35791015625,3.47900390625,-52.1240234375,-4.33349609375,-0.168701171875,2.25048828125,-0.158203125,56.57958984375,121.03271484375,228.02734375,-0.316650390625,1.22265625,-0.099365234375,-19.1650390625,189.75830078125,40.4052734375,0.378662109375,-0.746826171875,-0.13671875,-85.87646484375,-25.81787109375,-153.9306640625,-0.53271484375,-1.63037109375,0.545166015625,-18.37158203125,-108.09326171875,-40.71044921875,-0.97412109375,0.001953125,0.113525390625,-56.57958984375,24.71923828125,-28.076171875,18.61530961357869,-15.650974688180202
2022-06-09 15:29:09.194726400,-1.006591796875,0.09228515625,-0.34033203125,-2.685546875,-50.23193359375,-6.89697265625,-0.220458984375,2.280029296875,-0.265380859375,39.794921875,131.40869140625,233.3984375,-0.349853515625,1.257568359375,-0.00732421875,-9.21630859375,186.5234375,42.17529296875,0.520263671875,-0.729736328125,-0.651611328125,-79.65087890625,-24.23095703125,-126.5869140625,-0.45947265625,-1.467041015625,0.505859375,2.197265625,-109.43603515625,-26.55029296875,-0.9677734375,0.0009765625,0.11767578125,-56.640625,24.10888671875,-28.25927734375,19.078454583438933,-15.387306912219103
2022-06-09 15:29:09.204887296,-0.991943359375,0.187744140625,-0.354736328125,-3.90625,-21.8505859375,-9.46044921875,-0.87646484375,2.014892578125,-0.4501953125,26.9775390625,112.548828125,221.25244140625,-0.377685546875,1.23095703125,0.10791015625,-3.2958984375,174.37744140625,43.5791015625,0.697509765625,-1.14697265625,-0.861328125,-76.171875,-23.92578125,-106.50634765625,-0.377197265625,-1.281005859375,0.453369140625,18.9208984375,-101.86767578125,-12.0849609375,-0.961181640625,0.00048828125,0.120361328125,-56.640625,23.92578125,-28.3203125,19.29924118707988,-15.067508761761994
2022-06-09 15:29:09.215048192,-1.02685546875,0.25927734375,-0.380126953125,-9.09423828125,-5.06591796875,-10.498046875,-0.98291015625,1.70458984375,-0.254638671875,21.05712890625,80.322265625,196.35009765625,-0.39892578125,1.1396484375,0.20458984375,0.30517578125,153.6865234375,45.34912109375,-0.020751953125,-1.62890625,-0.075439453125,-68.17626953125,-15.13671875,-101.1962890625,-0.305419921875,-1.1572265625,0.3916015625,28.01513671875,-88.68408203125,2.9296875,-0.9599609375,-0.001220703125,0.1181640625,-56.57958984375,25.146484375,-28.25927734375,19.314010824240412,-14.707230205505853
2022-06-09 15:29:09.225209088,-0.986328125,0.266845703125,-0.3935546875,-16.845703125,-9.70458984375,-9.3994140625,-0.370849609375,1.159423828125,-0.752685546875,19.8974609375,21.78955078125,189.208984375,-0.40869140625,1.02099609375,0.272705078125,5.7373046875,127.5634765625,47.607421875,0.353271484375,-1.575439453125,-0.187255859375,-53.22265625,-20.93505859375,-87.5244140625,-0.248779296875,-1.119384765625,0.345703125,32.470703125,-73.6083984375,17.9443359375,-0.966796875,-0.004638671875,0.119873046875,-56.21337890625,26.7333984375,-28.25927734375,19.16297397100138,-14.303401326441136
2022-06-09 15:29:09.235369984,-0.908203125,0.240478515625,-0.387451171875,-24.71923828125,-15.56396484375,-6.28662109375,-0.181396484375,0.97705078125,-0.562255859375,30.3955078125,-17.4560546875,172.79052734375,-0.404296875,0.932373046875,0.320068359375,16.17431640625,99.79248046875,49.98779296875,0.134765625,-1.357177734375,-0.34375,-49.37744140625,-18.37158203125,-81.48193359375,-0.201416015625,-1.147705078125,0.298583984375,36.1328125,-59.08203125,31.73828125,-0.97216796875,-0.003173828125,0.115234375,-56.09130859375,26.55029296875,-28.1982421875,18.869213471076858,-13.835303620467151
2022-06-09 15:29:09.245530624,-0.877685546875,0.161376953125,-0.367919921875,-32.04345703125,-6.4697265625,-2.685546875,-0.024169921875,0.84521484375,-0.567626953125,20.69091796875,2.38037109375,144.83642578125,-0.398193359375,0.898193359375,0.344970703125,31.55517578125,73.1201171875,52.67333984375,-0.035400390625,-1.106689453125,-0.192626953125,-45.0439453125,-7.2021484375,-78.4912109375,-0.17333984375,-1.199462890625,0.2607421875,41.80908203125,-45.95947265625,44.00634765625,-0.97216796875,0.001708984375,0.118896484375,-55.908203125,25.32958984375,-28.1982421875,18.438465943963635,-13.275068983419466
2022-06-09 15:29:09.255691520,-0.9443359375,0.0810546875,-0.335693359375,-35.21728515625,13.00048828125,-1.40380859375,-0.424560546875,0.908935546875,-0.408203125,24.35302734375,-31.25,113.8916015625,-0.40087890625,0.921630859375,0.35595703125,48.76708984375,47.4853515625,54.931640625,0.203125,-0.943603515625,-0.1650390625,-33.203125,7.080078125,-70.49560546875,-0.16455078125,-1.2392578125,0.22998046875,49.9267578125,-34.66796875,54.87060546875,-0.9638671875,0.00048828125,0.123291015625,-55.84716796875,24.90234375,-28.076171875,17.866062541462437,-12.605374172116147
2022-06-09 15:29:09.265852416,-1.060302734375,-0.013916015625,-0.35693359375,-39.48974609375,23.8037109375,-2.197265625,-0.796142578125,0.76318359375,-0.16455078125,22.5830078125,-77.2705078125,73.8525390625,-0.416015625,0.977783203125,0.373046875,64.3310546875,20.6298828125,56.7626953125,0.0380859375,-1.072509765625,-0.069091796875,-22.03369140625,28.62548828125,-50.72021484375,-0.180419921875,-1.250244140625,0.20458984375,58.65478515625,-25.20751953125,64.208984375,-0.961669921875,0.0009765625,0.12060546875,-55.72509765625,25.390625,-27.89306640625,17.152223421836624,-11.82895859622307
2022-06-09 15:29:09.276013056,-1.125732421875,-0.11328125,-0.34765625,-43.0908203125,18.24951171875,-3.23486328125,-0.745849609375,0.499755859375,-0.022216796875,19.95849609375,-102.60009765625,26.30615234375,-0.42333984375,1.074951171875,0.4228515625,86.181640625,-42.54150390625,59.08203125,-0.0576171875,-1.1142578125,-0.06884765625,-19.95849609375,31.005859375,-42.78564453125,-0.205078125,-1.24853515625,0.191162109375,65.91796875,-16.90673828125,71.533203125,-0.966796875,0.00341796875,0.1171875,-55.7861328125,26.123046875,-27.77099609375,16.31283914596194,-10.933292743414054
2022-06-09 15:29:09.286173952,-1.125244140625,-0.217529296875,-0.3076171875,-45.10498046875,11.1083984375,-4.21142578125,-0.319091796875,0.265380859375,0.039794921875,2.44140625,-102.96630859375,-41.19873046875,-0.401123046875,1.103271484375,0.453125,94.42138671875,-77.5146484375,60.302734375,-0.1015625,-1.114013671875,-0.0439453125,-19.287109375,28.74755859375,-38.9404296875,-0.24462890625,-1.252685546875,0.179443359375,70.068359375,-10.6201171875,75.68359375,-0.970703125,0.00634765625,0.115966796875,-55.84716796875,26.2451171875,-27.7099609375,15.382745465733006,-9.939396870923302
2022-06-09 15:29:09.296334848,-1.103515625,-0.279052734375,-0.2880859375,-41.56494140625,12.39013671875,-5.37109375,-0.2236328125,0.06494140625,-0.06494140625,-11.90185546875,-92.83447265625,-67.44384765625,-0.365966796875,1.130126953125,0.47802734375,101.74560546875,-111.083984375,61.09619140625,-0.123291015625,-1.108154296875,-0.029296875,-18.73779296875,26.06201171875,-36.68212890625,-0.2890625,-1.270751953125,0.18212890625,72.44873046875,-6.8359375,77.5146484375,-0.97509765625,0.005126953125,0.115478515625,-55.908203125,25.93994140625,-27.77099609375,14.39907155603348,-8.89071127487454
2022-06-09 15:29:09.306495744,-1.090087890625,-0.28564453125,-0.28271484375,-35.0341796875,15.2587890625,-6.65283203125,-0.220458984375,0.025146484375,-0.1416015625,-21.78955078125,-78.2470703125,-96.3134765625,-0.320068359375,1.1533203125,0.497802734375,106.99462890625,-139.95361328125,60.97412109375,-0.13916015625,-1.102783203125,-0.03955078125,-18.73779296875,21.54541015625,-35.46142578125,-0.330322265625,-1.284423828125,0.199951171875,75.86669921875,-5.0048828125,78.67431640625,-0.97509765625,0.006591796875,0.113525390625,-56.0302734375,26.06201171875,-27.83203125,13.375497094391687,-7.80044061558336
2022-06-09 15:29:09.316656640,-1.060791015625,-0.273193359375,-0.277099609375,-27.83203125,13.3056640625,-7.9345703125,-0.255126953125,0.066650390625,-0.143798828125,-28.86962890625,-67.44384765625,-125.91552734375,-0.27099609375,1.153564453125,0.49560546875,108.45947265625,-160.46142578125,59.5703125,-0.117431640625,-1.066162109375,-0.06298828125,-18.85986328125,18.85986328125,-35.70556640625,-0.371337890625,-1.272216796875,0.213623046875,81.0546875,-3.96728515625,79.345703125,-0.976318359375,0.006103515625,0.110595703125,-56.15234375,26.123046875,-27.89306640625,12.306868047970159,-6.692784292026088
2022-06-09 15:29:09.326817280,-1.022216796875,-0.248779296875,-0.225830078125,-18.5546875,6.2255859375,-9.09423828125,-0.256591796875,0.13671875,-0.078857421875,-35.0341796875,-63.5986328125,-153.13720703125,-0.22021484375,1.113525390625,0.482421875,105.77392578125,-170.71533203125,56.57958984375,-0.0966796875,-1.030517578125,-0.10888671875,-18.61572265625,21.728515625,-34.85107421875,-0.405517578125,-1.23388671875,0.237548828125,87.890625,-3.41796875,80.4443359375,-0.97802734375,0.007568359375,0.10986328125,-56.21337890625,25.634765625,-27.83203125,11.181979029174304,-5.600196740359856
2022-06-09 15:29:09.336978176,-0.95458984375,-0.210205078125,-0.173095703125,-9.82666015625,-5.31005859375,-9.21630859375,-0.21923828125,0.2333984375,0.030029296875,-43.51806640625,-63.78173828125,-179.01611328125,-0.16015625,1.0419921875,0.462890625,99.79248046875,-169.61669921875,52.1240234375,-0.085205078125,-1.02392578125,-0.158203125,-17.9443359375,30.09033203125,-33.87451171875,-0.421630859375,-1.162353515625,0.25927734375,95.3369140625,-3.90625,82.58056640625,-0.972412109375,0.00732421875,0.10986328125,-56.2744140625,24.658203125,-27.77099609375,9.987973177323152,-4.55484480996499
2022-06-09 15:29:09.347138816,-0.84375,-0.190673828125,-0.146240234375,-4.8828125,-10.19287109375,-8.11767578125,-0.17138671875,0.338134765625,0.09765625,-53.466796875,-63.53759765625,-204.345703125,-0.096923828125,0.955078125,0.44140625,92.83447265625,-156.6162109375,46.69189453125,-0.08935546875,-1.02734375,-0.157958984375,-16.66259765625,39.4287109375,-33.75244140625,-0.418212890625,-1.074462890625,0.275390625,101.5625,-4.57763671875,85.693359375,-0.9658203125,0.007568359375,0.109375,-56.2744140625,24.23095703125,-27.77099609375,8.719782740924991,-3.5783738642414207
2022-06-09 15:29:09.357299712,-0.75927734375,-0.172607421875,-0.09765625,0.3662109375,-7.38525390625,-6.53076171875,-0.146728515625,0.381103515625,0.102294921875,-63.41552734375,-61.03515625,-227.23388671875,-0.037109375,0.86376953125,0.4189453125,85.99853515625,-131.89697265625,40.71044921875,-0.09326171875,-1.0234375,-0.15576171875,-14.5263671875,47.91259765625,-34.48486328125,-0.399169921875,-0.989013671875,0.28173828125,105.46875,-3.7841796875,89.35546875,-0.96484375,0.009765625,0.108642578125,-56.2744140625,25.20751953125,-27.9541015625,7.384226606198222,-2.679911914236552
2022-06-09 15:29:09.367461376,-0.692626953125,-0.150390625,-0.080810546875,5.7373046875,-3.5400390625,-4.150390625,-0.15771484375,0.43603515625,0.094970703125,-70.98388671875,-54.8095703125,-245.66650390625,0.005126953125,0.774169921875,0.395263671875,79.833984375,-97.59521484375,35.09521484375,-0.177978515625,-1.018798828125,-0.150634765625,-12.6953125,53.1005859375,-35.94970703125,-0.370849609375,-0.915283203125,0.282958984375,107.60498046875,0.0,93.56689453125,-0.968994140625,0.00927734375,0.1044921875,-56.2744140625,26.3671875,-27.9541015625,5.991698133767656,-1.8585726117482722
2022-06-09 15:29:09.377623040,-0.631103515625,-0.1318359375,-0.07470703125,9.521484375,-0.91552734375,-1.3427734375,-0.165283203125,0.533203125,0.09423828125,-77.08740234375,-47.36328125,-262.451171875,0.008544921875,0.704833984375,0.367431640625,74.951171875,-59.08203125,30.3955078125,-0.2158203125,-1.016357421875,-0.149169921875,-12.14599609375,50.4150390625,-38.2080078125,-0.338623046875,-0.8505859375,0.281005859375,107.48291015625,6.34765625,97.900390625,-0.973388671875,0.01220703125,0.1064453125,-56.45751953125,26.7333984375,-27.9541015625,4.554177972349997,-1.104050139778817
2022-06-09 15:29:09.387784448,-0.585205078125,-0.11962890625,-0.064453125,13.3056640625,1.220703125,1.15966796875,-0.1630859375,0.619384765625,0.0771484375,-83.31298828125,-42.05322265625,-277.9541015625,-0.018798828125,0.665771484375,0.356689453125,70.98388671875,-24.23095703125,26.9775390625,-0.174560546875,-1.034912109375,-0.124267578125,-11.8408203125,43.51806640625,-40.6494140625,-0.31396484375,-0.803466796875,0.2744140625,105.1025390625,13.36669921875,102.47802734375,-0.966552734375,0.0107421875,0.103759765625,-56.884765625,25.32958984375,-28.01513671875,3.086651900060261,-0.40183904745520493
2022-06-09 15:29:09.397946112,-0.55419921875,-0.09814453125,-0.060546875,16.9677734375,3.5400390625,3.23486328125,-0.16259765625,0.678466796875,0.0419921875,-89.17236328125,-40.46630859375,-292.1142578125,-0.037109375,0.6572265625,0.3837890625,66.83349609375,-0.9765625,25.57373046875,-0.13134765625,-1.038330078125,-0.11181640625,-10.8642578125,39.12353515625,-43.3349609375,-0.295166015625,-0.77001953125,0.26513671875,101.318359375,18.798828125,108.0322265625,-0.964599609375,0.011962890625,0.10595703125,-57.0068359375,25.390625,-27.89306640625,1.5980001729618039,0.26360871280965625
2022-06-09 15:29:09.408107776,-0.537841796875,-0.072509765625,-0.066162109375,19.47021484375,5.0048828125,4.57763671875,-0.157470703125,0.7470703125,0.015869140625,-94.482421875,-41.50390625,-306.884765625,-0.025634765625,0.66162109375,0.41064453125,61.46240234375,9.58251953125,27.099609375,-0.10546875,-1.038330078125,-0.110595703125,-10.498046875,36.2548828125,-46.20361328125,-0.269287109375,-0.745849609375,0.251708984375,96.86279296875,21.78955078125,113.95263671875,-0.966552734375,0.00927734375,0.105224609375,-57.12890625,26.06201171875,-27.83203125,0.09109440340651531,0.9100598155560391
2022-06-09 15:29:09.418269440,-0.543212890625,-0.049560546875,-0.07275390625,20.44677734375,6.28662109375,5.0048828125,-0.146728515625,0.823974609375,-0.016357421875,-98.32763671875,-44.3115234375,-322.57080078125,-0.00146484375,0.6650390625,0.38916015625,55.11474609375,15.2587890625,29.9072265625,-0.097900390625,-1.03076171875,-0.12353515625,-10.19287109375,36.31591796875,-48.9501953125,-0.245361328125,-0.732666015625,0.235107421875,91.49169921875,23.13232421875,119.44580078125,-0.9716796875,0.009521484375,0.104736328125,-57.12890625,26.611328125,-27.9541015625,-1.4277355650230668,1.5500332436766797
2022-06-09 15:29:09.428431104,-0.569091796875,-0.045654296875,-0.08349609375,20.6298828125,7.87353515625,5.31005859375,-0.15185546875,0.92041015625,-0.031494140625,-100.2197265625,-45.95947265625,-338.07373046875,0.014404296875,0.65966796875,0.3349609375,48.4619140625,23.4375,31.6162109375,-0.11083984375,-1.020263671875,-0.135009765625,-8.9111328125,32.65380859375,-51.025390625,-0.2255859375,-0.727294921875,0.2177734375,86.0595703125,23.98681640625,123.84033203125,-0.973876953125,0.009033203125,0.100830078125,-57.0068359375,26.67236328125,-27.89306640625,-2.948859931043838,2.1806923626777
2022-06-09 15:29:09.438592512,-0.609375,-0.029296875,-0.0947265625,22.52197265625,9.765625,5.7373046875,-0.168212890625,1.05078125,-0.052490234375,-100.2197265625,-48.095703125,-353.3935546875,0.00927734375,0.648681640625,0.281982421875,41.6259765625,35.5224609375,32.470703125,-0.02685546875,-1.033203125,-0.109619140625,-7.9345703125,31.8603515625,-52.8564453125,-0.21875,-0.728759765625,0.1943359375,80.810546875,24.71923828125,127.25830078125,-0.978759765625,0.00634765625,0.107421875,-57.12890625,26.3671875,-27.77099609375,-4.464356994498548,2.7918846802258983
2022-06-09 15:29:09.448754176,-0.648193359375,-0.0234375,-0.1171875,23.49853515625,11.16943359375,6.4697265625,-0.193359375,1.219482421875,-0.05322265625,-97.900390625,-52.6123046875,-367.24853515625,-0.015625,0.644775390625,0.238525390625,35.400390625,49.4384765625,33.63037109375,-0.051513671875,-1.04443359375,-0.112060546875,-8.11767578125,34.1796875,-54.26025390625,-0.234619140625,-0.72705078125,0.169189453125,75.5615234375,25.08544921875,129.7607421875,-0.977783203125,0.007080078125,0.107421875,-57.18994140625,25.5126953125,-27.64892578125,-5.967128374278655,3.3820431093874426
2022-06-09 15:29:09.458915584,-0.682861328125,-0.00146484375,-0.122802734375,25.146484375,11.962890625,7.62939453125,-0.196533203125,1.428466796875,-0.05810546875,-94.6044921875,-59.08203125,-378.84521484375,-0.052978515625,0.650634765625,0.205322265625,30.09033203125,62.01171875,36.376953125,-0.0458984375,-1.0615234375,-0.10546875,-8.36181640625,34.85107421875,-56.2744140625,-0.259033203125,-0.728759765625,0.143310546875,70.1904296875,24.35302734375,131.28662109375,-0.97412109375,0.0048828125,0.107421875,-57.18994140625,24.7802734375,-27.4658203125,-7.448965099677334,3.963191465775612
2022-06-09 15:29:09.469077248,-0.7255859375,0.011474609375,-0.126220703125,24.71923828125,13.85498046875,8.85009765625,-0.112060546875,1.68408203125,-0.057373046875,-91.12548828125,-68.05419921875,-389.404296875,-0.0888671875,0.666748046875,0.20458984375,26.55029296875,70.98388671875,40.46630859375,-0.030517578125,-1.06494140625,-0.100341796875,-8.4228515625,35.400390625,-58.65478515625,-0.27880859375,-0.734130859375,0.121826171875,64.94140625,21.66748046875,131.40869140625,-0.971435546875,0.0009765625,0.1103515625,-57.06787109375,25.08544921875,-27.4658203125,-8.900226560151737,4.554902782969304
2022-06-09 15:29:09.479238912,-0.767333984375,0.029052734375,-0.11376953125,24.59716796875,16.05224609375,10.07080078125,0.000244140625,1.99951171875,-0.1025390625,-87.0361328125,-81.0546875,-398.3154296875,-0.123046875,0.694091796875,0.23681640625,23.8037109375,75.439453125,45.47119140625,-0.011962890625,-1.06005859375,-0.090087890625,-8.36181640625,35.82763671875,-60.72998046875,-0.297607421875,-0.739501953125,0.103271484375,60.24169921875,16.845703125,129.82177734375,-0.9736328125,-0.000732421875,0.11083984375,-57.0068359375,25.634765625,-27.52685546875,-10.310885477596681,5.173537645069928
2022-06-09 15:29:09.489400320,-0.808837890625,0.04296875,-0.1064453125,23.681640625,17.08984375,11.29150390625,0.033447265625,2.34423828125,-0.228759765625,-82.763671875,-100.830078125,-401.67236328125,-0.14892578125,0.72021484375,0.26171875,21.6064453125,76.84326171875,50.96435546875,0.017822265625,-1.064697265625,-0.084716796875,-8.056640625,37.2314453125,-62.68310546875,-0.3056640625,-0.744873046875,0.08935546875,56.21337890625,10.68115234375,126.708984375,-0.977783203125,0.001220703125,0.10888671875,-56.94580078125,25.87890625,-27.587890625,-11.672434158412496,5.828646588758332
2022-06-09 15:29:09.499561984,-0.8408203125,0.05029296875,-0.098876953125,22.216796875,15.625,12.3291015625,0.105224609375,2.61181640625,-0.346435546875,-82.6416015625,-126.953125,-400.5126953125,-0.173095703125,0.7412109375,0.29345703125,20.263671875,78.0029296875,56.21337890625,0.03271484375,-1.07373046875,-0.0771484375,-7.32421875,39.55078125,-64.5751953125,-0.313232421875,-0.74853515625,0.078369140625,52.734375,3.84521484375,122.13134765625,-0.979736328125,0.0009765625,0.107177734375,-56.94580078125,25.2685546875,-27.7099609375,-12.977370960530843,6.524880856134654
2022-06-09 15:29:09.509723648,-0.865234375,0.05615234375,-0.075927734375,19.83642578125,13.671875,13.12255859375,0.230224609375,2.6533203125,-0.500732421875,-87.158203125,-151.0009765625,-393.12744140625,-0.195556640625,0.7568359375,0.328857421875,19.10400390625,81.298828125,60.48583984375,0.007568359375,-1.076416015625,-0.11376953125,-7.87353515625,41.9921875,-67.0166015625,-0.3154296875,-0.748046875,0.07470703125,49.62158203125,-3.41796875,116.63818359375,-0.9775390625,0.001220703125,0.10693359375,-56.884765625,24.169921875,-27.7099609375,-14.219472484473375,7.259589885934496
2022-06-09 15:29:09.519885312,-0.894775390625,0.05224609375,-0.050537109375,17.7001953125,11.8408203125,13.97705078125,0.490478515625,2.651123046875,-0.69189453125,-90.51513671875,-164.61181640625,-378.96728515625,-0.224609375,0.768310546875,0.355712890625,17.08984375,87.46337890625,63.17138671875,-0.04638671875,-1.102783203125,-0.1298828125,-10.6201171875,43.9453125,-69.15283203125,-0.313232421875,-0.74462890625,0.0771484375,46.9970703125,-10.80322265625,110.29052734375,-0.974853515625,0.002685546875,0.110595703125,-56.884765625,23.37646484375,-27.83203125,-15.394575612310975,7.996043179559621
2022-06-09 15:29:09.530046976,-0.9228515625,0.04736328125,-0.024658203125,17.2119140625,9.521484375,15.0146484375,0.78173828125,2.767333984375,-0.760009765625,-97.83935546875,-151.79443359375,-355.16357421875,-0.264404296875,0.7783203125,0.373291015625,14.58740234375,94.3603515625,64.453125,-0.02001953125,-1.12548828125,-0.1103515625,-11.29150390625,45.8984375,-73.486328125,-0.31103515625,-0.740966796875,0.080078125,44.73876953125,-17.76123046875,103.1494140625,-0.968505859375,0.0029296875,0.112060546875,-56.7626953125,23.3154296875,-27.83203125,-16.498941846684183,8.711176541174577
2022-06-09 15:29:09.540208384,-0.94189453125,0.035400390625,-0.01708984375,16.41845703125,6.04248046875,15.869140625,0.83642578125,2.677001953125,-1.002197265625,-94.66552734375,-147.5830078125,-324.64599609375,-0.30859375,0.781494140625,0.384033203125,12.5732421875,98.6328125,65.3076171875,-0.04931640625,-1.149658203125,-0.03564453125,-11.77978515625,47.66845703125,-79.9560546875,-0.29833984375,-0.7373046875,0.083984375,42.48046875,-23.8037109375,95.52001953125,-0.96923828125,0.001220703125,0.109130859375,-56.45751953125,23.92578125,-27.89306640625,-17.528541419069505,9.398306657241807
2022-06-09 15:29:09.550370048,-0.95068359375,0.0185546875,-0.030517578125,15.80810546875,1.5869140625,16.11328125,1.2890625,2.326904296875,-1.299072265625,-74.0966796875,-149.10888671875,-300.6591796875,-0.347412109375,0.781494140625,0.39892578125,11.474609375,99.12109375,66.10107421875,-0.03955078125,-1.154541015625,0.033935546875,-11.5966796875,44.677734375,-86.97509765625,-0.280029296875,-0.73291015625,0.087158203125,40.46630859375,-28.13720703125,87.46337890625,-0.973876953125,0.001220703125,0.10546875,-56.2744140625,24.169921875,-28.01513671875,-18.480465773935677,10.060470483455283
2022-06-09 15:29:09.560531712,-0.960693359375,0.01025390625,-0.041015625,15.19775390625,-0.79345703125,15.625,1.948974609375,1.806884765625,-1.392822265625,-61.8896484375,-99.18212890625,-271.42333984375,-0.375,0.78466796875,0.423583984375,12.02392578125,96.00830078125,66.83349609375,-0.067138671875,-1.155029296875,-0.022705078125,-12.87841796875,39.85595703125,-95.3369140625,-0.262451171875,-0.73095703125,0.09521484375,38.26904296875,-29.72412109375,79.345703125,-0.9736328125,0.00244140625,0.10302734375,-56.15234375,23.49853515625,-27.9541015625,-19.353007162725422,10.705527008928243
2022-06-09 15:29:09.570693376,-0.98876953125,0.015869140625,-0.044921875,15.13671875,1.3427734375,13.73291015625,2.395751953125,1.275390625,-1.417236328125,-44.43359375,-17.27294921875,-234.4970703125,-0.39501953125,0.792724609375,0.448974609375,13.12255859375,90.51513671875,66.83349609375,-0.06298828125,-1.219482421875,-0.038330078125,-14.16015625,37.59765625,-103.94287109375,-0.244140625,-0.73095703125,0.094970703125,35.70556640625,-28.25927734375,71.044921875,-0.97021484375,0.002685546875,0.105712890625,-56.09130859375,22.64404296875,-27.89306640625,-20.143386879525536,11.337618193590046
2022-06-09 15:29:09.580854784,-1.037841796875,0.01904296875,-0.04736328125,13.61083984375,4.45556640625,11.1083984375,2.711669921875,1.037109375,-1.112060546875,-25.390625,59.4482421875,-196.59423828125,-0.416015625,0.80517578125,0.466552734375,13.916015625,82.82470703125,65.673828125,-0.07275390625,-1.250732421875,-0.033203125,-13.73291015625,36.4990234375,-112.97607421875,-0.226318359375,-0.739013671875,0.0908203125,32.5927734375,-24.10888671875,62.255859375,-0.965576171875,0.00537109375,0.106689453125,-56.09130859375,22.88818359375,-27.83203125,-20.845926764999778,11.951131822604541
2022-06-09 15:29:09.591016192,-1.099365234375,0.02490234375,-0.065673828125,11.5966796875,3.5400390625,7.8125,2.818603515625,1.05810546875,-0.788818359375,-14.34326171875,104.18701171875,-140.07568359375,-0.434326171875,0.82421875,0.482177734375,14.83154296875,72.265625,63.53759765625,-0.067626953125,-1.26904296875,-0.032958984375,-15.7470703125,34.5458984375,-123.71826171875,-0.214599609375,-0.755126953125,0.08251953125,28.80859375,-17.822265625,52.978515625,-0.97119140625,0.00439453125,0.10302734375,-56.0302734375,23.98681640625,-27.83203125,-21.452651177483034,12.538340056593714
2022-06-09 15:29:09.601177856,-1.150634765625,0.025634765625,-0.0966796875,8.4228515625,-1.708984375,4.2724609375,2.65087890625,1.09619140625,-0.662841796875,1.52587890625,106.0791015625,-60.05859375,-0.451171875,0.860595703125,0.495361328125,16.845703125,57.80029296875,61.21826171875,-0.060302734375,-1.313232421875,-0.038330078125,-17.39501953125,31.73828125,-134.6435546875,-0.208251953125,-0.776611328125,0.077880859375,24.2919921875,-9.521484375,42.96875,-0.978271484375,0.006591796875,0.10205078125,-56.0302734375,24.5361328125,-27.77099609375,-21.954033022359507,13.09999662465183
2022-06-09 15:29:09.611339520,-1.185791015625,0.03369140625,-0.1064453125,5.18798828125,-6.103515625,1.3427734375,2.107177734375,1.1591796875,-0.394775390625,20.08056640625,60.60791015625,109.4970703125,-0.46435546875,0.908447265625,0.502197265625,19.8974609375,39.4287109375,58.53271484375,-0.0712890625,-1.333251953125,-0.12255859375,-18.61572265625,28.86962890625,-145.69091796875,-0.204345703125,-0.7978515625,0.074951171875,19.22607421875,0.30517578125,32.40966796875,-0.98095703125,0.00341796875,0.101806640625,-56.09130859375,23.86474609375,-27.77099609375,-22.340837847828723,13.641908951807917
2022-06-09 15:29:09.621501184,-1.22802734375,0.048095703125,-0.07861328125,2.74658203125,-6.4697265625,-0.9765625,0.659423828125,1.538818359375,-0.431396484375,34.97314453125,19.71435546875,171.875,-0.468994140625,0.964111328125,0.506103515625,22.88818359375,18.49365234375,55.2978515625,-0.110107421875,-1.370361328125,-0.158203125,-20.751953125,29.4189453125,-157.28759765625,-0.21142578125,-0.82666015625,0.073974609375,13.18359375,11.23046875,21.05712890625,-0.973388671875,0.005859375,0.10302734375,-56.15234375,22.76611328125,-27.83203125,-22.60292553295453,14.16475765933821
2022-06-09 15:29:09.631662848,-1.272216796875,0.045654296875,-0.050537109375,0.42724609375,-7.99560546875,-1.89208984375,-1.623046875,1.157958984375,-0.019287109375,41.44287109375,-25.81787109375,177.30712890625,-0.46337890625,1.02294921875,0.516357421875,25.45166015625,-2.38037109375,51.45263671875,-0.0546875,-1.408935546875,-0.098388671875,-22.8271484375,34.423828125,-168.701171875,-0.23095703125,-0.861083984375,0.07763671875,6.103515625,22.216796875,8.9111328125,-0.968017578125,0.00537109375,0.106201171875,-56.15234375,22.88818359375,-27.83203125,-22.727827025058012,14.664315865941703
2022-06-09 15:29:09.641824256,-1.29345703125,0.002685546875,-0.088623046875,-1.77001953125,-16.7236328125,-1.40380859375,-2.896240234375,1.13818359375,0.518310546875,45.71533203125,-52.6123046875,135.07080078125,-0.463134765625,1.0859375,0.521484375,26.91650390625,-21.6064453125,46.69189453125,-0.0751953125,-1.49560546875,-0.000732421875,-24.59716796875,43.64013671875,-182.67822265625,-0.28515625,-0.920654296875,0.112548828125,-7.080078125,39.48974609375,-15.56396484375,-0.96923828125,0.003662109375,0.1083984375,-56.15234375,23.92578125,-27.83203125,-22.642883727166424,15.131936555919918
2022-06-09 15:29:09.651985920,-1.28173828125,-0.07177734375,-0.18896484375,-2.197265625,-28.076171875,0.244140625,-0.732177734375,1.161376953125,0.467529296875,41.93115234375,-64.0869140625,122.37548828125,-0.4638671875,1.138916015625,0.52783203125,26.18408203125,-39.306640625,41.07666015625,-0.33447265625,-1.760009765625,0.161865234375,-28.74755859375,53.955078125,-210.38818359375,-0.302001953125,-0.92236328125,0.157470703125,-11.5966796875,43.76220703125,-26.67236328125,-0.9736328125,0.00439453125,0.106689453125,-56.0302734375,24.4140625,-27.83203125,-22.362252287448534,15.553284023787327
2022-06-09 15:29:09.662147584,-1.256103515625,-0.118896484375,-0.265869140625,1.15966796875,-30.82275390625,1.89208984375,0.384765625,1.68701171875,0.22265625,60.36376953125,-68.7255859375,161.62109375,-0.452392578125,1.155029296875,0.523193359375,22.27783203125,-54.87060546875,34.66796875,-0.519287109375,-1.89599609375,0.140625,-34.85107421875,57.861328125,-220.15380859375,-0.303955078125,-0.919677734375,0.1982421875,-16.357421875,45.7763671875,-37.17041015625,-0.972412109375,0.0048828125,0.10693359375,-55.96923828125,23.98681640625,-27.77099609375,-21.96815897208613,15.909190591487267
2022-06-09 15:29:09.672309248,-1.2353515625,-0.127197265625,-0.271240234375,5.55419921875,-25.5126953125,2.86865234375,0.03125,1.990966796875,-0.0087890625,58.7158203125,-39.48974609375,177.24609375,-0.436279296875,1.137451171875,0.489013671875,16.17431640625,-65.185546875,27.2216796875,-0.620361328125,-2.04150390625,0.15478515625,-42.66357421875,65.36865234375,-225.64697265625,-0.296875,-0.935546875,0.21728515625,-22.705078125,46.7529296875,-48.095703125,-0.968994140625,0.00341796875,0.109375,-55.96923828125,23.3154296875,-27.83203125,-21.455399875982664,16.17960482277122
2022-06-09 15:29:09.682470912,-1.19970703125,-0.124267578125,-0.266845703125,7.87353515625,-23.3154296875,3.662109375,0.0458984375,1.734375,-0.27978515625,56.70166015625,-37.7197265625,174.49951171875,-0.388671875,1.126220703125,0.42626953125,5.7373046875,-68.84765625,9.521484375,-0.5810546875,-2.22119140625,0.194091796875,-45.7763671875,90.4541015625,-225.40283203125,-0.297119140625,-0.972412109375,0.2265625,-30.33447265625,47.607421875,-59.38720703125,-0.9658203125,0.00341796875,0.1123046875,-55.908203125,23.62060546875,-27.77099609375,-20.811580131146375,16.30002891762306
2022-06-09 15:29:09.692632320,-1.15771484375,-0.130859375,-0.310302734375,7.99560546875,-23.4375,4.150390625,0.248291015625,1.6435546875,-0.0810546875,66.95556640625,-26.9775390625,177.18505859375,-0.364501953125,1.185546875,0.40771484375,2.685546875,-66.89453125,1.0986328125,-0.70068359375,-2.29833984375,0.13671875,-47.8515625,126.3427734375,-218.3837890625,-0.300048828125,-1.01904296875,0.220703125,-37.59765625,48.64501953125,-70.37353515625,-0.967529296875,0.00341796875,0.112060546875,-55.84716796875,24.23095703125,-27.83203125,-20.03397855938273,16.276093548487474
2022-06-09 15:29:09.702793728,-1.140380859375,-0.138427734375,-0.37451171875,8.48388671875,-21.66748046875,4.21142578125,0.242919921875,1.34521484375,-0.088134765625,72.3876953125,-30.029296875,171.44775390625,-0.336181640625,1.245361328125,0.392822265625,-2.44140625,-63.90380859375,-6.89697265625,-0.8017578125,-2.2529296875,-0.037353515625,-49.1943359375,155.76171875,-214.05029296875,-0.303466796875,-1.057861328125,0.205078125,-43.27392578125,49.560546875,-80.56640625,-0.971435546875,0.004150390625,0.11083984375,-55.72509765625,24.2919921875,-27.9541015625,-19.134523410303604,16.166299358529134
2022-06-09 15:29:09.712955392,-1.128173828125,-0.1259765625,-0.4033203125,8.6669921875,-21.1181640625,4.0283203125,0.047607421875,0.988037109375,-0.343505859375,70.49560546875,-54.50439453125,153.50341796875,-0.296630859375,1.27587890625,0.380859375,-10.31494140625,-58.9599609375,-14.22119140625,-0.445068359375,-2.01708984375,-0.43310546875,-44.5556640625,165.4052734375,-214.53857421875,-0.315673828125,-1.080810546875,0.202392578125,-48.76708984375,50.4150390625,-90.4541015625,-0.970947265625,0.006103515625,0.113037109375,-55.84716796875,23.681640625,-28.01513671875,-18.125024515128178,15.965208005006872
2022-06-09 15:29:09.723117056,-1.091064453125,-0.126220703125,-0.39111328125,6.7138671875,-21.1181640625,4.69970703125,0.79541015625,0.805419921875,-0.8212890625,72.08251953125,-63.4765625,132.62939453125,-0.26416015625,1.283447265625,0.382080078125,-19.04296875,-52.18505859375,-21.484375,0.1875,-2.064697265625,-0.581787109375,-41.19873046875,125.48828125,-230.3466796875,-0.33154296875,-1.101806640625,0.21875,-55.72509765625,50.9033203125,-99.9755859375,-0.966552734375,0.00732421875,0.113037109375,-55.84716796875,23.25439453125,-28.076171875,-17.005259263744577,15.66861308611697
2022-06-09 15:29:09.733278720,-1.04736328125,-0.162109375,-0.39013671875,5.06591796875,-18.06640625,6.04248046875,0.2099609375,1.146240234375,-0.388916015625,70.6787109375,-34.60693359375,127.50244140625,-0.247802734375,1.283203125,0.384033203125,-28.1982421875,-44.7998046875,-29.052734375,-0.22412109375,-1.851318359375,-0.45751953125,-30.517578125,71.96044921875,-236.75537109375,-0.35205078125,-1.127197265625,0.26025390625,-63.53759765625,49.62158203125,-108.7646484375,-0.966552734375,0.010498046875,0.114501953125,-55.72509765625,23.681640625,-28.076171875,-15.772572199353492,15.273884038414483
2022-06-09 15:29:09.743440128,-1.029052734375,-0.196044921875,-0.44970703125,8.056640625,-12.39013671875,8.11767578125,0.113525390625,1.179443359375,-0.122802734375,60.6689453125,-17.88330078125,121.39892578125,-0.2392578125,1.26123046875,0.3779296875,-38.0859375,-37.90283203125,-35.888671875,-0.5,-1.74853515625,-0.31396484375,-32.53173828125,22.88818359375,-212.40234375,-0.370849609375,-1.152099609375,0.312255859375,-70.4345703125,45.47119140625,-116.2109375,-0.967529296875,0.01318359375,0.115478515625,-55.7861328125,24.35302734375,-28.13720703125,-14.435611430058936,14.781820532273517
2022-06-09 15:29:09.753601792,-1.015380859375,-0.20458984375,-0.499267578125,14.58740234375,-6.103515625,10.07080078125,0.337646484375,1.048095703125,-0.235107421875,53.466796875,-8.11767578125,111.87744140625,-0.24267578125,1.216796875,0.349365234375,-48.095703125,-30.8837890625,-42.236328125,-0.364501953125,-1.511962890625,-0.146484375,-23.681640625,-11.53564453125,-178.7109375,-0.392822265625,-1.1796875,0.366943359375,-76.59912109375,38.51318359375,-122.314453125,-0.971923828125,0.011962890625,0.112060546875,-55.84716796875,24.2919921875,-28.076171875,-13.010425380348524,14.197830401103179
2022-06-09 15:29:09.763763456,-1.00048828125,-0.203857421875,-0.473388671875,20.99609375,-1.0986328125,9.82666015625,-0.03515625,1.058349609375,-0.30615234375,50.537109375,2.86865234375,105.46875,-0.2607421875,1.185791015625,0.3017578125,-56.396484375,-23.74267578125,-49.01123046875,-0.3427734375,-1.16357421875,-0.1767578125,-15.5029296875,1.15966796875,-155.70068359375,-0.422607421875,-1.22802734375,0.41650390625,-83.3740234375,28.4423828125,-127.3193359375,-0.973388671875,0.0107421875,0.1103515625,-55.908203125,23.62060546875,-27.9541015625,-11.506686236741595,13.528849804677446
2022-06-09 15:29:09.773925120,-0.99951171875,-0.183837890625,-0.419677734375,26.3671875,5.18798828125,6.9580078125,0.031494140625,0.986083984375,-0.225341796875,43.3349609375,5.615234375,96.37451171875,-0.275146484375,1.1943359375,0.260498046875,-62.19482421875,-17.822265625,-55.6640625,-0.242919921875,-1.342041015625,-0.112060546875,-31.3720703125,7.4462890625,-152.03857421875,-0.44580078125,-1.29296875,0.452880859375,-89.9658203125,14.6484375,-130.79833984375,-0.9716796875,0.01123046875,0.112060546875,-55.96923828125,23.4375,-27.89306640625,-9.93254991690874,12.787161841488636
2022-06-09 15:29:09.784086784,-1.04296875,-0.129150390625,-0.39404296875,28.9306640625,14.0380859375,2.99072265625,0.120361328125,0.9541015625,-0.17138671875,37.53662109375,7.32421875,86.24267578125,-0.287109375,1.232177734375,0.23193359375,-67.32177734375,-12.939453125,-61.58447265625,0.9091796875,-0.73974609375,-0.55859375,-26.7333984375,2.9296875,-125.8544921875,-0.459716796875,-1.360595703125,0.484619140625,-95.03173828125,-2.99072265625,-131.8359375,-0.971435546875,0.011474609375,0.113525390625,-56.09130859375,23.74267578125,-27.83203125,-8.308172982136604,11.987496760484639
2022-06-09 15:29:09.794248192,-1.12158203125,-0.053466796875,-0.37353515625,28.74755859375,17.27294921875,0.06103515625,-0.048583984375,0.984619140625,-0.14306640625,33.50830078125,10.43701171875,76.23291015625,-0.300537109375,1.27294921875,0.197265625,-72.998046875,-8.7890625,-67.0166015625,0.611328125,-0.5771484375,-0.565185546875,-36.376953125,49.13330078125,-91.49169921875,-0.460693359375,-1.424072265625,0.511474609375,-97.412109375,-22.8271484375,-130.126953125,-0.970703125,0.010986328125,0.111572265625,-56.15234375,23.8037109375,-27.77099609375,-6.666723321130515,11.138434522592803
2022-06-09 15:29:09.804409856,-1.164794921875,0.018310546875,-0.346923828125,28.1982421875,10.7421875,-0.91552734375,-0.1591796875,0.95361328125,-0.170166015625,31.67724609375,11.65771484375,68.2373046875,-0.308837890625,1.30908203125,0.16845703125,-78.4912109375,-6.89697265625,-72.265625,-0.300537109375,-0.8037109375,-0.0166015625,-15.2587890625,32.28759765625,-71.96044921875,-0.4521484375,-1.467529296875,0.533935546875,-97.47314453125,-42.41943359375,-125.732421875,-0.971923828125,0.009765625,0.112548828125,-56.15234375,23.74267578125,-27.64892578125,-5.044878540232318,10.227959643647694
2022-06-09 15:29:09.814571264,-1.17041015625,0.077392578125,-0.320556640625,28.076171875,4.8828125,0.30517578125,-0.21240234375,0.97509765625,-0.137939453125,31.18896484375,12.87841796875,62.98828125,-0.3095703125,1.33642578125,0.1591796875,-83.3740234375,-7.01904296875,-77.33154296875,-0.207763671875,-0.576416015625,0.0712890625,-4.45556640625,-15.80810546875,-21.8505859375,-0.427978515625,-1.478759765625,0.54541015625,-95.52001953125,-59.9365234375,-119.0185546875,-0.97265625,0.0078125,0.114990234375,-56.15234375,23.62060546875,-27.77099609375,-3.475160466979048,9.233740407529151
2022-06-09 15:29:09.824732928,-1.177490234375,0.114013671875,-0.291259765625,27.34375,7.2021484375,2.99072265625,-0.08984375,0.99365234375,-0.16455078125,28.4423828125,9.3994140625,58.4716796875,-0.306396484375,1.35302734375,0.152587890625,-87.890625,-7.99560546875,-81.97021484375,-0.060546875,-0.4853515625,0.1416015625,-5.126953125,-22.39990234375,25.0244140625,-0.39208984375,-1.462646484375,0.549072265625,-91.9189453125,-73.42529296875,-110.77880859375,-0.97119140625,0.0107421875,0.11376953125,-56.2744140625,23.49853515625,-27.77099609375,-1.9834021718314965,8.160688474515293
2022-06-09 15:29:09.834894592,-1.186279296875,0.124755859375,-0.271728515625,24.10888671875,12.0849609375,6.53076171875,-0.098876953125,0.999755859375,-0.183837890625,25.2685546875,7.99560546875,54.26025390625,-0.299072265625,1.359130859375,0.147705078125,-91.6748046875,-8.36181640625,-85.9375,-0.16796875,-0.441650390625,0.168701171875,1.0986328125,-10.92529296875,62.43896484375,-0.35302734375,-1.43017578125,0.5498046875,-87.58544921875,-81.4208984375,-101.806640625,-0.969482421875,0.00732421875,0.11328125,-56.33544921875,23.98681640625,-27.9541015625,-0.5853182036700275,7.016550859025713
2022-06-09 15:29:09.845056000,-1.170654296875,0.104736328125,-0.248046875,17.88330078125,11.23046875,10.3759765625,-0.10595703125,0.99365234375,-0.211181640625,22.216796875,5.859375,48.4619140625,-0.296630859375,1.361328125,0.155517578125,-94.42138671875,-7.99560546875,-89.29443359375,-0.164794921875,-0.280517578125,0.130859375,11.65771484375,-10.68115234375,92.8955078125,-0.31103515625,-1.392578125,0.5419921875,-83.06884765625,-83.80126953125,-92.529296875,-0.96923828125,0.00732421875,0.114501953125,-56.396484375,23.8037109375,-27.9541015625,0.7126306651214911,5.811803442503219
2022-06-09 15:29:09.855217664,-1.115478515625,0.06787109375,-0.224609375,10.8642578125,4.8828125,13.3056640625,-0.038818359375,0.990234375,-0.205078125,18.4326171875,5.06591796875,44.921875,-0.298095703125,1.36083984375,0.17236328125,-96.435546875,-7.080078125,-92.46826171875,-0.162109375,-0.18310546875,0.082275390625,17.88330078125,-17.822265625,117.85888671875,-0.27001953125,-1.35302734375,0.529296875,-77.5146484375,-81.23779296875,-82.8857421875,-0.966796875,0.008544921875,0.116943359375,-56.45751953125,23.5595703125,-27.89306640625,1.9038396141450136,4.554708267873526
2022-06-09 15:29:09.865379328,-1.04345703125,0.026123046875,-0.19873046875,5.92041015625,0.1220703125,14.34326171875,0.006591796875,0.977294921875,-0.19140625,14.46533203125,9.1552734375,41.44287109375,-0.301513671875,1.3447265625,0.192138671875,-98.6328125,-5.7373046875,-95.458984375,-0.177734375,-0.179443359375,0.062744140625,23.4375,-29.84619140625,139.46533203125,-0.22021484375,-1.30419921875,0.501953125,-69.39697265625,-73.79150390625,-72.6318359375,-0.968505859375,0.00830078125,0.115478515625,-56.396484375,23.49853515625,-28.13720703125,2.9719709539499277,3.248459998901602
2022-06-09 15:29:09.875540992,-0.984375,-0.00244140625,-0.171875,3.173828125,-0.6103515625,14.5263671875,-0.001708984375,0.94580078125,-0.1943359375,10.8642578125,17.15087890625,37.04833984375,-0.304443359375,1.298583984375,0.22216796875,-102.05078125,-4.150390625,-98.81591796875,-0.153076171875,-0.2109375,0.088134765625,29.47998046875,-44.189453125,159.3017578125,-0.155517578125,-1.228759765625,0.47119140625,-59.08203125,-60.546875,-62.19482421875,-0.966796875,0.007080078125,0.11376953125,-56.2744140625,23.86474609375,-28.076171875,3.897186544306553,1.8890045993318765
2022-06-09 15:29:09.885702656,-0.927490234375,-0.028564453125,-0.147216796875,0.732421875,-1.953125,14.58740234375,-0.030517578125,0.92626953125,-0.1943359375,7.8125,23.62060546875,32.71484375,-0.3037109375,1.224609375,0.239013671875,-105.712890625,-2.13623046875,-102.60009765625,-0.113525390625,-0.27734375,0.132568359375,35.888671875,-52.24609375,179.8095703125,-0.1044921875,-1.1376953125,0.43701171875,-48.15673828125,-41.19873046875,-52.30712890625,-0.96923828125,0.005859375,0.11328125,-56.396484375,24.10888671875,-28.01513671875,4.670578246205846,0.4696921133749399
2022-06-09 15:29:09.895864064,-0.861572265625,-0.03955078125,-0.12353515625,-0.3662109375,-5.92041015625,14.404296875,-0.0517578125,0.917236328125,-0.200439453125,5.55419921875,26.611328125,28.86962890625,-0.3037109375,1.135009765625,0.250244140625,-108.33740234375,-0.06103515625,-107.0556640625,-0.073974609375,-0.345458984375,0.1962890625,44.73876953125,-51.20849609375,201.5380859375,-0.0693359375,-1.045166015625,0.400390625,-38.02490234375,-17.578125,-43.39599609375,-0.967529296875,0.008544921875,0.112060546875,-56.396484375,23.98681640625,-28.1982421875,5.297762493140127,-1.011526763485218
2022-06-09 15:29:09.906025728,-0.794677734375,-0.051025390625,-0.1025390625,-0.3662109375,-8.72802734375,13.85498046875,-0.076416015625,0.91748046875,-0.1982421875,4.2724609375,27.099609375,26.0009765625,-0.29931640625,1.04931640625,0.2607421875,-109.2529296875,0.67138671875,-111.99951171875,-0.059814453125,-0.399169921875,0.241455078125,54.38232421875,-44.43359375,222.96142578125,-0.06298828125,-0.965087890625,0.37255859375,-29.72412109375,7.2021484375,-35.70556640625,-0.9658203125,0.009521484375,0.113037109375,-56.33544921875,23.8037109375,-28.076171875,5.795283224799622,-2.5519121604946804
2022-06-09 15:29:09.916187392,-0.73388671875,-0.046630859375,-0.084716796875,1.28173828125,-8.9111328125,13.00048828125,-0.08203125,0.910400390625,-0.196044921875,3.5400390625,26.42822265625,24.169921875,-0.289306640625,0.9697265625,0.26513671875,-108.7646484375,-0.30517578125,-117.00439453125,-0.035888671875,-0.474365234375,0.2568359375,60.302734375,-33.87451171875,244.07958984375,-0.08056640625,-0.906494140625,0.345947265625,-22.3388671875,28.80859375,-29.6630859375,-0.9638671875,0.009521484375,0.11328125,-56.396484375,23.98681640625,-28.01513671875,6.1827026275328265,-4.145082215994114
2022-06-09 15:29:09.926348800,-0.689208984375,-0.044921875,-0.08251953125,1.89208984375,-6.8359375,11.5966796875,-0.0947265625,0.902587890625,-0.18408203125,3.11279296875,25.634765625,22.94921875,-0.2734375,0.90087890625,0.256591796875,-107.2998046875,-2.3193359375,-121.826171875,-0.01025390625,-0.588623046875,0.23876953125,65.00244140625,-19.47021484375,263.427734375,-0.10107421875,-0.86376953125,0.334228515625,-15.5029296875,45.47119140625,-24.59716796875,-0.96533203125,0.010009765625,0.11376953125,-56.396484375,24.71923828125,-28.01513671875,6.474386891177073,-5.783465904706807
2022-06-09 15:29:09.936510464,-0.653564453125,-0.035400390625,-0.081298828125,2.86865234375,-5.18798828125,10.009765625,-0.103759765625,0.91015625,-0.1845703125,2.685546875,22.705078125,22.03369140625,-0.25732421875,0.841552734375,0.241943359375,-104.98046875,-4.69970703125,-126.3427734375,-0.004150390625,-0.686279296875,0.21630859375,69.51904296875,-9.82666015625,280.517578125,-0.117919921875,-0.83349609375,0.3291015625,-8.9111328125,59.02099609375,-19.83642578125,-0.970947265625,0.01171875,0.115478515625,-56.396484375,25.20751953125,-28.01513671875,6.677534475341009,-7.459086855038846
2022-06-09 15:29:09.946671872,-0.62646484375,-0.025390625,-0.052978515625,4.69970703125,-3.96728515625,8.72802734375,-0.091064453125,0.928466796875,-0.18310546875,2.38037109375,21.240234375,22.94921875,-0.239501953125,0.79345703125,0.223388671875,-101.4404296875,-7.14111328125,-130.4931640625,-0.004638671875,-0.765869140625,0.21044921875,72.998046875,-3.90625,297.91259765625,-0.143798828125,-0.810302734375,0.322509765625,-2.685546875,70.86181640625,-15.68603515625,-0.978759765625,0.0087890625,0.1123046875,-56.45751953125,24.84130859375,-28.01513671875,6.797386021316775,-9.162449882445772
2022-06-09 15:29:09.956833536,-0.609375,-0.02734375,-0.042236328125,6.2255859375,-2.685546875,7.14111328125,-0.073974609375,0.92724609375,-0.185791015625,1.64794921875,20.99609375,23.98681640625,-0.2255859375,0.759765625,0.207275390625,-96.86279296875,-9.6435546875,-133.85009765625,-0.01123046875,-0.838623046875,0.2490234375,77.45361328125,2.74658203125,316.0400390625,-0.172119140625,-0.792724609375,0.320068359375,3.11279296875,80.99365234375,-12.451171875,-0.9765625,0.007568359375,0.11328125,-56.5185546875,23.8037109375,-27.9541015625,6.842017111062631,-10.881504442133727
2022-06-09 15:29:09.966995200,-0.603271484375,-0.024169921875,-0.054931640625,7.568359375,-2.01416015625,4.94384765625,-0.070068359375,0.920166015625,-0.171142578125,1.15966796875,21.3623046875,25.0244140625,-0.215576171875,0.734619140625,0.19091796875,-91.49169921875,-13.24462890625,-136.41357421875,0.007568359375,-0.934326171875,0.303466796875,82.45849609375,7.62939453125,332.1533203125,-0.200439453125,-0.77587890625,0.313232421875,7.87353515625,88.5009765625,-10.3759765625,-0.968505859375,0.00732421875,0.1162109375,-56.57958984375,23.13232421875,-28.076171875,6.823904634894898,-12.603497679138716
2022-06-09 15:29:09.977156864,-0.61669921875,-0.0263671875,-0.042236328125,5.9814453125,0.244140625,2.01416015625,-0.06884765625,0.90771484375,-0.1650390625,0.9765625,21.1181640625,25.634765625,-0.20703125,0.71728515625,0.176025390625,-86.60888671875,-17.76123046875,-137.8173828125,0.019287109375,-1.03857421875,0.355712890625,86.24267578125,10.07080078125,345.947265625,-0.231201171875,-0.7626953125,0.308837890625,11.16943359375,93.3837890625,-9.3994140625,-0.9658203125,0.0087890625,0.116943359375,-56.57958984375,23.49853515625,-28.076171875,6.759934914434492,-14.317969492800536
2022-06-09 15:29:09.987318528,-0.648681640625,-0.0302734375,-0.043212890625,2.197265625,3.60107421875,-1.40380859375,-0.0830078125,0.90673828125,-0.1640625,1.03759765625,20.5078125,26.123046875,-0.200927734375,0.69970703125,0.16552734375,-82.1533203125,-22.94921875,-138.3056640625,-0.019775390625,-1.11962890625,0.376708984375,88.623046875,7.2021484375,357.666015625,-0.259033203125,-0.749755859375,0.302001953125,13.3056640625,96.0693359375,-9.58251953125,-0.966796875,0.010498046875,0.115478515625,-56.57958984375,24.35302734375,-28.076171875,6.667564705184212,-16.017000881056404
2022-06-09 15:29:09.997479936,-0.68505859375,-0.04150390625,-0.07080078125,-2.197265625,5.859375,-4.82177734375,-0.080810546875,0.926025390625,-0.15869140625,1.708984375,20.56884765625,26.91650390625,-0.19091796875,0.681640625,0.154296875,-78.2470703125,-27.89306640625,-137.5732421875,-0.052978515625,-1.2333984375,0.384033203125,88.9892578125,-5.06591796875,367.431640625,-0.284912109375,-0.7421875,0.300048828125,14.6484375,97.16796875,-10.8642578125,-0.971435546875,0.00830078125,0.115234375,-56.5185546875,24.5361328125,-28.13720703125,6.562077591764478,-17.692582864443384
2022-06-09 15:29:10.007641600,-0.718017578125,-0.05224609375,-0.091552734375,-6.40869140625,5.55419921875,-8.056640625,-0.075927734375,0.941650390625,-0.149658203125,2.8076171875,20.93505859375,28.01513671875,-0.179931640625,0.66357421875,0.144287109375,-75.01220703125,-31.8603515625,-135.55908203125,-0.0673828125,-1.419189453125,0.384765625,88.19580078125,-22.94921875,376.220703125,-0.3125,-0.736083984375,0.29931640625,15.7470703125,97.16796875,-13.00048828125,-0.9697265625,0.006591796875,0.114013671875,-56.57958984375,24.169921875,-28.076171875,6.454576489206659,-19.335413539601713
2022-06-09 15:29:10.017803264,-0.7451171875,-0.066650390625,-0.103515625,-10.19287109375,5.4931640625,-10.8642578125,-0.065673828125,0.947265625,-0.135498046875,3.84521484375,22.0947265625,29.35791015625,-0.171142578125,0.638916015625,0.1337890625,-72.32666015625,-34.66796875,-132.2021484375,-0.018798828125,-1.676025390625,0.33544921875,85.693359375,-43.701171875,384.1552734375,-0.344970703125,-0.727783203125,0.301513671875,16.41845703125,95.947265625,-15.56396484375,-0.9638671875,0.00439453125,0.1142578125,-56.57958984375,23.92578125,-28.01513671875,6.352466304869765,-18.544082517800486
2022-06-09 15:29:10.027964928,-0.76904296875,-0.072509765625,-0.111572265625,-12.3291015625,5.615234375,-12.87841796875,-0.09130859375,0.96142578125,-0.131591796875,4.7607421875,23.25439453125,31.3720703125,-0.16015625,0.609619140625,0.126708984375,-70.25146484375,-36.1328125,-127.685546875,0.10595703125,-1.943359375,0.28369140625,83.92333984375,-66.89453125,390.2587890625,-0.37353515625,-0.721435546875,0.310302734375,16.6015625,93.1396484375,-18.5546875,-0.96142578125,0.009521484375,0.1181640625,-56.45751953125,24.4140625,-28.076171875,6.262415439827649,-17.028912800681123
2022-06-09 15:29:10.038126592,-0.7998046875,-0.069091796875,-0.114990234375,-13.73291015625,5.43212890625,-14.2822265625,-0.0966796875,0.95703125,-0.143798828125,5.67626953125,23.37646484375,34.36279296875,-0.1552734375,0.57666015625,0.121337890625,-68.2373046875,-36.2548828125,-122.13134765625,0.33203125,-2.265380859375,-0.0595703125,91.85791015625,-138.916015625,387.20703125,-0.395751953125,-0.72119140625,0.316650390625,16.54052734375,89.05029296875,-22.15576171875,-0.966796875,0.00732421875,0.11669921875,-56.396484375,25.146484375,-28.13720703125,6.191124270201488,-15.562783001802568
2022-06-09 15:29:10.048287744,-0.83544921875,-0.073486328125,-0.1083984375,-14.892578125,4.39453125,-15.19775390625,-0.101806640625,0.958984375,-0.1455078125,6.8359375,24.5361328125,38.4521484375,-0.15283203125,0.549072265625,0.11474609375,-65.85693359375,-35.400390625,-115.72265625,0.566650390625,-2.415283203125,-0.26318359375,100.28076171875,-170.2880859375,377.50244140625,-0.41943359375,-0.722900390625,0.32177734375,15.625,83.6181640625,-26.67236328125,-0.971435546875,0.006591796875,0.1142578125,-56.396484375,25.45166015625,-28.1982421875,6.148339226719333,-14.154348809951607
2022-06-09 15:29:10.058449408,-0.87158203125,-0.071533203125,-0.083740234375,-15.31982421875,3.0517578125,-15.869140625,-0.109130859375,0.957275390625,-0.139404296875,7.8125,25.93994140625,43.76220703125,-0.1416015625,0.531982421875,0.109619140625,-62.744140625,-33.447265625,-108.33740234375,0.7255859375,-2.570556640625,-0.343017578125,114.501953125,-178.89404296875,359.92431640625,-0.4384765625,-0.728759765625,0.32666015625,13.61083984375,76.59912109375,-31.982421875,-0.974365234375,0.006103515625,0.11376953125,-56.45751953125,25.146484375,-28.1982421875,6.1474033001614465,-12.814262896449176
2022-06-09 15:29:10.068611072,-0.90478515625,-0.074951171875,-0.06103515625,-16.17431640625,0.54931640625,-15.9912109375,-0.127685546875,0.944580078125,-0.142333984375,8.97216796875,26.91650390625,50.6591796875,-0.126220703125,0.52294921875,0.110107421875,-59.4482421875,-30.3955078125,-100.15869140625,0.683349609375,-2.690673828125,-0.5498046875,118.83544921875,-189.39208984375,330.99365234375,-0.451904296875,-0.73876953125,0.337646484375,10.55908203125,67.7490234375,-37.841796875,-0.968505859375,0.008544921875,0.11572265625,-56.396484375,24.59716796875,-28.25927734375,6.200920325520752,-11.552565498741238
2022-06-09 15:29:10.078772736,-0.93359375,-0.066162109375,-0.052734375,-16.54052734375,-3.173828125,-15.80810546875,-0.15625,0.930908203125,-0.158203125,10.3759765625,27.03857421875,58.77685546875,-0.115966796875,0.520751953125,0.117919921875,-56.09130859375,-26.123046875,-90.9423828125,0.855224609375,-2.59619140625,-0.94970703125,100.9521484375,-211.9140625,299.37744140625,-0.463134765625,-0.748291015625,0.347900390625,7.26318359375,56.7626953125,-43.64013671875,-0.967529296875,0.008544921875,0.11474609375,-56.33544921875,24.47509765625,-28.1982421875,6.315327573695306,-10.377872203668604
2022-06-09 15:29:10.088934400,-0.9638671875,-0.041015625,-0.062744140625,-16.90673828125,-7.14111328125,-15.869140625,-0.185546875,0.94189453125,-0.20361328125,11.16943359375,25.45166015625,67.5048828125,-0.10791015625,0.521728515625,0.1318359375,-53.16162109375,-20.81298828125,-80.87158203125,1.1591796875,-2.058837890625,-1.377685546875,77.1484375,-224.365234375,276.9775390625,-0.46533203125,-0.74951171875,0.355224609375,4.08935546875,44.43359375,-49.13330078125,-0.970947265625,0.0068359375,0.116943359375,-56.45751953125,24.7802734375,-28.25927734375,6.48981918812289,-9.297505626105252
2022-06-09 15:29:10.099095808,-1.0,-0.014892578125,-0.0712890625,-17.51708984375,-8.36181640625,-16.41845703125,-0.1416015625,0.976318359375,-0.2216796875,12.26806640625,23.5595703125,76.416015625,-0.101806640625,0.52197265625,0.14404296875,-48.52294921875,-8.48388671875,-59.2041015625,1.490478515625,-1.5703125,-1.6240234375,55.908203125,-210.63232421875,243.83544921875,-0.467529296875,-0.74560546875,0.359130859375,0.244140625,31.005859375,-54.13818359375,-0.972900390625,0.0087890625,0.114990234375,-56.45751953125,24.84130859375,-28.1982421875,6.723451718786389,-8.369512407263304
2022-06-09 15:29:10.109257472,-1.04248046875,0.001708984375,-0.072998046875,-18.85986328125,-7.62939453125,-16.6015625,-0.0732421875,1.0029296875,-0.180908203125,13.97705078125,24.47509765625,84.9609375,-0.099609375,0.51708984375,0.140625,-46.08154296875,-1.953125,-48.03466796875,2.092529296875,-1.31591796875,-1.509033203125,31.005859375,-161.865234375,197.44873046875,-0.466552734375,-0.744873046875,0.3603515625,-4.7607421875,17.51708984375,-58.77685546875,-0.974365234375,0.00537109375,0.11474609375,-56.5185546875,24.59716796875,-28.1982421875,7.019530300891205,-7.59753254014441
2022-06-09 15:29:10.119419136,-1.078369140625,0.00634765625,-0.0791015625,-20.32470703125,-8.72802734375,-15.93017578125,-0.024658203125,1.019775390625,-0.12646484375,15.7470703125,27.2216796875,93.1396484375,-0.094482421875,0.514404296875,0.136474609375,-43.3349609375,5.31005859375,-36.43798828125,2.74951171875,-1.33349609375,-1.030517578125,7.38525390625,-80.74951171875,148.49853515625,-0.460693359375,-0.7646484375,0.358154296875,-10.92529296875,4.5166015625,-63.29345703125,-0.972900390625,0.006591796875,0.113525390625,-56.57958984375,24.4140625,-28.13720703125,7.384563726779959,-6.932453274761569
2022-06-09 15:29:10.129580800,-1.089599609375,-0.006103515625,-0.103271484375,-21.42333984375,-13.36669921875,-14.16015625,-0.036376953125,1.056640625,-0.115478515625,16.845703125,29.296875,100.830078125,-0.091064453125,0.51318359375,0.134765625,-39.73388671875,13.671875,-23.98681640625,2.477294921875,-1.296142578125,-0.70751953125,-6.89697265625,-5.2490234375,86.5478515625,-0.461181640625,-0.807861328125,0.3603515625,-18.310546875,-7.62939453125,-67.5048828125,-0.968505859375,0.00341796875,0.114501953125,-56.33544921875,24.10888671875,-28.076171875,7.82567137939602,-6.382825997038028
2022-06-09 15:29:10.139742464,-1.081298828125,-0.02978515625,-0.13330078125,-22.94921875,-19.22607421875,-11.5966796875,-0.105224609375,1.090576171875,-0.228271484375,18.1884765625,28.6865234375,106.87255859375,-0.095458984375,0.53076171875,0.135498046875,-34.912109375,22.8271484375,-10.498046875,1.876220703125,-1.073974609375,-0.703125,-20.32470703125,8.23974609375,11.53564453125,-0.46533203125,-0.864990234375,0.369384765625,-25.5126953125,-18.85986328125,-71.10595703125,-0.9658203125,0.005126953125,0.115966796875,-56.33544921875,23.92578125,-28.076171875,8.34365933161596,-5.962194450247328
2022-06-09 15:29:10.149903872,-1.070556640625,-0.07080078125,-0.1396484375,-25.5126953125,-20.20263671875,-8.97216796875,-0.04638671875,1.123779296875,-0.29736328125,20.263671875,27.587890625,113.83056640625,-0.10693359375,0.5615234375,0.140625,-28.99169921875,32.2265625,3.662109375,1.615234375,-1.041748046875,-0.658447265625,-33.87451171875,-28.62548828125,-65.673828125,-0.51123046875,-0.99853515625,0.40478515625,-36.376953125,-39.794921875,-75.62255859375,-0.963623046875,0.00390625,0.115234375,-56.2744140625,24.10888671875,-28.01513671875,8.952479309410585,-5.683974320559292
2022-06-09 15:29:10.160065536,-1.074951171875,-0.11767578125,-0.1083984375,-27.9541015625,-16.357421875,-7.2021484375,0.01904296875,1.215576171875,-0.273681640625,21.05712890625,31.67724609375,121.64306640625,-0.123291015625,0.603515625,0.142822265625,-22.76611328125,41.19873046875,18.06640625,1.070068359375,-1.420654296875,-0.446533203125,-46.81396484375,-71.77734375,-136.1083984375,-0.546142578125,-1.06787109375,0.428955078125,-39.73388671875,-51.3916015625,-76.5380859375,-0.966064453125,0.00439453125,0.116455078125,-55.96923828125,24.7802734375,-28.13720703125,9.630492648023221,-5.555898303348743
2022-06-09 15:29:10.170226944,-1.095458984375,-0.146728515625,-0.08154296875,-28.4423828125,-14.6484375,-6.53076171875,0.020263671875,1.250732421875,-0.252197265625,21.6064453125,38.02490234375,126.77001953125,-0.136962890625,0.647705078125,0.143798828125,-16.54052734375,49.31640625,32.71484375,-0.577392578125,-1.345703125,0.194091796875,-48.583984375,-94.66552734375,-164.85595703125,-0.579833984375,-1.133056640625,0.453857421875,-40.83251953125,-64.208984375,-76.59912109375,-0.970703125,0.004638671875,0.113525390625,-55.96923828125,25.32958984375,-28.1982421875,10.329141908358604,-5.5811980732652255
2022-06-09 15:29:10.180388096,-1.115478515625,-0.134033203125,-0.08740234375,-26.2451171875,-18.310546875,-7.87353515625,0.0078125,1.284912109375,-0.269775390625,24.2919921875,43.212890625,133.85009765625,-0.153564453125,0.687255859375,0.145751953125,-10.55908203125,56.57958984375,46.81396484375,-2.41162109375,-1.19873046875,0.588623046875,-36.07177734375,-69.39697265625,-117.00439453125,-0.6005859375,-1.172607421875,0.451416015625,-38.57421875,-77.5146484375,-75.13427734375,-0.974609375,0.00732421875,0.11376953125,-56.0302734375,25.146484375,-28.1982421875,11.02135122775455,-5.75839828849792
2022-06-09 15:29:10.190548736,-1.135986328125,-0.10400390625,-0.098388671875,-25.0244140625,-19.8974609375,-11.1083984375,0.01953125,1.35693359375,-0.204345703125,26.18408203125,47.05810546875,140.869140625,-0.173828125,0.713623046875,0.153076171875,-5.31005859375,62.80517578125,59.9365234375,-1.44970703125,-0.71728515625,0.371337890625,-43.64013671875,-20.751953125,-63.17138671875,-0.61083984375,-1.1806640625,0.43994140625,-33.50830078125,-89.111328125,-71.35009765625,-0.973388671875,0.00927734375,0.113037109375,-55.96923828125,24.4140625,-28.25927734375,11.67278742875834,-6.078977056436688
2022-06-09 15:29:10.200709632,-1.184326171875,-0.064208984375,-0.1044921875,-23.86474609375,-15.31982421875,-15.2587890625,0.01708984375,1.40576171875,-0.1884765625,27.587890625,51.513671875,148.74267578125,-0.18505859375,0.72216796875,0.163818359375,-0.91552734375,67.7490234375,71.47216796875,-0.15966796875,-1.2939453125,0.3251953125,-55.11474609375,-1.0986328125,-96.61865234375,-0.60986328125,-1.182373046875,0.42041015625,-29.35791015625,-96.98486328125,-65.12451171875,-0.968017578125,0.007568359375,0.11572265625,-56.0302734375,23.98681640625,-28.25927734375,12.26059386014759,-6.528956559072558
2022-06-09 15:29:10.210870272,-1.249267578125,-0.019287109375,-0.138427734375,-22.3388671875,-12.14599609375,-19.04296875,-0.0625,1.466552734375,-0.225341796875,30.2734375,55.35888671875,157.89794921875,-0.172607421875,0.719482421875,0.17626953125,3.60107421875,72.44873046875,81.84814453125,-0.11328125,-1.750244140625,-0.0634765625,-58.41064453125,-12.02392578125,-126.64794921875,-0.612060546875,-1.211181640625,0.40380859375,-27.9541015625,-101.86767578125,-57.67822265625,-0.964111328125,0.009033203125,0.114501953125,-56.09130859375,24.5361328125,-28.3203125,12.785299877709292,-7.095738155718607
2022-06-09 15:29:10.221031168,-1.30859375,0.025146484375,-0.1787109375,-21.728515625,-13.36669921875,-21.97265625,-0.136474609375,1.543212890625,-0.28564453125,34.1796875,59.14306640625,168.51806640625,-0.158203125,0.720458984375,0.18212890625,9.765625,78.06396484375,92.46826171875,0.22314453125,-1.927734375,-0.147705078125,-68.4814453125,-6.103515625,-128.173828125,-0.608154296875,-1.2841796875,0.3876953125,-27.7099609375,-105.5908203125,-48.828125,-0.967041015625,0.0087890625,0.11474609375,-56.0302734375,25.5126953125,-28.3203125,13.252124409258023,-7.780621884384175
2022-06-09 15:29:10.231192064,-1.35498046875,0.063720703125,-0.22607421875,-20.08056640625,-15.13671875,-23.49853515625,-0.245849609375,1.66455078125,-0.352783203125,40.8935546875,61.46240234375,178.5888671875,-0.15478515625,0.74560546875,0.1708984375,18.310546875,84.77783203125,103.45458984375,0.6162109375,-2.05859375,0.22900390625,-80.2001953125,14.46533203125,-145.751953125,-0.60302734375,-1.381103515625,0.384033203125,-27.03857421875,-109.4970703125,-38.39111328125,-0.972412109375,0.00927734375,0.11181640625,-56.09130859375,25.81787109375,-28.1982421875,13.653916737212061,-8.597434994911351
2022-06-09 15:29:10.241352704,-1.395751953125,0.09033203125,-0.25634765625,-18.5546875,-14.16015625,-23.193359375,-0.31298828125,1.771728515625,-0.414794921875,48.9501953125,61.767578125,187.01171875,-0.1630859375,0.79638671875,0.158935546875,29.11376953125,92.10205078125,114.56298828125,0.548095703125,-1.55810546875,0.2119140625,-70.4345703125,34.7900390625,-141.29638671875,-0.590087890625,-1.486328125,0.388916015625,-24.84130859375,-113.83056640625,-27.28271484375,-0.973876953125,0.006591796875,0.1103515625,-56.15234375,25.08544921875,-28.1982421875,13.976998732448294,-9.561063467358936
2022-06-09 15:29:10.251513600,-1.40966796875,0.0830078125,-0.27734375,-21.6064453125,-15.5029296875,-21.728515625,-0.474365234375,1.84228515625,-0.46826171875,60.546875,61.6455078125,193.4814453125,-0.17333984375,0.873291015625,0.1552734375,41.93115234375,98.9990234375,126.220703125,0.5107421875,-0.973876953125,-0.572509765625,-74.27978515625,37.90283203125,-117.49267578125,-0.567626953125,-1.593017578125,0.40625,-21.484375,-118.83544921875,-16.11328125,-0.969970703125,0.00830078125,0.111328125,-56.0302734375,24.2919921875,-28.076171875,14.210667309524322,-10.6862789128742
2022-06-09 15:29:10.261674496,-1.355224609375,0.085693359375,-0.298095703125,-25.45166015625,-27.89306640625,-20.5078125,-0.4912109375,1.833740234375,-0.439208984375,88.0126953125,77.880859375,191.58935546875,-0.1865234375,0.975341796875,0.156494140625,56.45751953125,104.98046875,138.427734375,0.270263671875,-1.221435546875,-0.327392578125,-85.205078125,22.5830078125,-107.177734375,-0.540283203125,-1.680908203125,0.41015625,-15.19775390625,-123.47412109375,-5.0048828125,-0.96728515625,0.0078125,0.115478515625,-55.908203125,24.23095703125,-27.9541015625,14.341593745989567,-11.988371039167134
2022-06-09 15:29:10.271835392,-1.22314453125,0.113037109375,-0.287841796875,-29.60205078125,-39.61181640625,-20.20263671875,-0.1591796875,1.8359375,-0.2333984375,88.134765625,102.72216796875,190.185546875,-0.208740234375,1.10791015625,0.175048828125,71.96044921875,109.7412109375,151.0009765625,0.194580078125,-1.28955078125,0.191162109375,-75.86669921875,18.06640625,-98.5107421875,-0.4892578125,-1.6884765625,0.393798828125,-2.685546875,-124.93896484375,7.080078125,-0.96923828125,0.0068359375,0.116455078125,-55.84716796875,25.0244140625,-28.01513671875,14.335139694459436,-13.479351010267907
2022-06-09 15:29:10.281996288,-1.085205078125,0.11865234375,-0.24462890625,-37.78076171875,-36.62109375,-20.263671875,0.091552734375,1.778564453125,-0.262939453125,76.5380859375,143.06640625,187.19482421875,-0.25146484375,1.26025390625,0.20947265625,87.21923828125,111.81640625,163.2080078125,0.34521484375,-1.03564453125,-0.118408203125,-68.54248046875,18.49365234375,-81.1767578125,-0.4208984375,-1.599609375,0.380126953125,12.939453125,-120.361328125,19.71435546875,-0.97216796875,0.0078125,0.114501953125,-55.908203125,25.57373046875,-28.13720703125,14.153930124252671,-15.162476348991376
2022-06-09 15:29:10.292156928,-0.99365234375,0.1328125,-0.212158203125,-46.0205078125,-22.0947265625,-19.6533203125,0.060546875,1.705078125,-0.422119140625,69.2138671875,172.66845703125,175.9033203125,-0.310546875,1.4248046875,0.25732421875,100.2197265625,109.86328125,174.6826171875,0.117431640625,-1.07373046875,-0.23046875,-66.34521484375,29.6630859375,-71.77734375,-0.365234375,-1.46923828125,0.363037109375,25.57373046875,-109.9853515625,32.16552734375,-0.973388671875,0.0068359375,0.11376953125,-55.96923828125,24.71923828125,-28.3203125,13.797281403992063,-17.027905075923755
2022-06-09 15:29:10.302317824,-0.935791015625,0.1806640625,-0.220947265625,-51.08642578125,-8.48388671875,-18.06640625,-0.0615234375,1.53125,-0.457763671875,64.88037109375,171.20361328125,163.330078125,-0.373291015625,1.567138671875,0.32373046875,108.88671875,103.1494140625,184.87548828125,0.017822265625,-1.06396484375,-0.18017578125,-53.955078125,44.0673828125,-66.5283203125,-0.327880859375,-1.3349609375,0.33642578125,35.09521484375,-96.6796875,44.73876953125,-0.969482421875,0.0078125,0.113037109375,-55.96923828125,24.2919921875,-28.38134765625,13.287841467771472,-17.404440680823274
2022-06-09 15:29:10.312478464,-0.8779296875,0.225830078125,-0.26171875,-55.2978515625,-2.9296875,-15.380859375,-0.09521484375,1.23779296875,-0.35888671875,61.1572265625,158.935546875,153.25927734375,-0.434326171875,1.652099609375,0.39697265625,112.97607421875,91.9189453125,192.7490234375,0.0615234375,-1.05126953125,-0.21630859375,-42.1142578125,48.583984375,-58.7158203125,-0.30224609375,-1.210205078125,0.308837890625,43.5791015625,-83.1298828125,57.55615234375,-0.967041015625,0.010986328125,0.114501953125,-56.09130859375,24.47509765625,-28.38134765625,12.639497429579727,-15.143602506448747
2022-06-09 15:29:10.322639360,-0.789794921875,0.239990234375,-0.28369140625,-59.4482421875,-2.86865234375,-11.65771484375,-0.014892578125,0.9091796875,-0.3251953125,59.9365234375,156.55517578125,134.033203125,-0.47119140625,1.652587890625,0.458251953125,111.87744140625,77.33154296875,197.021484375,0.00830078125,-1.123779296875,-0.12548828125,-34.72900390625,45.5322265625,-49.01123046875,-0.2919921875,-1.108642578125,0.281982421875,49.98779296875,-71.8994140625,70.4345703125,-0.96875,0.009765625,0.1162109375,-55.908203125,24.7802734375,-28.38134765625,11.861969026094517,-12.829249733118868
2022-06-09 15:29:10.332800512,-0.70068359375,0.208984375,-0.264892578125,-63.53759765625,3.11279296875,-7.87353515625,-0.1923828125,0.7763671875,-0.333984375,60.9130859375,153.1982421875,110.16845703125,-0.482666015625,1.578125,0.49609375,106.3232421875,62.19482421875,196.35009765625,-0.06640625,-1.144775390625,-0.123046875,-27.9541015625,42.48046875,-42.29736328125,-0.277099609375,-1.0341796875,0.260986328125,54.13818359375,-63.720703125,82.51953125,-0.968505859375,0.0087890625,0.109130859375,-56.09130859375,24.96337890625,-28.38134765625,10.97232532790844,-10.523514498270007
2022-06-09 15:29:10.342961152,-0.656494140625,0.176513671875,-0.248779296875,-65.91796875,15.93017578125,-5.06591796875,0.05517578125,0.668212890625,-0.220947265625,64.0869140625,157.40966796875,82.82470703125,-0.47607421875,1.474609375,0.511962890625,100.40283203125,49.1943359375,191.10107421875,-0.16650390625,-1.124755859375,-0.072265625,-21.66748046875,43.701171875,-37.65869140625,-0.25830078125,-0.98291015625,0.24560546875,56.21337890625,-57.31201171875,92.8955078125,-0.969970703125,0.010009765625,0.111083984375,-56.09130859375,25.146484375,-28.3203125,9.993692478985032,-8.280785405758309
2022-06-09 15:29:10.353122048,-0.685302734375,0.1328125,-0.26611328125,-68.603515625,32.1044921875,-3.23486328125,-0.60400390625,0.794921875,-0.046142578125,57.4951171875,163.2080078125,58.59375,-0.45361328125,1.38818359375,0.522216796875,97.65625,38.6962890625,182.92236328125,-0.155517578125,-1.1005859375,0.023681640625,-16.357421875,45.71533203125,-34.72900390625,-0.25341796875,-0.9580078125,0.234375,55.908203125,-52.30712890625,100.341796875,-0.97412109375,0.010009765625,0.113525390625,-56.21337890625,24.96337890625,-28.25927734375,8.957218885126018,-6.12747700662057
2022-06-09 15:29:10.363282688,-0.79052734375,0.0869140625,-0.273193359375,-70.00732421875,46.81396484375,-3.0517578125,-0.884765625,0.445068359375,0.019775390625,52.42919921875,123.9013671875,18.98193359375,-0.420654296875,1.317138671875,0.52587890625,95.52001953125,29.78515625,172.36328125,-0.166259765625,-1.11328125,0.016845703125,-13.5498046875,39.55078125,-32.65380859375,-0.2607421875,-0.957275390625,0.221435546875,54.19921875,-48.76708984375,105.40771484375,-0.969970703125,0.009765625,0.1123046875,-56.33544921875,24.658203125,-28.13720703125,7.894118142470699,-4.077898666821536
2022-06-09 15:29:10.373443584,-0.91552734375,0.08154296875,-0.279296875,-70.1904296875,54.26025390625,-3.662109375,-0.65087890625,0.21142578125,0.10693359375,63.41552734375,67.2607421875,-6.34765625,-0.37744140625,1.257568359375,0.515869140625,92.041015625,21.3623046875,159.36279296875,-0.231201171875,-1.107177734375,-0.01708984375,-11.90185546875,26.91650390625,-29.1748046875,-0.274658203125,-0.9677734375,0.2109375,52.001953125,-47.4853515625,107.91015625,-0.968994140625,0.006591796875,0.113037109375,-56.396484375,24.35302734375,-28.01513671875,6.827744675613946,-2.1555174941305957
2022-06-09 15:29:10.383604480,-1.022216796875,0.060302734375,-0.2900390625,-72.57080078125,54.26025390625,-3.90625,-0.44775390625,0.15625,0.089599609375,71.47216796875,13.3056640625,-21.97265625,-0.3310546875,1.21923828125,0.48486328125,88.43994140625,12.51220703125,144.34814453125,-0.18994140625,-1.09814453125,-0.03466796875,-9.8876953125,17.08984375,-28.4423828125,-0.2958984375,-0.99267578125,0.2041015625,49.13330078125,-48.88916015625,107.666015625,-0.971923828125,0.00732421875,0.1123046875,-56.2744140625,24.35302734375,-27.89306640625,5.780217902660535,-0.38386958227503243
2022-06-09 15:29:10.393765120,-1.09814453125,0.050537109375,-0.2763671875,-74.03564453125,49.8046875,-3.96728515625,-0.431884765625,0.12646484375,0.008544921875,77.5146484375,-35.82763671875,-40.83251953125,-0.287109375,1.208984375,0.447265625,86.9140625,2.5634765625,128.23486328125,-0.107666015625,-1.095703125,-0.048583984375,-6.8359375,14.70947265625,-28.25927734375,-0.327880859375,-1.031494140625,0.2060546875,45.83740234375,-52.79541015625,104.8583984375,-0.972900390625,0.00439453125,0.112060546875,-56.15234375,24.658203125,-28.01513671875,4.773257313262128,1.228122034254465
2022-06-09 15:29:10.403926016,-1.150146484375,0.0390625,-0.26123046875,-75.37841796875,45.95947265625,-5.06591796875,-0.450927734375,0.149658203125,-0.050537109375,81.97021484375,-72.08251953125,-65.91796875,-0.24853515625,1.2275390625,0.4130859375,87.46337890625,-9.46044921875,112.36572265625,-0.09130859375,-1.08154296875,-0.006103515625,-3.5400390625,17.4560546875,-26.79443359375,-0.366455078125,-1.06982421875,0.214599609375,43.51806640625,-59.26513671875,100.28076171875,-0.97216796875,0.00390625,0.114013671875,-56.21337890625,24.7802734375,-28.076171875,3.8191957004692085,2.6869551430616205
2022-06-09 15:29:10.414086912,-1.160400390625,0.0615234375,-0.257080078125,-74.76806640625,33.447265625,-5.615234375,-0.371826171875,0.17333984375,-0.06689453125,83.251953125,-98.69384765625,-93.75,-0.209228515625,1.260986328125,0.3857421875,87.646484375,-22.39990234375,98.44970703125,-0.08935546875,-1.060791015625,0.013671875,-1.64794921875,20.44677734375,-25.634765625,-0.408447265625,-1.096435546875,0.228515625,43.64013671875,-67.9931640625,94.54345703125,-0.974365234375,0.003662109375,0.11328125,-56.15234375,24.5361328125,-28.25927734375,2.915364863690744,4.006249701314925
2022-06-09 15:29:10.424247808,-1.10498046875,0.06640625,-0.268310546875,-77.45361328125,12.20703125,-6.28662109375,-0.189697265625,0.25048828125,-0.017333984375,82.3974609375,-112.12158203125,-121.09375,-0.16455078125,1.2763671875,0.37255859375,84.04541015625,-32.28759765625,86.85302734375,-0.162353515625,-1.015380859375,-0.001953125,-0.6103515625,23.98681640625,-24.47509765625,-0.440673828125,-1.09521484375,0.25048828125,46.44775390625,-78.67431640625,88.31787109375,-0.970947265625,0.006103515625,0.11279296875,-56.2744140625,24.10888671875,-28.3203125,2.0486292969876416,5.193745237109912
2022-06-09 15:29:10.434408704,-0.99560546875,0.0927734375,-0.243896484375,-77.0263671875,0.9765625,-6.7138671875,-0.053466796875,0.31884765625,0.034912109375,78.4912109375,-108.2763671875,-146.78955078125,-0.1181640625,1.242919921875,0.360595703125,75.3173828125,-35.33935546875,76.66015625,-0.248779296875,-0.98291015625,-0.05322265625,-1.708984375,19.10400390625,-24.71923828125,-0.461181640625,-1.062255859375,0.27001953125,50.59814453125,-90.02685546875,81.72607421875,-0.96875,0.008056640625,0.11328125,-56.21337890625,23.86474609375,-28.25927734375,1.206868989780272,6.242604686761741
2022-06-09 15:29:10.444569344,-0.909423828125,0.109619140625,-0.218994140625,-79.58984375,6.04248046875,-5.859375,-0.020263671875,0.374267578125,0.06689453125,71.8994140625,-92.22412109375,-170.7763671875,-0.087158203125,1.161865234375,0.33740234375,63.04931640625,-29.052734375,67.44384765625,-0.263916015625,-0.97802734375,-0.10888671875,-3.7841796875,10.68115234375,-25.93994140625,-0.4619140625,-1.008056640625,0.277099609375,53.77197265625,-100.64697265625,73.8525390625,-0.969482421875,0.010986328125,0.114013671875,-56.0302734375,24.35302734375,-28.25927734375,0.39377803323617755,7.140842789992281
2022-06-09 15:29:10.454730240,-0.88525390625,0.125,-0.191162109375,-82.70263671875,15.07568359375,-4.638671875,-0.023193359375,0.42724609375,0.099365234375,63.5986328125,-70.80078125,-192.81005859375,-0.072998046875,1.057861328125,0.3095703125,50.9033203125,-13.24462890625,58.349609375,-0.253662109375,-0.982666015625,-0.125244140625,-5.2490234375,1.46484375,-28.13720703125,-0.44140625,-0.951416015625,0.264892578125,55.35888671875,-109.43603515625,65.61279296875,-0.97509765625,0.009765625,0.111083984375,-56.15234375,24.7802734375,-28.38134765625,-0.37653206834848163,7.884479966649991
2022-06-09 15:29:10.464890880,-0.85302734375,0.140380859375,-0.174560546875,-85.44921875,12.87841796875,-3.0517578125,-0.00390625,0.486328125,0.154052734375,55.11474609375,-47.119140625,-213.0126953125,-0.0771484375,0.963623046875,0.286376953125,41.015625,9.521484375,49.49951171875,-0.230224609375,-0.98583984375,-0.114013671875,-5.67626953125,-4.5166015625,-30.8837890625,-0.409423828125,-0.893798828125,0.241455078125,56.5185546875,-115.78369140625,58.77685546875,-0.9736328125,0.005859375,0.113525390625,-56.2744140625,24.59716796875,-28.3203125,-1.1015703009548652,8.481414274090394
2022-06-09 15:29:10.475051776,-0.767822265625,0.1435546875,-0.174560546875,-88.37890625,2.8076171875,-1.0986328125,0.042236328125,0.560791015625,0.208984375,46.630859375,-20.81298828125,-231.201171875,-0.109375,0.89306640625,0.271728515625,32.40966796875,34.11865234375,41.56494140625,-0.174072265625,-1.021728515625,-0.071533203125,-4.7607421875,-7.14111328125,-34.60693359375,-0.364013671875,-0.8447265625,0.2080078125,56.884765625,-117.919921875,53.5888671875,-0.96923828125,0.0078125,0.114501953125,-56.33544921875,24.10888671875,-28.1982421875,-1.788895678155832,8.946175460855294
2022-06-09 15:29:10.485212928,-0.676025390625,0.148681640625,-0.176513671875,-90.75927734375,-0.06103515625,1.15966796875,0.07275390625,0.63671875,0.259033203125,37.2314453125,5.4931640625,-247.61962890625,-0.146240234375,0.8359375,0.26318359375,23.92578125,54.3212890625,35.70556640625,-0.122802734375,-1.02880859375,-0.01708984375,-2.685546875,-5.31005859375,-38.2080078125,-0.314453125,-0.807861328125,0.173095703125,56.0302734375,-114.3798828125,50.23193359375,-0.96728515625,0.00732421875,0.114013671875,-56.33544921875,23.98681640625,-28.13720703125,-2.4447612864377284,9.295718214327295
2022-06-09 15:29:10.495373568,-0.632568359375,0.1484375,-0.1943359375,-93.505859375,7.080078125,2.74658203125,0.052978515625,0.709716796875,0.268310546875,28.01513671875,27.34375,-262.939453125,-0.16064453125,0.7978515625,0.285888671875,16.05224609375,68.54248046875,31.6162109375,-0.0888671875,-1.048583984375,0.053955078125,-1.708984375,-1.953125,-41.50390625,-0.27880859375,-0.7802734375,0.13818359375,54.3212890625,-106.14013671875,48.27880859375,-0.966064453125,0.0078125,0.1142578125,-56.33544921875,24.35302734375,-28.076171875,-3.0740666596847745,9.548931566112895
2022-06-09 15:29:10.505534464,-0.629150390625,0.14013671875,-0.220703125,-95.947265625,15.93017578125,2.99072265625,0.0283203125,0.78173828125,0.25,20.1416015625,42.8466796875,-278.25927734375,-0.158203125,0.764892578125,0.324462890625,-0.244140625,87.5244140625,25.57373046875,-0.054443359375,-1.077392578125,0.098876953125,-0.30517578125,-0.3662109375,-44.0673828125,-0.254150390625,-0.7607421875,0.108642578125,52.06298828125,-95.64208984375,47.2412109375,-0.97119140625,0.008056640625,0.111572265625,-56.33544921875,25.0244140625,-28.01513671875,-3.6803515500465807,9.68555983318629
2022-06-09 15:29:10.515695104,-0.659912109375,0.138671875,-0.22265625,-96.6796875,18.12744140625,0.3662109375,0.01904296875,0.8564453125,0.23876953125,13.73291015625,54.74853515625,-293.9453125,-0.1591796875,0.747314453125,0.3173828125,-8.6669921875,94.6044921875,22.64404296875,-0.056640625,-1.1044921875,0.128662109375,1.5869140625,0.9765625,-46.93603515625,-0.243896484375,-0.754150390625,0.078125,49.13330078125,-84.8388671875,46.5087890625,-0.975341796875,0.007080078125,0.11376953125,-56.33544921875,25.146484375,-28.01513671875,-4.263569580566735,9.709999167702513
2022-06-09 15:29:10.525856000,-0.69189453125,0.138916015625,-0.2431640625,-97.7783203125,15.2587890625,-2.25830078125,0.028076171875,0.921875,0.232177734375,8.7890625,65.97900390625,-309.2041015625,-0.159423828125,0.72900390625,0.296142578125,-15.93017578125,100.52490234375,19.53125,-0.039306640625,-1.097900390625,0.12646484375,3.2958984375,4.7607421875,-49.49951171875,-0.241943359375,-0.75927734375,0.052490234375,45.654296875,-74.462890625,45.5322265625,-0.97412109375,0.005859375,0.112548828125,-56.21337890625,24.47509765625,-28.1982421875,-4.819390972648144,9.658691312779336
2022-06-09 15:29:10.536016896,-0.729736328125,0.145263671875,-0.268798828125,-98.20556640625,15.07568359375,-4.94384765625,0.06201171875,0.97998046875,0.183349609375,5.4931640625,80.26123046875,-323.66943359375,-0.168212890625,0.718505859375,0.2685546875,-21.42333984375,105.712890625,17.333984375,-0.052001953125,-1.061767578125,0.120849609375,3.662109375,7.50732421875,-51.3916015625,-0.25048828125,-0.777099609375,0.03515625,41.9921875,-63.96484375,43.9453125,-0.970703125,0.008056640625,0.1123046875,-56.21337890625,23.62060546875,-28.1982421875,-5.341854233449183,9.566606733931994
2022-06-09 15:29:10.546177536,-0.800048828125,0.15771484375,-0.276123046875,-97.71728515625,18.61572265625,-7.32421875,0.121337890625,1.077880859375,0.133056640625,3.662109375,102.72216796875,-337.21923828125,-0.182861328125,0.716552734375,0.2451171875,-24.96337890625,110.04638671875,15.93017578125,-0.06689453125,-1.03076171875,0.10693359375,3.90625,8.36181640625,-53.40576171875,-0.273193359375,-0.804931640625,0.018310546875,37.78076171875,-53.40576171875,41.68701171875,-0.9677734375,0.00634765625,0.1162109375,-56.33544921875,23.681640625,-28.13720703125,-5.823491960120599,9.457797934818228
2022-06-09 15:29:10.556338432,-0.8818359375,0.156982421875,-0.278076171875,-98.44970703125,19.10400390625,-9.033203125,0.228515625,1.22900390625,0.090576171875,3.11279296875,132.87353515625,-348.20556640625,-0.199462890625,0.72119140625,0.2314453125,-26.7333984375,113.58642578125,15.31982421875,-0.08642578125,-1.015625,0.094482421875,3.7841796875,6.8359375,-56.0302734375,-0.31396484375,-0.834228515625,0.0087890625,33.8134765625,-44.189453125,38.51318359375,-0.965576171875,0.006103515625,0.115966796875,-56.33544921875,24.47509765625,-28.13720703125,-6.2572416363466985,9.347925824544355
2022-06-09 15:29:10.566499328,-0.961669921875,0.160400390625,-0.26416015625,-99.12109375,16.357421875,-9.765625,0.324951171875,1.373291015625,0.048095703125,4.21142578125,166.8701171875,-357.2998046875,-0.219970703125,0.735107421875,0.229736328125,-27.64892578125,116.51611328125,15.5029296875,-0.103759765625,-1.042236328125,0.06494140625,4.0283203125,2.62451171875,-59.63134765625,-0.35302734375,-0.86474609375,0.003173828125,30.76171875,-37.78076171875,34.423828125,-0.96826171875,0.006103515625,0.118896484375,-56.2744140625,25.08544921875,-28.1982421875,-6.640192439313836,9.249632226146417
2022-06-09 15:29:10.576660224,-1.05224609375,0.160400390625,-0.234130859375,-99.79248046875,10.8642578125,-10.7421875,0.369873046875,1.480224609375,0.044677734375,7.568359375,199.462890625,-365.478515625,-0.23681640625,0.753662109375,0.24658203125,-28.74755859375,118.896484375,16.2353515625,-0.16015625,-1.088134765625,0.021240234375,5.31005859375,-3.5400390625,-63.232421875,-0.384521484375,-0.88818359375,-0.00390625,27.64892578125,-34.66796875,29.296875,-0.971435546875,0.0078125,0.11328125,-56.33544921875,24.84130859375,-28.25927734375,-6.967841144400143,9.16934426799848
2022-06-09 15:29:10.586821888,-1.113525390625,0.178466796875,-0.219970703125,-100.2197265625,4.69970703125,-11.41357421875,0.40869140625,1.570556640625,0.07470703125,12.39013671875,227.84423828125,-370.1171875,-0.24951171875,0.76611328125,0.262451171875,-30.3955078125,121.7041015625,17.15087890625,-0.09765625,-1.117919921875,0.0126953125,6.77490234375,-8.72802734375,-66.89453125,-0.407470703125,-0.9091796875,-0.010009765625,24.47509765625,-34.7900390625,23.193359375,-0.97216796875,0.007080078125,0.115478515625,-56.2744140625,24.4140625,-28.1982421875,-7.23198316120174,9.107097377434595
2022-06-09 15:29:10.596983552,-1.12939453125,0.171875,-0.23193359375,-104.43115234375,-0.6103515625,-11.16943359375,0.590087890625,1.701904296875,0.11474609375,18.12744140625,285.09521484375,-362.060546875,-0.26904296875,0.7763671875,0.27783203125,-32.28759765625,125.30517578125,17.9443359375,-0.03076171875,-1.1220703125,0.062744140625,8.6669921875,-9.6435546875,-70.3125,-0.42724609375,-0.92724609375,-0.018310546875,20.93505859375,-37.65869140625,16.54052734375,-0.9697265625,0.00732421875,0.11669921875,-56.21337890625,24.10888671875,-28.25927734375,-7.425132451977049,9.059671888424905
2022-06-09 15:29:10.607144960,-1.140869140625,0.158203125,-0.2197265625,-108.45947265625,-6.7138671875,-11.71875,0.673828125,1.766845703125,0.16552734375,17.7001953125,323.974609375,-352.5390625,-0.29052734375,0.783203125,0.287353515625,-34.48486328125,129.57763671875,18.310546875,-0.001708984375,-1.114501953125,0.10400390625,10.19287109375,-9.33837890625,-73.486328125,-0.44873046875,-0.94189453125,-0.02001953125,17.7001953125,-42.96875,9.8876953125,-0.968505859375,0.006591796875,0.1162109375,-56.15234375,24.169921875,-28.3203125,-7.544725722103827,9.021649300081876
2022-06-09 15:29:10.617306368,-1.14306640625,0.147705078125,-0.203125,-112.24365234375,-15.19775390625,-12.8173828125,0.745361328125,1.847412109375,0.23291015625,16.17431640625,363.09814453125,-340.087890625,-0.307861328125,0.7861328125,0.296875,-36.62109375,134.21630859375,18.24951171875,0.02099609375,-1.11474609375,0.089599609375,11.71875,-9.82666015625,-76.35498046875,-0.469482421875,-0.9521484375,-0.0185546875,15.56396484375,-50.47607421875,3.47900390625,-0.968017578125,0.00830078125,0.1181640625,-56.15234375,24.47509765625,-28.1982421875,-7.596221722122888,8.986425548609592
2022-06-09 15:29:10.627468032,-1.111083984375,0.13232421875,-0.161376953125,-114.68505859375,-26.4892578125,-13.36669921875,0.871826171875,1.93701171875,0.393798828125,13.36669921875,394.775390625,-322.75390625,-0.32861328125,0.783935546875,0.302734375,-38.87939453125,138.5498046875,17.822265625,0.0263671875,-1.15087890625,0.10595703125,13.85498046875,-9.46044921875,-78.9794921875,-0.48583984375,-0.953125,-0.020263671875,13.85498046875,-59.6923828125,-2.44140625,-0.97265625,0.009033203125,0.11328125,-56.15234375,24.7802734375,-28.25927734375,-7.587278841141671,8.948072588558976
2022-06-09 15:29:10.637629696,-1.04833984375,0.129150390625,-0.136962890625,-115.6005859375,-35.46142578125,-13.36669921875,0.9296875,1.96435546875,0.658203125,7.38525390625,411.1328125,-299.86572265625,-0.34228515625,0.775390625,0.308837890625,-41.015625,142.08984375,16.845703125,0.01416015625,-1.208251953125,0.18310546875,17.578125,-10.25390625,-81.72607421875,-0.49609375,-0.9560546875,-0.023681640625,11.5966796875,-69.51904296875,-7.6904296875,-0.97216796875,0.0078125,0.1142578125,-56.09130859375,24.658203125,-28.1982421875,-7.521398728886673,8.900752864434487
2022-06-09 15:29:10.647791360,-0.998291015625,0.137451171875,-0.140380859375,-114.990234375,-37.353515625,-13.18359375,0.588623046875,2.0419921875,0.6591796875,0.18310546875,401.42822265625,-273.13232421875,-0.349365234375,0.767333984375,0.310791015625,-42.29736328125,144.775390625,15.68603515625,-0.036865234375,-1.22607421875,0.149658203125,19.53125,-13.12255859375,-85.51025390625,-0.49609375,-0.962646484375,-0.029052734375,9.09423828125,-78.55224609375,-11.90185546875,-0.9716796875,0.006103515625,0.114501953125,-56.09130859375,24.23095703125,-28.076171875,-7.401712355226053,8.841828930430104
2022-06-09 15:29:10.657952768,-0.976806640625,0.12548828125,-0.150634765625,-115.3564453125,-35.15625,-12.75634765625,1.166259765625,1.980224609375,1.322998046875,-10.986328125,350.9521484375,-238.09814453125,-0.352783203125,0.761962890625,0.314697265625,-42.3583984375,146.30126953125,14.2822265625,-0.06982421875,-1.280029296875,0.216796875,19.04296875,-15.31982421875,-90.75927734375,-0.490966796875,-0.97705078125,-0.039794921875,7.14111328125,-85.9375,-14.58740234375,-0.969970703125,0.0068359375,0.112548828125,-56.0302734375,23.92578125,-28.076171875,-7.2382505362384,8.772672898669427
2022-06-09 15:29:10.668114432,-0.96484375,0.108154296875,-0.16748046875,-115.90576171875,-34.36279296875,-12.0849609375,1.47412109375,1.846923828125,1.2861328125,-28.9306640625,286.92626953125,-179.38232421875,-0.35009765625,0.76416015625,0.315185546875,-41.68701171875,146.1181640625,12.3291015625,-0.15283203125,-1.30029296875,0.2099609375,20.751953125,-20.32470703125,-97.59521484375,-0.46435546875,-0.969970703125,-0.0654296875,6.89697265625,-91.97998046875,-14.46533203125,-0.9677734375,0.008056640625,0.11376953125,-56.09130859375,23.98681640625,-28.076171875,-7.054180121092479,8.692615290005879
2022-06-09 15:29:10.678276096,-0.941650390625,0.10107421875,-0.183837890625,-115.29541015625,-35.70556640625,-11.41357421875,1.37646484375,1.536865234375,0.82373046875,-40.10009765625,229.6142578125,-134.6435546875,-0.346435546875,0.77197265625,0.30908203125,-40.6494140625,144.22607421875,9.70458984375,-0.16455078125,-1.297119140625,0.19775390625,20.3857421875,-28.3203125,-105.5908203125,-0.446044921875,-0.961669921875,-0.0732421875,5.92041015625,-89.05029296875,-11.962890625,-0.9677734375,0.008544921875,0.11572265625,-56.15234375,24.169921875,-28.13720703125,-6.871584304529581,8.596875654802986
2022-06-09 15:29:10.688437760,-0.914794921875,0.0966796875,-0.200439453125,-114.80712890625,-36.1328125,-10.80322265625,1.541259765625,1.175048828125,0.3671875,-38.9404296875,174.01123046875,-89.4775390625,-0.335693359375,0.78466796875,0.300048828125,-38.818359375,140.68603515625,6.4697265625,-0.13720703125,-1.32666015625,0.218017578125,20.99609375,-35.70556640625,-114.44091796875,-0.4345703125,-0.968505859375,-0.079833984375,3.84521484375,-82.94677734375,-8.72802734375,-0.968994140625,0.008056640625,0.11083984375,-56.21337890625,24.5361328125,-28.1982421875,-6.695520646262565,8.480541703499998
2022-06-09 15:29:10.698599424,-0.892333984375,0.08203125,-0.2197265625,-114.2578125,-33.14208984375,-9.82666015625,1.76904296875,1.2021484375,0.3896484375,-24.23095703125,122.13134765625,-42.54150390625,-0.325439453125,0.806884765625,0.2900390625,-36.2548828125,135.68115234375,2.99072265625,-0.15380859375,-1.339111328125,0.20751953125,22.52197265625,-39.36767578125,-124.755859375,-0.421875,-0.987060546875,-0.080078125,1.8310546875,-74.5849609375,-4.39453125,-0.97314453125,0.0087890625,0.11181640625,-56.2744140625,24.59716796875,-28.3203125,-6.529232487018945,8.341530958731227
2022-06-09 15:29:10.708760832,-0.907470703125,0.04931640625,-0.214599609375,-114.07470703125,-28.25927734375,-9.33837890625,1.57080078125,1.454345703125,0.712646484375,-16.357421875,75.927734375,11.16943359375,-0.31298828125,0.8427734375,0.275390625,-32.5927734375,129.7607421875,-0.30517578125,-0.205322265625,-1.3994140625,0.232666015625,22.216796875,-39.97802734375,-136.23046875,-0.411865234375,-1.007568359375,-0.072265625,0.30517578125,-64.5751953125,0.79345703125,-0.97216796875,0.007568359375,0.109619140625,-56.2744140625,24.2919921875,-28.25927734375,-6.382216689173074,8.182120041415459
2022-06-09 15:29:10.718922496,-0.955810546875,0.011474609375,-0.21044921875,-113.76953125,-23.25439453125,-9.033203125,-0.351806640625,1.710205078125,-0.087158203125,-5.7373046875,-7.75146484375,53.466796875,-0.306884765625,0.88037109375,0.269287109375,-29.23583984375,123.1689453125,-3.5400390625,-0.2685546875,-1.528076171875,0.310791015625,21.78955078125,-40.1611328125,-150.390625,-0.402587890625,-1.01904296875,-0.064697265625,-0.91552734375,-53.28369140625,6.53076171875,-0.96923828125,0.009033203125,0.11279296875,-56.2744140625,23.8037109375,-28.1982421875,-6.262950902698719,8.00344376234899
2022-06-09 15:29:10.729083904,-1.025634765625,-0.080078125,-0.251220703125,-115.41748046875,-17.822265625,-9.09423828125,-0.923095703125,1.607421875,-0.47216796875,27.40478515625,-139.0380859375,53.64990234375,-0.29833984375,0.911376953125,0.26513671875,-26.4892578125,116.39404296875,-6.591796875,-0.357421875,-1.72216796875,0.370361328125,23.25439453125,-39.4287109375,-166.6259765625,-0.395263671875,-1.024169921875,-0.060791015625,-2.0751953125,-41.07666015625,12.63427734375,-0.966796875,0.0068359375,0.11474609375,-56.2744140625,23.98681640625,-28.13720703125,-6.176590064958944,7.802427024501895
2022-06-09 15:29:10.739245568,-1.13232421875,-0.17578125,-0.28466796875,-114.44091796875,-7.6904296875,-9.521484375,-0.451171875,1.73779296875,0.341064453125,18.12744140625,-119.0185546875,52.06298828125,-0.2900390625,0.93359375,0.259033203125,-24.35302734375,110.41259765625,-9.521484375,-0.51171875,-1.994873046875,0.319091796875,28.3203125,-33.203125,-184.6923828125,-0.396240234375,-1.029296875,-0.065673828125,-4.150390625,-28.076171875,18.61572265625,-0.966796875,0.009033203125,0.114990234375,-56.21337890625,24.59716796875,-28.1982421875,-6.1215101847890026,7.57549025866145
2022-06-09 15:29:10.749407232,-1.26171875,-0.202880859375,-0.298828125,-111.9384765625,5.37109375,-11.474609375,0.0009765625,1.346923828125,-0.2265625,15.19775390625,-71.4111328125,64.02587890625,-0.288330078125,0.94287109375,0.23583984375,-22.8271484375,106.4453125,-12.5732421875,-0.62939453125,-2.342529296875,0.34326171875,37.17041015625,-15.56396484375,-203.18603515625,-0.4130859375,-1.080078125,-0.074462890625,-10.55908203125,-14.70947265625,23.193359375,-0.97607421875,0.006591796875,0.107421875,-56.21337890625,25.0244140625,-28.13720703125,-6.074379417628968,7.317605199073782
2022-06-09 15:29:10.759568640,-1.372802734375,-0.2001953125,-0.318115234375,-111.572265625,9.6435546875,-16.17431640625,0.02880859375,1.140380859375,-0.45458984375,12.02392578125,-35.888671875,76.35498046875,-0.290283203125,0.962158203125,0.208984375,-20.20263671875,104.79736328125,-15.19775390625,-0.653564453125,-2.72216796875,0.5185546875,54.13818359375,21.78955078125,-215.2099609375,-0.446533203125,-1.203369140625,-0.078857421875,-21.240234375,-2.01416015625,25.32958984375,-0.97412109375,0.007080078125,0.1123046875,-56.09130859375,24.2919921875,-28.076171875,-5.991721447056769,7.029330784076944
2022-06-09 15:29:10.769730304,-1.3623046875,-0.166015625,-0.34326171875,-110.3515625,-5.2490234375,-21.240234375,0.0478515625,0.59521484375,-0.492919921875,1.5869140625,-23.681640625,70.6787109375,-0.294921875,1.024658203125,0.20068359375,-14.46533203125,104.248046875,-16.11328125,-0.772216796875,-2.7880859375,0.63623046875,79.1015625,77.2705078125,-213.134765625,-0.487060546875,-1.34228515625,-0.076416015625,-30.70068359375,8.544921875,25.7568359375,-0.96875,0.005126953125,0.115234375,-56.15234375,23.62060546875,-28.076171875,-5.848148109609834,6.728667870742889
2022-06-09 15:29:10.779891968,-1.171630859375,-0.11669921875,-0.31787109375,-108.7646484375,-38.9404296875,-24.169921875,-0.005126953125,0.35009765625,-0.70556640625,3.23486328125,-33.63037109375,57.31201171875,-0.316162109375,1.13525390625,0.228515625,-6.7138671875,102.6611328125,-15.07568359375,-1.171630859375,-2.244873046875,-0.025634765625,92.22412109375,113.22021484375,-200.62255859375,-0.522216796875,-1.40576171875,-0.0546875,-32.28759765625,15.5029296875,26.7333984375,-0.966064453125,0.00732421875,0.114501953125,-56.21337890625,23.92578125,-28.13720703125,-5.67145110971078,6.442565946576362
2022-06-09 15:29:10.790053632,-0.918212890625,-0.107421875,-0.23828125,-109.06982421875,-64.02587890625,-23.62060546875,0.051513671875,0.5908203125,-0.697509765625,2.86865234375,-31.494140625,45.59326171875,-0.342041015625,1.247802734375,0.272705078125,-2.0751953125,98.14453125,-13.85498046875,-1.39453125,-1.486083984375,-0.96875,73.79150390625,29.35791015625,-195.6787109375,-0.543212890625,-1.29833984375,-0.010009765625,-24.84130859375,18.9208984375,29.11376953125,-0.969482421875,0.005615234375,0.115478515625,-56.09130859375,24.71923828125,-28.13720703125,-5.5283266108074365,6.175354898194751
2022-06-09 15:29:10.800215296,-0.7392578125,-0.0810546875,-0.228759765625,-104.91943359375,-57.31201171875,-20.6298828125,-0.068359375,0.82666015625,-0.46142578125,0.1220703125,-24.2919921875,37.2314453125,-0.354736328125,1.296875,0.331298828125,-5.43212890625,91.30859375,-13.36669921875,-0.908203125,-1.40087890625,-0.720703125,60.546875,-152.64892578125,-201.904296875,-0.53466796875,-1.0390625,0.039794921875,-15.7470703125,20.08056640625,32.8369140625,-0.972900390625,0.004638671875,0.1123046875,-56.09130859375,25.146484375,-28.13720703125,-5.467350902623291,5.894100086720517
2022-06-09 15:29:10.810376704,-0.6630859375,-0.010009765625,-0.33203125,-97.16796875,-32.53173828125,-15.31982421875,0.0068359375,1.02392578125,-0.271240234375,-1.0986328125,-20.1416015625,29.96826171875,-0.357177734375,1.216796875,0.365234375,-17.08984375,82.763671875,-13.18359375,-0.407958984375,-0.987060546875,-0.698486328125,78.43017578125,-359.31396484375,-161.43798828125,-0.515625,-0.786376953125,0.0615234375,-16.05224609375,20.5078125,39.97802734375,-0.976806640625,0.00732421875,0.1103515625,-56.15234375,24.5361328125,-28.1982421875,-5.481125440796859,5.550654103430141
2022-06-09 15:29:10.820538368,-0.6416015625,0.0439453125,-0.360107421875,-91.9189453125,-7.50732421875,-9.765625,-0.04541015625,1.138916015625,-0.220458984375,-0.67138671875,-12.75634765625,26.611328125,-0.34814453125,1.019775390625,0.36767578125,-31.25,73.66943359375,-14.16015625,-0.1884765625,-0.875244140625,-0.599609375,93.994140625,-387.20703125,-131.103515625,-0.4912109375,-0.64453125,0.058349609375,-27.2216796875,20.56884765625,50.59814453125,-0.972412109375,0.006591796875,0.11474609375,-56.21337890625,23.8037109375,-28.13720703125,-5.526980429955255,5.125691052734279
2022-06-09 15:29:10.830700032,-0.64990234375,0.073486328125,-0.260009765625,-85.26611328125,13.12255859375,-5.9814453125,-0.152587890625,1.083251953125,-0.206787109375,-0.6103515625,-7.9345703125,24.5361328125,-0.310546875,0.824462890625,0.3349609375,-39.306640625,65.97900390625,-17.27294921875,0.223388671875,-0.788330078125,-0.593994140625,114.3798828125,-369.384765625,-115.66162109375,-0.482177734375,-0.620361328125,0.04541015625,-42.90771484375,19.287109375,61.21826171875,-0.968994140625,0.007568359375,0.115234375,-56.21337890625,23.681640625,-28.1982421875,-5.56633145415768,4.639551259196917
2022-06-09 15:29:10.840861440,-0.708740234375,0.142333984375,-0.16796875,-77.81982421875,29.84619140625,-4.21142578125,-0.129638671875,1.009521484375,-0.232177734375,-0.67138671875,-5.615234375,22.216796875,-0.274658203125,0.732177734375,0.2861328125,-37.7197265625,61.95068359375,-20.81298828125,0.572998046875,-0.677978515625,-0.654052734375,128.5400390625,-332.6416015625,-109.43603515625,-0.47119140625,-0.69384765625,0.03515625,-59.5703125,15.13671875,69.27490234375,-0.96826171875,0.006591796875,0.11376953125,-56.21337890625,24.2919921875,-28.25927734375,-5.572092445801172,4.120518869710306
2022-06-09 15:29:10.851023104,-0.826416015625,0.2099609375,-0.18798828125,-78.9794921875,41.19873046875,-3.7841796875,-0.113525390625,0.96875,-0.281982421875,-0.244140625,0.06103515625,19.22607421875,-0.258544921875,0.763671875,0.2373046875,-30.45654296875,62.5,-23.86474609375,0.376708984375,-0.814697265625,-0.650634765625,141.357421875,-304.3212890625,-102.294921875,-0.46142578125,-0.83447265625,0.0361328125,-76.66015625,5.859375,75.50048828125,-0.972412109375,0.006591796875,0.113525390625,-56.21337890625,24.84130859375,-28.25927734375,-5.524071066604794,3.606652246737408
2022-06-09 15:29:10.861184512,-0.9482421875,0.24267578125,-0.27685546875,-90.4541015625,42.1142578125,-3.662109375,-0.086181640625,0.94970703125,-0.34423828125,0.06103515625,7.75146484375,16.6015625,-0.250732421875,0.880859375,0.1982421875,-24.35302734375,65.4296875,-26.55029296875,-0.038818359375,-0.94482421875,-0.566650390625,159.7900390625,-309.99755859375,-84.3505859375,-0.469482421875,-0.985595703125,0.052001953125,-91.73583984375,-10.43701171875,80.56640625,-0.975341796875,0.005859375,0.11328125,-56.15234375,24.59716796875,-28.25927734375,-5.416861284360383,3.111372303812061
2022-06-09 15:29:10.871346176,-1.06298828125,0.228271484375,-0.348876953125,-106.8115234375,32.8369140625,-5.126953125,-0.1123046875,0.9189453125,-0.377685546875,-1.220703125,16.9677734375,14.46533203125,-0.235107421875,1.00927734375,0.16650390625,-23.25439453125,68.603515625,-28.62548828125,-0.115966796875,-0.748291015625,-0.644775390625,175.23193359375,-301.45263671875,-54.87060546875,-0.50146484375,-1.105712890625,0.073974609375,-102.96630859375,-34.423828125,84.1064453125,-0.972900390625,0.006103515625,0.112548828125,-56.33544921875,23.86474609375,-28.1982421875,-5.260048480636343,2.621482335311711
2022-06-09 15:29:10.881507840,-1.12939453125,0.19677734375,-0.369384765625,-123.6572265625,23.8037109375,-7.50732421875,-0.142822265625,0.891357421875,-0.383544921875,-2.50244140625,22.8271484375,13.0615234375,-0.217041015625,1.105712890625,0.142822265625,-25.634765625,71.59423828125,-29.9072265625,-0.15673828125,-0.65478515625,-0.685302734375,182.2509765625,-266.17431640625,-29.1748046875,-0.54638671875,-1.1962890625,0.095703125,-111.4501953125,-65.61279296875,85.3271484375,-0.967529296875,0.0068359375,0.11376953125,-56.2744140625,23.4375,-28.13720703125,-5.060993981935862,2.1202217660595757
2022-06-09 15:29:10.891669504,-1.158203125,0.156982421875,-0.374755859375,-140.68603515625,22.52197265625,-10.07080078125,-0.160888671875,0.855712890625,-0.408447265625,-3.2958984375,23.3154296875,12.26806640625,-0.208251953125,1.172607421875,0.123291015625,-28.076171875,74.76806640625,-30.94482421875,-0.152099609375,-0.60888671875,-0.725830078125,188.96484375,-228.6376953125,-14.404296875,-0.584716796875,-1.25732421875,0.106689453125,-117.85888671875,-101.62353515625,84.53369140625,-0.9658203125,0.0048828125,0.11474609375,-56.2744140625,23.74267578125,-28.076171875,-4.819352333963298,1.6020674903233925
2022-06-09 15:29:10.901831168,-1.182373046875,0.1494140625,-0.365478515625,-154.72412109375,26.123046875,-13.36669921875,-0.16357421875,0.845947265625,-0.4296875,-3.84521484375,23.49853515625,11.90185546875,-0.215576171875,1.218994140625,0.121826171875,-29.72412109375,77.5146484375,-31.73828125,-0.092041015625,-0.54638671875,-0.759521484375,199.03564453125,-202.33154296875,-3.96728515625,-0.600830078125,-1.277587890625,0.107666015625,-121.88720703125,-139.5263671875,82.3974609375,-0.968994140625,0.00439453125,0.11279296875,-56.21337890625,24.169921875,-28.076171875,-4.53756387802337,1.069763494906752
2022-06-09 15:29:10.911992576,-1.19873046875,0.1484375,-0.36474609375,-164.9169921875,26.3671875,-16.29638671875,-0.1572265625,0.8486328125,-0.430908203125,-5.0048828125,25.390625,11.16943359375,-0.227783203125,1.244140625,0.14501953125,-32.1044921875,79.28466796875,-31.3720703125,0.002197265625,-0.540283203125,-0.79345703125,207.94677734375,-182.12890625,7.14111328125,-0.59375,-1.2568359375,0.105224609375,-124.57275390625,-174.072265625,80.13916015625,-0.971435546875,0.007080078125,0.114501953125,-56.33544921875,24.2919921875,-28.13720703125,-4.22266587724539,0.5281190704724388
2022-06-09 15:29:10.922154240,-1.193359375,0.15673828125,-0.344970703125,-169.921875,17.2119140625,-17.76123046875,-0.10595703125,0.880126953125,-0.374267578125,-6.2255859375,27.52685546875,9.94873046875,-0.277587890625,1.208984375,0.2099609375,-40.52734375,79.2236328125,-25.69580078125,0.005615234375,-0.5517578125,-0.826171875,216.97998046875,-165.771484375,20.01953125,-0.57275390625,-1.216796875,0.103759765625,-127.50244140625,-202.392578125,78.125,-0.971435546875,0.007080078125,0.11279296875,-56.2744140625,24.0478515625,-28.1982421875,-3.878228750384693,-0.012930376437637392
2022-06-09 15:29:10.932315904,-1.134765625,0.160888671875,-0.337646484375,-174.37744140625,1.77001953125,-17.15087890625,-0.11572265625,0.880859375,-0.351806640625,-6.28662109375,28.564453125,9.27734375,-0.307373046875,1.15380859375,0.236083984375,-44.25048828125,77.20947265625,-22.4609375,-0.059326171875,-0.572509765625,-0.861083984375,224.609375,-155.70068359375,36.1328125,-0.55029296875,-1.1904296875,0.10400390625,-130.9814453125,-225.40283203125,76.2939453125,-0.969482421875,0.005859375,0.115966796875,-56.21337890625,23.74267578125,-28.1982421875,-3.5021499267703113,-0.5447518016513335
2022-06-09 15:29:10.942477568,-1.036376953125,0.17138671875,-0.34033203125,-179.0771484375,-6.2255859375,-14.892578125,-0.13330078125,0.87939453125,-0.357666015625,-5.9814453125,29.9072265625,8.23974609375,-0.325927734375,1.090576171875,0.267578125,-48.27880859375,74.64599609375,-20.99609375,-0.126953125,-0.609130859375,-0.881591796875,229.98046875,-153.4423828125,53.3447265625,-0.51171875,-1.172607421875,0.0986328125,-133.23974609375,-244.68994140625,75.5615234375,-0.967041015625,0.008544921875,0.116455078125,-56.33544921875,23.74267578125,-28.13720703125,-3.1006365311320607,-1.0746720535479568
2022-06-09 15:29:10.952638976,-0.96337890625,0.178466796875,-0.314697265625,-184.6923828125,-2.685546875,-13.36669921875,-0.134765625,0.881591796875,-0.3642578125,-5.4931640625,30.76171875,7.01904296875,-0.32080078125,1.025634765625,0.31640625,-53.7109375,72.08251953125,-21.6064453125,-0.156005859375,-0.635498046875,-0.90576171875,234.31396484375,-159.97314453125,69.7021484375,-0.466796875,-1.15087890625,0.0986328125,-132.99560546875,-261.71875,76.66015625,-0.966796875,0.00830078125,0.116455078125,-56.33544921875,24.10888671875,-28.1982421875,-2.696820711935054,-1.6237811147950545
2022-06-09 15:29:10.962800384,-0.9169921875,0.18310546875,-0.273681640625,-189.51416015625,2.197265625,-12.939453125,-0.0966796875,0.87890625,-0.3681640625,-5.37109375,33.38623046875,6.103515625,-0.272705078125,0.95458984375,0.298828125,-60.97412109375,71.1669921875,-24.0478515625,-0.178955078125,-0.66259765625,-0.933837890625,236.083984375,-173.03466796875,85.38818359375,-0.41357421875,-1.118896484375,0.109375,-131.40869140625,-275.5126953125,79.1015625,-0.968017578125,0.01025390625,0.11767578125,-56.21337890625,24.23095703125,-28.1982421875,-2.315240291201878,-2.2173564170142868
2022-06-09 15:29:10.972962048,-0.88232421875,0.2021484375,-0.262939453125,-193.9697265625,3.2958984375,-12.02392578125,-0.07275390625,0.866943359375,-0.36328125,-5.2490234375,36.07177734375,5.06591796875,-0.2236328125,0.92138671875,0.298828125,-65.7958984375,74.40185546875,-26.79443359375,-0.207275390625,-0.723876953125,-0.941162109375,236.328125,-188.3544921875,100.2197265625,-0.362548828125,-1.094482421875,0.12451171875,-129.94384765625,-284.912109375,82.45849609375,-0.970947265625,0.0078125,0.115478515625,-56.15234375,23.98681640625,-28.1982421875,-1.9678145458910912,-2.863196200544177
2022-06-09 15:29:10.983123712,-0.855712890625,0.203857421875,-0.278076171875,-200.3173828125,1.89208984375,-10.55908203125,-0.061767578125,0.85009765625,-0.35400390625,-5.126953125,36.92626953125,3.60107421875,-0.20751953125,0.957275390625,0.276611328125,-64.14794921875,77.392578125,-27.34375,-0.2109375,-0.779052734375,-0.954833984375,236.51123046875,-206.787109375,113.8916015625,-0.3193359375,-1.08642578125,0.138916015625,-128.662109375,-289.61181640625,86.181640625,-0.97216796875,0.007568359375,0.11474609375,-56.2744140625,23.92578125,-28.13720703125,-1.6575091553366903,-3.5304555700655023
2022-06-09 15:29:10.993284608,-0.849609375,0.176025390625,-0.28271484375,-206.48193359375,1.8310546875,-9.58251953125,-0.069091796875,0.841064453125,-0.362548828125,-4.8828125,36.07177734375,2.38037109375,-0.1845703125,1.001953125,0.26953125,-64.0869140625,77.5146484375,-28.13720703125,-0.19482421875,-0.834228515625,-0.9814453125,235.77880859375,-225.40283203125,127.62451171875,-0.28662109375,-1.081298828125,0.159912109375,-125.9765625,-289.61181640625,90.02685546875,-0.974609375,0.00634765625,0.117919921875,-56.33544921875,24.23095703125,-28.1982421875,-1.389694476726838,-4.198624310561289
2022-06-09 15:29:11.003445504,-0.85595703125,0.14599609375,-0.294189453125,-213.0126953125,5.4931640625,-9.765625,-0.116455078125,0.836181640625,-0.383544921875,-4.7607421875,33.8134765625,1.708984375,-0.14697265625,1.016357421875,0.2607421875,-69.88525390625,77.81982421875,-30.57861328125,-0.187744140625,-0.88720703125,-1.01123046875,233.94775390625,-243.34716796875,141.78466796875,-0.25830078125,-1.071044921875,0.184814453125,-121.7041015625,-285.2783203125,93.1396484375,-0.97412109375,0.0087890625,0.116455078125,-56.2744140625,24.169921875,-28.1982421875,-1.1717996428466115,-4.895802674628886
2022-06-09 15:29:11.013606400,-0.88720703125,0.12451171875,-0.30419921875,-218.1396484375,9.46044921875,-10.7421875,-0.12353515625,0.845947265625,-0.39892578125,-4.21142578125,31.73828125,1.52587890625,-0.114501953125,1.0,0.24072265625,-76.23291015625,81.1767578125,-31.73828125,-0.195556640625,-0.873779296875,-1.071044921875,230.52978515625,-263.671875,155.6396484375,-0.239013671875,-1.06005859375,0.208740234375,-117.61474609375,-277.28271484375,94.66552734375,-0.97119140625,0.0078125,0.1142578125,-56.396484375,23.62060546875,-28.076171875,-0.9994088341521277,-5.640857977973019
2022-06-09 15:29:11.023767040,-0.92724609375,0.095703125,-0.326904296875,-221.5576171875,10.07080078125,-12.26806640625,-0.104248046875,0.87109375,-0.378662109375,-3.23486328125,33.5693359375,1.77001953125,-0.0986328125,0.97900390625,0.22900390625,-78.9794921875,87.0361328125,-30.8837890625,-0.226318359375,-0.8447265625,-1.155029296875,222.96142578125,-287.65869140625,168.15185546875,-0.228271484375,-1.056396484375,0.2314453125,-114.07470703125,-266.6015625,94.23828125,-0.9716796875,0.00732421875,0.1181640625,-56.396484375,23.4375,-28.01513671875,-0.856187276839691,-6.412867083686875
2022-06-09 15:29:11.033927936,-0.951416015625,0.09375,-0.358642578125,-223.57177734375,8.1787109375,-13.916015625,-0.09912109375,0.885498046875,-0.3544921875,-2.197265625,37.29248046875,2.50244140625,-0.095947265625,0.971435546875,0.2197265625,-79.9560546875,93.81103515625,-29.23583984375,-0.2412109375,-0.859130859375,-1.223388671875,212.40234375,-314.8193359375,180.60302734375,-0.23291015625,-1.06005859375,0.2421875,-110.83984375,-254.8828125,91.85791015625,-0.970458984375,0.00732421875,0.1201171875,-56.33544921875,23.8037109375,-27.9541015625,-0.7240042889391418,-7.187291608762848
2022-06-09 15:29:11.044088832,-0.977783203125,0.088623046875,-0.3837890625,-226.37939453125,7.8125,-15.93017578125,-0.084228515625,0.892822265625,-0.3408203125,-0.9765625,41.68701171875,3.11279296875,-0.107421875,0.96923828125,0.212890625,-81.0546875,100.4638671875,-26.55029296875,-0.21240234375,-0.91162109375,-1.27099609375,200.98876953125,-340.087890625,193.29833984375,-0.2451171875,-1.0673828125,0.253662109375,-107.7880859375,-244.68994140625,87.7685546875,-0.969970703125,0.00927734375,0.116455078125,-56.396484375,24.10888671875,-28.076171875,-0.5868747900030762,-7.953161363824043
2022-06-09 15:29:11.054249472,-1.01318359375,0.091796875,-0.396728515625,-227.9052734375,9.09423828125,-17.822265625,-0.08349609375,0.889892578125,-0.336181640625,0.0,46.38671875,3.23486328125,-0.130615234375,0.961669921875,0.204345703125,-82.1533203125,105.77392578125,-22.15576171875,-0.1865234375,-0.9912109375,-1.283203125,190.185546875,-357.666015625,205.810546875,-0.25146484375,-1.079345703125,0.258056640625,-105.04150390625,-237.36572265625,82.21435546875,-0.96875,0.00390625,0.113037109375,-56.45751953125,23.86474609375,-28.01513671875,-0.43058514453184316,-8.69999023597196
2022-06-09 15:29:11.064410368,-1.0419921875,0.096435546875,-0.406005859375,-228.33251953125,10.3759765625,-19.47021484375,-0.0849609375,0.897705078125,-0.33984375,0.3662109375,50.4150390625,3.47900390625,-0.1533203125,0.95458984375,0.1962890625,-82.763671875,108.5205078125,-16.78466796875,-0.167236328125,-1.087158203125,-1.29296875,179.6875,-367.1875,216.97998046875,-0.253662109375,-1.089111328125,0.263671875,-102.23388671875,-232.48291015625,75.50048828125,-0.967529296875,0.004150390625,0.114013671875,-56.33544921875,23.4375,-28.01513671875,-0.2437737216865834,-9.415945994619968
2022-06-09 15:29:11.074571008,-1.06201171875,0.087646484375,-0.39794921875,-229.3701171875,11.41357421875,-21.17919921875,-0.098876953125,0.91015625,-0.364990234375,0.244140625,52.8564453125,4.08935546875,-0.1689453125,0.945556640625,0.193115234375,-83.251953125,109.31396484375,-11.41357421875,-0.15087890625,-1.178955078125,-1.307373046875,170.10498046875,-368.1640625,225.7080078125,-0.258056640625,-1.095703125,0.267578125,-98.876953125,-228.69873046875,68.115234375,-0.966796875,0.0048828125,0.118896484375,-56.396484375,23.62060546875,-28.076171875,-0.021013770997790004,-10.096283238227574
2022-06-09 15:29:11.084732160,-1.078857421875,0.06640625,-0.36572265625,-230.3466796875,11.3525390625,-22.52197265625,-0.114990234375,0.9033203125,-0.3818359375,0.06103515625,54.62646484375,5.43212890625,-0.169921875,0.94091796875,0.199951171875,-83.740234375,109.4970703125,-5.43212890625,-0.14013671875,-1.297607421875,-1.32373046875,161.0107421875,-364.31884765625,232.97119140625,-0.274169921875,-1.10107421875,0.27001953125,-95.15380859375,-225.52490234375,60.05859375,-0.971435546875,0.004150390625,0.1162109375,-56.33544921875,24.2919921875,-28.13720703125,0.24015206567834113,-10.73885354646251
2022-06-09 15:29:11.094893056,-1.08740234375,0.04296875,-0.330322265625,-231.3232421875,7.6904296875,-23.8037109375,-0.123046875,0.9072265625,-0.400146484375,0.67138671875,56.5185546875,6.89697265625,-0.1708984375,0.938720703125,0.204833984375,-84.47265625,109.43603515625,1.40380859375,-0.10546875,-1.434326171875,-1.339599609375,152.16064453125,-360.04638671875,240.41748046875,-0.306396484375,-1.1015625,0.26904296875,-90.88134765625,-223.08349609375,51.57470703125,-0.97314453125,0.004638671875,0.115966796875,-56.2744140625,24.5361328125,-28.076171875,0.5412164913382433,-11.338363246924777
2022-06-09 15:29:11.105053696,-1.0751953125,0.0205078125,-0.2958984375,-232.0556640625,0.42724609375,-24.658203125,-0.173828125,0.89697265625,-0.449951171875,2.86865234375,58.9599609375,8.1787109375,-0.170654296875,0.931640625,0.2138671875,-85.3271484375,108.82568359375,8.97216796875,-0.06884765625,-1.55029296875,-1.36572265625,143.24951171875,-355.46875,246.64306640625,-0.34765625,-1.100341796875,0.2666015625,-86.42578125,-220.52001953125,42.78564453125,-0.972900390625,0.006103515625,0.115478515625,-56.2744140625,23.92578125,-28.13720703125,0.8829267379956427,-11.889115115864314
2022-06-09 15:29:11.115214592,-1.052734375,-0.00048828125,-0.262939453125,-232.421875,-6.77490234375,-25.0244140625,-0.1455078125,0.893310546875,-0.44775390625,6.40869140625,63.1103515625,9.521484375,-0.162353515625,0.92236328125,0.22802734375,-86.42578125,107.7880859375,16.90673828125,-0.058837890625,-1.646728515625,-1.409423828125,133.4228515625,-351.98974609375,250.1220703125,-0.376953125,-1.094482421875,0.264892578125,-81.48193359375,-218.017578125,33.8134765625,-0.969482421875,0.008544921875,0.115478515625,-56.33544921875,23.3154296875,-28.076171875,1.2652851940714527,-12.387618499912698
2022-06-09 15:29:11.125375232,-1.02490234375,-0.006591796875,-0.24267578125,-231.38427734375,-11.04736328125,-24.7802734375,-0.15673828125,0.929931640625,-0.408935546875,9.58251953125,69.51904296875,11.90185546875,-0.1484375,0.907958984375,0.239013671875,-87.646484375,107.97119140625,25.20751953125,-0.06689453125,-1.719482421875,-1.470458984375,122.314453125,-350.64697265625,251.220703125,-0.3876953125,-1.08447265625,0.266357421875,-76.416015625,-217.4072265625,24.84130859375,-0.963134765625,0.009521484375,0.11865234375,-56.2744140625,23.37646484375,-28.076171875,1.6872621090383433,-12.832145896481574
2022-06-09 15:29:11.135536128,-0.998046875,-0.01611328125,-0.247314453125,-230.3466796875,-13.61083984375,-23.98681640625,-0.181884765625,0.955078125,-0.353271484375,11.90185546875,71.59423828125,14.70947265625,-0.126953125,0.890380859375,0.250244140625,-89.05029296875,110.3515625,33.75244140625,-0.04248046875,-1.744873046875,-1.542236328125,109.92431640625,-351.01318359375,251.40380859375,-0.3740234375,-1.075927734375,0.265380859375,-70.86181640625,-218.32275390625,15.5029296875,-0.964111328125,0.007568359375,0.1171875,-56.33544921875,23.98681640625,-28.13720703125,2.1483431965473585,-13.221430991828736
2022-06-09 15:29:11.145697024,-0.9638671875,-0.024169921875,-0.245361328125,-227.84423828125,-15.5029296875,-23.13232421875,-0.11376953125,0.942138671875,-0.355712890625,15.13671875,71.044921875,17.9443359375,-0.111328125,0.872314453125,0.258056640625,-90.75927734375,116.14990234375,42.48046875,0.036376953125,-1.759033203125,-1.58837890625,95.3369140625,-351.01318359375,252.44140625,-0.3486328125,-1.060302734375,0.263671875,-65.00244140625,-219.482421875,6.89697265625,-0.96728515625,0.006591796875,0.117919921875,-56.2744140625,24.59716796875,-28.076171875,2.6444381685555314,-13.555446694847936
2022-06-09 15:29:11.155857920,-0.925048828125,-0.029541015625,-0.248779296875,-224.18212890625,-16.54052734375,-22.15576171875,-0.076904296875,0.917236328125,-0.338134765625,19.34814453125,73.30322265625,19.59228515625,-0.107421875,0.854736328125,0.254638671875,-92.8955078125,124.755859375,51.33056640625,0.119873046875,-1.731201171875,-1.6044921875,76.96533203125,-346.00830078125,252.44140625,-0.33203125,-1.04052734375,0.260009765625,-59.4482421875,-219.3603515625,-0.30517578125,-0.971435546875,0.006591796875,0.116943359375,-56.21337890625,24.7802734375,-28.076171875,3.1673858531548547,-13.835223870431873
2022-06-09 15:29:11.166018816,-0.8828125,-0.03369140625,-0.25439453125,-220.3369140625,-16.9677734375,-21.17919921875,-0.056884765625,0.892578125,-0.351318359375,23.8037109375,74.5849609375,20.5078125,-0.109375,0.8369140625,0.23583984375,-95.0927734375,134.765625,59.99755859375,0.2724609375,-1.623779296875,-1.62548828125,54.0771484375,-338.8671875,250.3662109375,-0.323974609375,-1.026611328125,0.25146484375,-54.01611328125,-217.71240234375,-6.34765625,-0.970703125,0.007568359375,0.11669921875,-56.21337890625,24.47509765625,-28.13720703125,3.708799436820886,-14.062710495899786
2022-06-09 15:29:11.176179456,-0.84423828125,-0.0390625,-0.262451171875,-216.85791015625,-15.7470703125,-20.1416015625,-0.040771484375,0.870849609375,-0.33740234375,28.076171875,75.439453125,21.17919921875,-0.111083984375,0.816162109375,0.213134765625,-97.10693359375,145.01953125,68.29833984375,0.470703125,-1.481689453125,-1.59716796875,28.25927734375,-327.69775390625,247.98583984375,-0.325439453125,-0.994873046875,0.227783203125,-43.39599609375,-211.36474609375,-15.869140625,-0.970458984375,0.00634765625,0.116455078125,-56.15234375,24.23095703125,-28.076171875,4.259528444713116,-14.240413168577476
2022-06-09 15:29:11.186340352,-0.814453125,-0.048095703125,-0.27099609375,-213.134765625,-13.61083984375,-18.6767578125,-0.05126953125,0.86083984375,-0.33984375,32.04345703125,75.62255859375,21.97265625,-0.112060546875,0.7978515625,0.193115234375,-98.876953125,155.029296875,76.47705078125,0.64990234375,-1.3896484375,-1.526123046875,1.77001953125,-311.03515625,244.7509765625,-0.325927734375,-0.98095703125,0.21728515625,-37.90283203125,-206.787109375,-19.47021484375,-0.96728515625,0.00732421875,0.1171875,-56.15234375,24.10888671875,-27.9541015625,4.809680392466834,-14.36968068782739
2022-06-09 15:29:11.196501248,-0.78662109375,-0.055419921875,-0.269287109375,-208.1298828125,-11.71875,-17.15087890625,-0.07177734375,0.891357421875,-0.34814453125,35.400390625,74.15771484375,23.5595703125,-0.118408203125,0.7822265625,0.1689453125,-100.15869140625,164.1845703125,84.41162109375,1.064208984375,-1.53515625,-0.82080078125,-31.31103515625,-258.9111328125,221.37451171875,-0.330810546875,-0.967041015625,0.209228515625,-32.71484375,-201.5380859375,-22.76611328125,-0.971435546875,0.00830078125,0.11962890625,-56.21337890625,24.59716796875,-28.01513671875,5.353629875746762,-14.450391307626054
2022-06-09 15:29:11.206661888,-0.765869140625,-0.074951171875,-0.276123046875,-203.55224609375,-9.033203125,-15.625,-0.05078125,0.904541015625,-0.3857421875,39.73388671875,73.486328125,26.42822265625,-0.1279296875,0.7705078125,0.14892578125,-101.01318359375,172.18017578125,92.10205078125,1.34716796875,-1.6337890625,-0.392578125,-22.64404296875,-223.08349609375,194.7021484375,-0.3359375,-0.95458984375,0.204833984375,-27.2216796875,-195.9228515625,-25.5126953125,-0.970703125,0.009765625,0.118408203125,-56.21337890625,24.84130859375,-28.13720703125,5.88715483653597,-14.482358430080213
2022-06-09 15:29:11.216822784,-0.7568359375,-0.104736328125,-0.281005859375,-199.40185546875,-4.7607421875,-14.09912109375,-0.024658203125,0.935546875,-0.354736328125,45.654296875,78.43017578125,29.541015625,-0.137939453125,0.762451171875,0.136474609375,-101.50146484375,179.13818359375,99.4873046875,1.28564453125,-1.56396484375,-0.29541015625,-8.36181640625,-182.55615234375,166.56494140625,-0.34326171875,-0.94384765625,0.202880859375,-21.97265625,-189.94140625,-27.4658203125,-0.971923828125,0.0087890625,0.11962890625,-56.2744140625,24.59716796875,-28.1982421875,6.404453488431351,-14.465769516786093
2022-06-09 15:29:11.226983424,-0.7509765625,-0.137451171875,-0.28662109375,-195.37353515625,-0.67138671875,-12.75634765625,0.012451171875,0.96484375,-0.293212890625,52.30712890625,87.82958984375,32.470703125,-0.145751953125,0.757568359375,0.124267578125,-101.806640625,185.48583984375,106.8115234375,0.946044921875,-1.277587890625,-0.6865234375,-10.986328125,-171.142578125,138.12255859375,-0.351318359375,-0.939697265625,0.197998046875,-16.9677734375,-184.14306640625,-28.80859375,-0.970703125,0.00830078125,0.11962890625,-56.2744140625,24.10888671875,-28.1982421875,6.9014037604293,-14.400317360088398
2022-06-09 15:29:11.237144576,-0.744873046875,-0.171142578125,-0.283935546875,-192.3828125,1.953125,-11.962890625,-0.027587890625,1.005859375,-0.257080078125,59.6923828125,98.14453125,36.2548828125,-0.1630859375,0.755859375,0.11376953125,-102.11181640625,191.650390625,113.8916015625,0.90673828125,-1.024658203125,-1.00927734375,-26.2451171875,-184.14306640625,110.90087890625,-0.36376953125,-0.9384765625,0.1962890625,-12.14599609375,-178.52783203125,-29.72412109375,-0.966796875,0.00732421875,0.12060546875,-56.2744140625,23.92578125,-28.1982421875,7.375019904238236,-14.286154541191241
2022-06-09 15:29:11.247305472,-0.73876953125,-0.202880859375,-0.276611328125,-189.63623046875,4.45556640625,-12.51220703125,-0.1572265625,1.083740234375,-0.38134765625,72.08251953125,108.58154296875,44.25048828125,-0.18408203125,0.758056640625,0.1103515625,-102.294921875,197.265625,120.60546875,1.131591796875,-1.013916015625,-0.922119140625,-43.3349609375,-202.33154296875,78.06396484375,-0.37548828125,-0.9384765625,0.192626953125,-7.32421875,-173.64501953125,-30.21240234375,-0.96435546875,0.00732421875,0.12158203125,-56.33544921875,24.23095703125,-28.076171875,7.822172030908504,-14.124589928846415
2022-06-09 15:29:11.257466112,-0.745849609375,-0.225341796875,-0.258544921875,-185.9130859375,7.6904296875,-14.70947265625,-0.163818359375,1.126708984375,-0.450927734375,79.77294921875,117.3095703125,48.33984375,-0.20263671875,0.761474609375,0.1015625,-102.60009765625,202.2705078125,126.953125,1.731201171875,-1.299072265625,-0.720703125,-58.59375,-195.80078125,37.78076171875,-0.385009765625,-0.9384765625,0.18505859375,-2.25830078125,-169.00634765625,-29.9072265625,-0.966552734375,0.0087890625,0.115478515625,-56.33544921875,24.96337890625,-28.076171875,8.23699986943097,-13.917860340140894
2022-06-09 15:29:11.267627008,-0.771484375,-0.218505859375,-0.230224609375,-181.57958984375,9.3994140625,-18.5546875,-0.153564453125,1.186279296875,-0.4970703125,88.7451171875,133.23974609375,51.08642578125,-0.21728515625,0.76123046875,0.092041015625,-103.271484375,206.60400390625,132.99560546875,2.672119140625,-1.09326171875,-0.29150390625,-67.138671875,-168.212890625,-5.0048828125,-0.392578125,-0.93505859375,0.175048828125,2.5634765625,-164.306640625,-29.11376953125,-0.97412109375,0.0068359375,0.11767578125,-56.33544921875,25.390625,-28.13720703125,8.614554491200966,-13.669531218738202
2022-06-09 15:29:11.277787648,-0.810791015625,-0.19384765625,-0.20458984375,-177.3681640625,8.056640625,-23.5595703125,-0.1875,1.276123046875,-0.526611328125,98.388671875,155.1513671875,53.64990234375,-0.23046875,0.759521484375,0.083984375,-104.30908203125,210.8154296875,138.73291015625,2.841552734375,-1.502197265625,-0.216796875,-70.556640625,-170.2880859375,-80.322265625,-0.398193359375,-0.93115234375,0.156005859375,7.080078125,-158.99658203125,-27.64892578125,-0.9736328125,0.00537109375,0.11865234375,-56.2744140625,24.658203125,-28.1982421875,8.952637656062901,-13.383468485440023
2022-06-09 15:29:11.287948544,-0.864990234375,-0.1591796875,-0.194091796875,-172.66845703125,5.31005859375,-29.052734375,-0.237548828125,1.420654296875,-0.55029296875,109.0087890625,182.55615234375,54.931640625,-0.2451171875,0.757080078125,0.0751953125,-105.712890625,214.90478515625,143.9208984375,0.7158203125,-1.897216796875,0.248291015625,-57.12890625,-155.94482421875,-120.17822265625,-0.4052734375,-0.9287109375,0.14208984375,10.92529296875,-152.89306640625,-25.45166015625,-0.968505859375,0.004150390625,0.12060546875,-56.2744140625,23.92578125,-28.01513671875,9.249762601372858,-13.064460672434965
2022-06-09 15:29:11.298109440,-0.958740234375,-0.07958984375,-0.18994140625,-163.4521484375,3.84521484375,-34.48486328125,-0.294189453125,1.60498046875,-0.62841796875,119.93408203125,218.6279296875,55.419921875,-0.2568359375,0.752685546875,0.0654296875,-107.11669921875,218.93310546875,148.49853515625,0.34912109375,-1.993408203125,0.50146484375,-39.9169921875,-75.25634765625,-64.5751953125,-0.413818359375,-0.940673828125,0.12353515625,13.671875,-145.93505859375,-22.5830078125,-0.966796875,0.007080078125,0.119140625,-56.21337890625,24.23095703125,-28.01513671875,9.506869344837451,-12.717360101381125
2022-06-09 15:29:11.308270336,-1.0966796875,0.01953125,-0.203125,-153.25927734375,3.84521484375,-38.75732421875,-0.34814453125,1.820556640625,-0.72509765625,131.04248046875,267.578125,54.13818359375,-0.263427734375,0.749267578125,0.054931640625,-108.2763671875,222.900390625,152.77099609375,-0.448486328125,-1.219482421875,0.414306640625,-51.6357421875,-10.55908203125,-46.81396484375,-0.425048828125,-0.9775390625,0.111572265625,14.7705078125,-138.3056640625,-19.34814453125,-0.966796875,0.005615234375,0.119140625,-56.15234375,25.146484375,-28.076171875,9.729090601559367,-12.344230352853335
2022-06-09 15:29:11.318431232,-1.23828125,0.086181640625,-0.203125,-143.73779296875,1.3427734375,-40.95458984375,-0.32275390625,1.97607421875,-0.727294921875,140.44189453125,321.59423828125,53.1005859375,-0.265380859375,0.749755859375,0.029541015625,-108.88671875,227.47802734375,157.04345703125,-0.4306640625,-1.1142578125,-0.1025390625,-71.22802734375,-44.73876953125,-67.626953125,-0.439453125,-1.05517578125,0.106201171875,13.916015625,-130.31005859375,-16.2353515625,-0.974365234375,0.00390625,0.1162109375,-56.09130859375,25.390625,-28.076171875,9.927156461364472,-11.943358283388708
2022-06-09 15:29:11.328591872,-1.328369140625,0.157470703125,-0.184814453125,-132.75146484375,-6.40869140625,-39.24560546875,-0.169921875,1.906982421875,-0.724609375,146.6064453125,367.49267578125,49.49951171875,-0.247314453125,0.819580078125,-0.05078125,-104.91943359375,240.90576171875,168.39599609375,0.62109375,-1.47509765625,0.03271484375,-70.1904296875,-81.6650390625,-58.10546875,-0.46240234375,-1.17529296875,0.114013671875,11.53564453125,-122.37548828125,-13.61083984375,-0.975830078125,0.004638671875,0.11572265625,-56.09130859375,24.71923828125,-28.076171875,10.114746367677025,-11.469999049749074
2022-06-09 15:29:11.338752768,-1.32861328125,0.24951171875,-0.212646484375,-126.0986328125,-20.69091796875,-32.1044921875,-0.038818359375,1.721435546875,-0.649658203125,156.55517578125,386.71875,42.66357421875,-0.245849609375,0.920654296875,-0.095703125,-98.7548828125,251.77001953125,177.1240234375,0.210693359375,-1.018798828125,0.054931640625,-55.5419921875,-65.91796875,-53.1005859375,-0.50048828125,-1.32373046875,0.132080078125,9.521484375,-115.17333984375,-11.16943359375,-0.971923828125,0.00537109375,0.117431640625,-56.0302734375,23.86474609375,-28.13720703125,10.29820834717873,-10.887106670101147
2022-06-09 15:29:11.348913664,-1.193359375,0.2587890625,-0.343017578125,-133.11767578125,-45.41015625,-21.8505859375,-0.03955078125,1.432861328125,-0.466064453125,166.44287109375,375.30517578125,32.71484375,-0.272216796875,1.064208984375,-0.132080078125,-90.39306640625,265.2587890625,187.43896484375,-0.185302734375,-0.7861328125,-0.24755859375,-59.63134765625,-76.0498046875,-42.96875,-0.53515625,-1.448486328125,0.154296875,12.14599609375,-109.86328125,-7.99560546875,-0.968994140625,0.007080078125,0.117919921875,-56.0302734375,23.92578125,-28.1982421875,10.458335244428373,-10.187862443073506
2022-06-09 15:29:11.359074304,-0.962646484375,0.198486328125,-0.393310546875,-141.29638671875,-66.162109375,-12.26806640625,0.142333984375,1.2783203125,-0.210205078125,172.79052734375,365.966796875,19.47021484375,-0.3388671875,1.22705078125,-0.14599609375,-83.0078125,279.541015625,197.265625,0.23388671875,-0.970458984375,-0.160400390625,-52.3681640625,-92.22412109375,-33.87451171875,-0.547607421875,-1.452392578125,0.173095703125,23.37646484375,-106.3232421875,-3.60107421875,-0.96826171875,0.009033203125,0.116455078125,-56.0302734375,24.47509765625,-28.25927734375,10.542344686009805,-9.36377405679347
2022-06-09 15:29:11.369235200,-0.787109375,0.16259765625,-0.283447265625,-141.78466796875,-48.03466796875,-6.16455078125,0.330322265625,1.27685546875,-0.01953125,165.71044921875,387.26806640625,6.77490234375,-0.420654296875,1.37060546875,-0.150634765625,-80.99365234375,292.6025390625,204.40673828125,0.12255859375,-1.069580078125,-0.09033203125,-45.71533203125,-87.2802734375,-25.7568359375,-0.53759765625,-1.294189453125,0.18603515625,40.0390625,-102.783203125,1.52587890625,-0.970458984375,0.01123046875,0.114990234375,-56.09130859375,24.5361328125,-28.25927734375,10.494792071826698,-8.444034972224905
2022-06-09 15:29:11.379395840,-0.810302734375,0.152099609375,-0.192626953125,-138.916015625,2.74658203125,-2.5634765625,0.465087890625,1.17236328125,-0.0419921875,149.0478515625,416.6259765625,4.21142578125,-0.497802734375,1.440185546875,-0.1630859375,-86.7919921875,304.01611328125,208.251953125,0.072509765625,-1.25244140625,-0.102783203125,-42.78564453125,-79.52880859375,-25.69580078125,-0.51611328125,-1.095458984375,0.17138671875,50.4150390625,-97.35107421875,9.09423828125,-0.96875,0.009521484375,0.116455078125,-56.15234375,24.35302734375,-28.1982421875,10.306992007718343,-7.487542010756169
2022-06-09 15:29:11.389556992,-0.952880859375,0.11376953125,-0.178955078125,-142.333984375,40.22216796875,0.8544921875,-0.189453125,1.166015625,-0.0419921875,132.14111328125,445.86181640625,6.77490234375,-0.550048828125,1.407470703125,-0.195068359375,-96.8017578125,315.73486328125,211.181640625,0.135009765625,-1.220947265625,-0.062744140625,-36.9873046875,-59.6923828125,-24.96337890625,-0.497314453125,-0.993896484375,0.13525390625,47.9736328125,-89.41650390625,19.22607421875,-0.968505859375,0.010009765625,0.1171875,-56.15234375,24.35302734375,-28.13720703125,10.026178725895043,-6.54265536088856
2022-06-09 15:29:11.399718400,-1.050048828125,0.031005859375,-0.191650390625,-148.74267578125,43.27392578125,4.5166015625,-0.65576171875,1.06982421875,0.191650390625,112.6708984375,424.01123046875,-7.99560546875,-0.591796875,1.32470703125,-0.257080078125,-103.3935546875,330.50537109375,214.599609375,0.122314453125,-1.13720703125,-0.033935546875,-33.63037109375,-37.04833984375,-24.658203125,-0.489990234375,-1.018310546875,0.104248046875,39.48974609375,-81.60400390625,27.099609375,-0.969482421875,0.010498046875,0.11865234375,-56.15234375,24.5361328125,-28.076171875,9.716200187308658,-5.612658083868034
2022-06-09 15:29:11.409880064,-1.042724609375,-0.07080078125,-0.240234375,-151.611328125,31.6162109375,7.8125,-0.25537109375,0.481201171875,-0.0771484375,100.341796875,334.65576171875,-29.9072265625,-0.63037109375,1.25732421875,-0.317626953125,-103.57666015625,350.89111328125,215.63720703125,0.14453125,-1.120849609375,0.034912109375,-29.96826171875,-17.7001953125,-22.0947265625,-0.49755859375,-1.1220703125,0.0810546875,32.77587890625,-75.927734375,33.38623046875,-0.9697265625,0.01123046875,0.114990234375,-56.2744140625,24.47509765625,-28.13720703125,9.406107489861544,-4.6802978305353555
2022-06-09 15:29:11.420041472,-1.007080078125,-0.171142578125,-0.29052734375,-149.47509765625,30.2734375,8.6669921875,0.062255859375,0.2255859375,-0.45703125,123.4130859375,259.46044921875,-45.8984375,-0.67041015625,1.244384765625,-0.35546875,-101.13525390625,376.03759765625,209.9609375,0.0673828125,-1.126953125,0.06005859375,-28.076171875,-3.7841796875,-18.73779296875,-0.51171875,-1.219970703125,0.065673828125,31.55517578125,-73.8525390625,39.9169921875,-0.971435546875,0.010498046875,0.115966796875,-56.33544921875,24.4140625,-28.1982421875,9.07579799373909,-3.762054366206918
2022-06-09 15:29:11.430203136,-1.019287109375,-0.235107421875,-0.27978515625,-143.85986328125,38.818359375,5.18798828125,-0.94384765625,0.691650390625,-0.08642578125,133.544921875,203.2470703125,-63.65966796875,-0.69921875,1.248046875,-0.369873046875,-100.09765625,404.35791015625,197.265625,0.0361328125,-1.127197265625,0.039306640625,-27.099609375,4.21142578125,-16.41845703125,-0.523681640625,-1.25732421875,0.056396484375,34.60693359375,-74.52392578125,45.10498046875,-0.97265625,0.0068359375,0.118408203125,-56.45751953125,24.47509765625,-28.13720703125,8.69566465563264,-2.914688979413363
2022-06-09 15:29:11.440364800,-1.058837890625,-0.27978515625,-0.236572265625,-138.3056640625,42.236328125,-2.38037109375,-1.1533203125,0.874755859375,0.443359375,129.45556640625,119.81201171875,-89.111328125,-0.68603515625,1.23828125,-0.34716796875,-98.9990234375,432.12890625,180.84716796875,0.041015625,-1.1005859375,0.011962890625,-25.634765625,8.11767578125,-15.80810546875,-0.52880859375,-1.252197265625,0.0400390625,38.26904296875,-75.3173828125,48.4619140625,-0.974609375,0.0048828125,0.1171875,-56.396484375,24.4140625,-28.13720703125,8.260866532791315,-2.1881358490312763
2022-06-09 15:29:11.450526464,-1.083740234375,-0.29296875,-0.200927734375,-131.2255859375,33.203125,-11.41357421875,-0.61376953125,0.90087890625,0.813232421875,126.0986328125,37.4755859375,-109.7412109375,-0.664306640625,1.20068359375,-0.29248046875,-98.32763671875,454.9560546875,163.14697265625,0.013916015625,-1.075439453125,-0.039306640625,-23.5595703125,10.80322265625,-15.869140625,-0.52880859375,-1.225341796875,0.01318359375,40.4052734375,-74.27978515625,50.84228515625,-0.972412109375,0.0048828125,0.115966796875,-56.33544921875,24.23095703125,-27.9541015625,7.785323430378597,-1.6042885420590949
2022-06-09 15:29:11.460688128,-1.069091796875,-0.250244140625,-0.171875,-119.2626953125,19.22607421875,-19.59228515625,-0.2119140625,0.896728515625,0.916748046875,114.44091796875,2.3193359375,-128.60107421875,-0.63525390625,1.138671875,-0.2119140625,-98.14453125,470.5810546875,145.3857421875,-0.007568359375,-1.06396484375,-0.0908203125,-20.69091796875,13.36669921875,-15.7470703125,-0.53173828125,-1.1865234375,-0.013427734375,41.93115234375,-70.61767578125,52.91748046875,-0.970947265625,0.005859375,0.115478515625,-56.2744140625,23.8037109375,-27.9541015625,7.281384212537326,-1.17017976623724
2022-06-09 15:29:11.470849536,-1.025390625,-0.16748046875,-0.155517578125,-104.06494140625,11.16943359375,-25.08544921875,-0.031494140625,0.8623046875,0.90478515625,96.86279296875,-2.50244140625,-143.9208984375,-0.619873046875,1.05859375,-0.120849609375,-97.22900390625,474.91455078125,128.96728515625,-0.021484375,-1.0419921875,-0.11474609375,-16.9677734375,13.7939453125,-15.2587890625,-0.53173828125,-1.1328125,-0.03759765625,43.64013671875,-64.697265625,55.60302734375,-0.96875,0.004638671875,0.118896484375,-56.396484375,23.49853515625,-27.89306640625,6.7493604719361,-0.8784594233925418
2022-06-09 15:29:11.481011200,-0.983642578125,-0.081298828125,-0.151611328125,-89.29443359375,11.41357421875,-26.79443359375,0.005126953125,0.84375,0.8291015625,78.06396484375,1.953125,-157.1044921875,-0.63818359375,0.97802734375,-0.046875,-94.1162109375,463.5009765625,116.27197265625,-0.032958984375,-1.017333984375,-0.128173828125,-14.34326171875,11.53564453125,-14.7705078125,-0.521240234375,-1.072265625,-0.046142578125,44.12841796875,-57.7392578125,58.9599609375,-0.966552734375,0.005859375,0.12158203125,-56.2744140625,24.10888671875,-27.9541015625,6.187867082527628,-0.6985990354691012
2022-06-09 15:29:11.491172864,-0.947265625,-0.003662109375,-0.12939453125,-76.47705078125,13.916015625,-26.123046875,-0.022216796875,0.84765625,0.70751953125,61.03515625,8.11767578125,-170.166015625,-0.6650390625,0.9013671875,0.013671875,-87.46337890625,433.837890625,107.60498046875,-0.029052734375,-1.013427734375,-0.134521484375,-12.8173828125,6.89697265625,-13.73291015625,-0.505126953125,-1.01171875,-0.041015625,42.66357421875,-51.513671875,63.65966796875,-0.96875,0.007080078125,0.115478515625,-56.2744140625,24.84130859375,-28.076171875,5.6001135445300285,-0.581309538351654
2022-06-09 15:29:11.501334528,-0.898193359375,0.03857421875,-0.1025390625,-68.42041015625,13.85498046875,-24.10888671875,-0.037841796875,0.886474609375,0.6103515625,46.5087890625,16.54052734375,-184.38720703125,-0.67724609375,0.838623046875,0.054931640625,-76.84326171875,387.39013671875,101.07421875,-0.056640625,-1.005859375,-0.1044921875,-11.962890625,3.23486328125,-13.12255859375,-0.48779296875,-0.960205078125,-0.02099609375,39.97802734375,-46.69189453125,70.00732421875,-0.973388671875,0.007568359375,0.1123046875,-56.2744140625,24.7802734375,-28.076171875,4.985708416070615,-0.47957201551569284
2022-06-09 15:29:11.511496192,-0.842529296875,0.069580078125,-0.078125,-64.39208984375,13.671875,-20.751953125,0.02001953125,0.969482421875,0.608154296875,32.04345703125,32.04345703125,-197.75390625,-0.65673828125,0.79248046875,0.062744140625,-62.68310546875,328.857421875,95.15380859375,-0.0361328125,-1.00146484375,-0.063232421875,-11.3525390625,1.46484375,-13.916015625,-0.466064453125,-0.916259765625,0.006591796875,36.80419921875,-43.3349609375,77.2705078125,-0.971435546875,0.007080078125,0.11474609375,-56.2744140625,24.0478515625,-28.1982421875,4.340787141849191,-0.3612622248999884
2022-06-09 15:29:11.521657344,-0.789794921875,0.09033203125,-0.0751953125,-64.51416015625,16.6015625,-16.2353515625,0.039794921875,1.076904296875,0.6708984375,16.357421875,50.47607421875,-207.94677734375,-0.61279296875,0.759765625,0.04296875,-46.7529296875,264.0380859375,90.27099609375,0.022705078125,-1.021240234375,-0.013671875,-9.8876953125,0.79345703125,-15.380859375,-0.44384765625,-0.875,0.03759765625,33.447265625,-41.32080078125,85.02197265625,-0.97021484375,0.006103515625,0.1181640625,-56.33544921875,23.49853515625,-28.25927734375,3.662153111602038,-0.20499991660244632
2022-06-09 15:29:11.531819008,-0.746826171875,0.09033203125,-0.085205078125,-67.44384765625,21.97265625,-11.16943359375,0.041748046875,1.17578125,0.729736328125,-0.1220703125,62.1337890625,-215.9423828125,-0.569091796875,0.730712890625,0.006591796875,-30.6396484375,197.8759765625,87.2802734375,0.09912109375,-1.067626953125,0.072265625,-6.9580078125,4.2724609375,-17.7001953125,-0.425048828125,-0.844482421875,0.0625,29.84619140625,-40.34423828125,92.95654296875,-0.96826171875,0.0048828125,0.1181640625,-56.21337890625,23.5595703125,-28.25927734375,2.94855062075624,0.007455542882162547
2022-06-09 15:29:11.541980672,-0.725341796875,0.078369140625,-0.093017578125,-71.96044921875,27.7099609375,-7.14111328125,0.05029296875,1.21630859375,0.7314453125,-16.4794921875,65.7958984375,-221.61865234375,-0.561279296875,0.701416015625,-0.02734375,-15.80810546875,132.75146484375,86.42578125,0.069091796875,-1.072265625,0.103271484375,-5.18798828125,10.07080078125,-19.59228515625,-0.40673828125,-0.82470703125,0.077392578125,26.123046875,-39.97802734375,100.76904296875,-0.968994140625,0.00537109375,0.1171875,-56.21337890625,23.92578125,-28.25927734375,2.2009529821517013,0.29149916247997965
2022-06-09 15:29:11.552142336,-0.7236328125,0.06640625,-0.093505859375,-76.96533203125,31.6162109375,-4.45556640625,0.054931640625,1.19189453125,0.688720703125,-32.53173828125,67.19970703125,-225.830078125,-0.5751953125,0.668701171875,-0.049072265625,-1.5869140625,68.42041015625,87.09716796875,0.02978515625,-1.058349609375,0.090087890625,-6.34765625,13.18359375,-21.54541015625,-0.3916015625,-0.815185546875,0.084716796875,22.52197265625,-39.6728515625,108.58154296875,-0.9716796875,0.005126953125,0.118408203125,-56.09130859375,24.35302734375,-28.1982421875,1.4198918294877636,0.6589381374587546
2022-06-09 15:29:11.562304000,-0.739501953125,0.0537109375,-0.091064453125,-81.787109375,31.494140625,-3.23486328125,0.055419921875,1.149169921875,0.636962890625,-47.7294921875,69.2138671875,-230.8349609375,-0.59228515625,0.64599609375,-0.04443359375,13.427734375,5.55419921875,88.623046875,-0.00439453125,-1.032470703125,0.057373046875,-7.26318359375,13.671875,-23.8037109375,-0.3857421875,-0.820068359375,0.07861328125,18.49365234375,-39.61181640625,115.8447265625,-0.9736328125,0.006103515625,0.11865234375,-56.0302734375,24.35302734375,-28.13720703125,0.6086677067765613,1.1211110442104797
2022-06-09 15:29:11.572465408,-0.7587890625,0.046875,-0.09716796875,-84.8388671875,26.18408203125,-2.8076171875,0.042236328125,1.091552734375,0.501708984375,-75.25634765625,70.49560546875,-239.44091796875,-0.60302734375,0.6474609375,-0.010009765625,28.74755859375,-54.26025390625,89.599609375,-0.0029296875,-1.032470703125,0.01806640625,-7.75146484375,12.20703125,-26.0009765625,-0.3876953125,-0.830810546875,0.06298828125,14.09912109375,-39.794921875,121.88720703125,-0.969970703125,0.007568359375,0.120361328125,-56.09130859375,23.74267578125,-28.076171875,-0.22299799682850363,1.6824795298413804
2022-06-09 15:29:11.582627072,-0.773193359375,0.03662109375,-0.1201171875,-86.36474609375,20.1416015625,-2.86865234375,0.0126953125,1.07861328125,0.415283203125,-85.3271484375,65.24658203125,-242.98095703125,-0.617431640625,0.667236328125,0.043212890625,42.48046875,-109.0087890625,89.111328125,0.01611328125,-1.051513671875,-0.062255859375,-6.28662109375,9.1552734375,-30.029296875,-0.390625,-0.849853515625,0.0478515625,9.3994140625,-40.71044921875,126.52587890625,-0.966552734375,0.0078125,0.118896484375,-56.15234375,23.49853515625,-28.01513671875,-1.0624252868336512,2.3312724463768646
2022-06-09 15:29:11.592788736,-0.793701171875,0.039306640625,-0.1357421875,-85.14404296875,19.04296875,-3.7841796875,-0.01611328125,1.0830078125,0.326416015625,-92.22412109375,54.0771484375,-245.60546875,-0.633544921875,0.698974609375,0.095458984375,52.55126953125,-158.38623046875,87.646484375,0.04052734375,-1.050537109375,-0.0517578125,-4.57763671875,8.72802734375,-31.73828125,-0.392822265625,-0.86767578125,0.024658203125,5.126953125,-42.724609375,129.8828125,-0.964599609375,0.0087890625,0.121337890625,-56.09130859375,24.10888671875,-28.01513671875,-1.899306990159003,3.0437698404193725
2022-06-09 15:29:11.602950400,-0.829833984375,0.05126953125,-0.148681640625,-82.275390625,21.05712890625,-5.06591796875,-0.03125,1.088623046875,0.254638671875,-97.65625,41.19873046875,-248.6572265625,-0.630615234375,0.71826171875,0.125732421875,58.59375,-204.58984375,87.890625,0.0322265625,-1.054931640625,-0.046875,-3.35693359375,8.6669921875,-32.89794921875,-0.398193359375,-0.8837890625,0.0087890625,1.03759765625,-45.83740234375,131.591796875,-0.965087890625,0.009765625,0.12060546875,-56.09130859375,24.7802734375,-28.13720703125,-2.7240453449359467,3.804018342050256
2022-06-09 15:29:11.613112064,-0.869140625,0.069091796875,-0.153076171875,-79.1015625,22.27783203125,-6.40869140625,-0.025146484375,1.115234375,0.195068359375,-101.9287109375,29.9072265625,-251.8310546875,-0.597412109375,0.719482421875,0.134765625,63.5986328125,-246.4599609375,90.27099609375,0.057373046875,-1.073486328125,-0.031494140625,-2.685546875,8.7890625,-33.8134765625,-0.40380859375,-0.895263671875,-0.000732421875,-2.86865234375,-50.048828125,131.53076171875,-0.9697265625,0.008544921875,0.117431640625,-56.0302734375,24.71923828125,-28.13720703125,-3.524389666501543,4.616474542837331
2022-06-09 15:29:11.623273472,-0.894287109375,0.08203125,-0.15380859375,-75.8056640625,20.99609375,-7.38525390625,0.005615234375,1.152587890625,0.120849609375,-105.40771484375,20.1416015625,-255.0048828125,-0.54541015625,0.72021484375,0.1279296875,70.1904296875,-279.11376953125,92.7734375,0.0810546875,-1.0859375,0.00048828125,-2.0751953125,10.68115234375,-35.21728515625,-0.421630859375,-0.90087890625,0.000244140625,-7.01904296875,-56.21337890625,129.94384765625,-0.972412109375,0.00732421875,0.119384765625,-56.09130859375,24.5361328125,-28.13720703125,-4.287128762762091,5.492925039524991
2022-06-09 15:29:11.633435136,-0.902587890625,0.08544921875,-0.140380859375,-72.6318359375,19.71435546875,-7.75146484375,0.0302734375,1.20068359375,0.05419921875,-108.642578125,16.05224609375,-257.62939453125,-0.494873046875,0.737548828125,0.129150390625,78.4912109375,-298.27880859375,94.05517578125,0.056640625,-1.093994140625,0.00732421875,-1.28173828125,12.63427734375,-36.92626953125,-0.4541015625,-0.89306640625,0.01806640625,-11.16943359375,-66.89453125,127.13623046875,-0.971435546875,0.007080078125,0.1220703125,-56.09130859375,24.169921875,-28.1982421875,-5.000553049435865,6.437411900673943
2022-06-09 15:29:11.643596544,-0.907958984375,0.072509765625,-0.12890625,-70.12939453125,21.17919921875,-7.14111328125,0.040771484375,1.2763671875,0.0107421875,-110.107421875,17.39501953125,-259.09423828125,-0.430908203125,0.765380859375,0.15087890625,86.7919921875,-301.513671875,93.994140625,0.096923828125,-1.113525390625,0.0078125,-0.1220703125,15.625,-38.75732421875,-0.48486328125,-0.87451171875,0.059814453125,-16.66259765625,-84.28955078125,123.35205078125,-0.9677734375,0.00732421875,0.123046875,-56.09130859375,23.92578125,-28.13720703125,-5.651287827200571,7.443585416961717
2022-06-09 15:29:11.653758208,-0.923828125,0.054931640625,-0.125244140625,-67.19970703125,24.90234375,-5.79833984375,0.108154296875,1.362548828125,-0.016845703125,-110.107421875,19.34814453125,-259.58251953125,-0.359375,0.799072265625,0.195556640625,92.71240234375,-288.2080078125,93.44482421875,0.070068359375,-1.106689453125,0.011962890625,0.9765625,19.04296875,-41.07666015625,-0.499267578125,-0.86328125,0.09765625,-23.62060546875,-107.177734375,118.95751953125,-0.969482421875,0.008544921875,0.1220703125,-56.21337890625,24.47509765625,-28.1982421875,-6.223237550350671,8.497942699726515
2022-06-09 15:29:11.663919872,-0.943603515625,0.041259765625,-0.11767578125,-64.453125,29.1748046875,-4.21142578125,0.202392578125,1.431640625,-0.06005859375,-109.619140625,22.39990234375,-258.11767578125,-0.285400390625,0.83251953125,0.25048828125,96.0693359375,-257.50732421875,94.42138671875,0.054931640625,-1.110595703125,0.000244140625,1.0986328125,20.99609375,-43.76220703125,-0.490234375,-0.858154296875,0.115478515625,-29.72412109375,-132.14111328125,113.95263671875,-0.971923828125,0.009765625,0.120849609375,-56.21337890625,24.658203125,-28.13720703125,-6.709317509744196,9.592971922342251
2022-06-09 15:29:11.674081280,-0.966796875,0.02294921875,-0.093017578125,-62.5,31.55517578125,-2.8076171875,0.259521484375,1.46533203125,-0.1162109375,-108.94775390625,26.611328125,-256.28662109375,-0.222900390625,0.859130859375,0.316650390625,96.74072265625,-213.134765625,96.86279296875,0.0498046875,-1.1201171875,-0.001953125,1.77001953125,22.4609375,-47.36328125,-0.465576171875,-0.849365234375,0.130126953125,-34.1796875,-154.23583984375,108.5205078125,-0.971435546875,0.01171875,0.116455078125,-56.2744140625,24.4140625,-28.13720703125,-7.1139754573763305,10.728884541248235
2022-06-09 15:29:11.684242944,-0.992431640625,0.00341796875,-0.07080078125,-61.279296875,30.76171875,-2.13623046875,0.33544921875,1.47998046875,-0.203857421875,-108.21533203125,32.2265625,-254.45556640625,-0.1728515625,0.86669921875,0.36474609375,94.482421875,-159.423828125,98.876953125,-0.0009765625,-1.121826171875,0.0048828125,2.5634765625,24.10888671875,-52.8564453125,-0.435546875,-0.855712890625,0.13671875,-38.818359375,-171.0205078125,102.72216796875,-0.971435546875,0.009765625,0.11865234375,-56.33544921875,23.92578125,-28.01513671875,-7.43913463800124,11.89630700156669
2022-06-09 15:29:11.694404608,-1.010986328125,-0.012451171875,-0.069091796875,-59.6923828125,27.28271484375,-1.89208984375,0.448974609375,1.48974609375,-0.282958984375,-108.88671875,43.9453125,-252.01416015625,-0.118896484375,0.867431640625,0.38818359375,91.064453125,-99.365234375,99.54833984375,-0.027099609375,-1.107177734375,-0.0244140625,4.150390625,24.5361328125,-59.5703125,-0.37646484375,-0.920654296875,0.15576171875,-47.30224609375,-191.34521484375,92.59033203125,-0.968505859375,0.00830078125,0.121826171875,-56.396484375,23.681640625,-28.01513671875,-7.653339116176987,13.07727602269918
2022-06-09 15:29:11.704566272,-1.023681640625,-0.01806640625,-0.080078125,-58.10546875,23.13232421875,-2.0751953125,0.56591796875,1.4814453125,-0.3896484375,-109.19189453125,58.77685546875,-247.74169921875,-0.079833984375,0.873046875,0.3896484375,87.58544921875,-35.82763671875,98.57177734375,-0.02685546875,-1.133544921875,-0.044921875,6.34765625,25.390625,-67.626953125,-0.344482421875,-0.956787109375,0.17236328125,-49.25537109375,-196.10595703125,87.70751953125,-0.967529296875,0.007080078125,0.121337890625,-56.45751953125,23.8037109375,-27.9541015625,-7.769535724790556,14.255625533167596
2022-06-09 15:29:11.714727936,-1.04541015625,-0.026123046875,-0.0732421875,-55.48095703125,20.6298828125,-2.685546875,0.711181640625,1.4462890625,-0.511962890625,-106.01806640625,67.07763671875,-239.74609375,-0.07568359375,0.882080078125,0.38916015625,83.0078125,26.611328125,95.27587890625,-0.009521484375,-1.177734375,-0.026611328125,8.48388671875,27.40478515625,-77.45361328125,-0.309326171875,-0.9921875,0.188232421875,-49.62158203125,-196.4111328125,83.1298828125,-0.970947265625,0.007080078125,0.119140625,-56.396484375,23.98681640625,-27.9541015625,-7.83689160680225,15.410970460534635
2022-06-09 15:29:11.724889344,-1.07861328125,-0.032958984375,-0.064697265625,-51.20849609375,19.71435546875,-3.60107421875,0.884033203125,1.416259765625,-0.584716796875,-99.7314453125,68.7255859375,-226.9287109375,-0.11328125,0.89453125,0.38232421875,76.23291015625,82.03125,90.14892578125,0.0263671875,-1.193115234375,-0.006103515625,10.80322265625,29.9072265625,-88.5009765625,-0.279052734375,-1.02734375,0.20751953125,-49.25537109375,-191.40625,78.91845703125,-0.971435546875,0.008056640625,0.119140625,-56.5185546875,24.23095703125,-28.01513671875,-7.866372305527001,16.516627159238148
2022-06-09 15:29:11.735051008,-1.117919921875,-0.034423828125,-0.060791015625,-46.20361328125,17.39501953125,-4.39453125,1.066650390625,1.416015625,-0.610107421875,-90.02685546875,65.91796875,-206.9091796875,-0.170166015625,0.898681640625,0.36572265625,68.9697265625,125.54931640625,84.47265625,0.0341796875,-1.20556640625,0.010009765625,12.451171875,31.67724609375,-98.7548828125,-0.255859375,-1.067138671875,0.22412109375,-48.583984375,-181.09130859375,74.951171875,-0.972412109375,0.00830078125,0.12060546875,-56.45751953125,23.98681640625,-28.076171875,-7.86441363841546,17.55516610203322
2022-06-09 15:29:11.745212672,-1.150390625,-0.02685546875,-0.0625,-41.748046875,12.20703125,-5.126953125,1.2392578125,1.3662109375,-0.6220703125,-77.63671875,60.4248046875,-179.74853515625,-0.28662109375,0.937744140625,0.398193359375,62.92724609375,175.23193359375,70.86181640625,-0.034423828125,-1.263671875,0.056396484375,15.44189453125,28.3203125,-105.5908203125,-0.2421875,-1.10595703125,0.234375,-47.119140625,-166.32080078125,71.35009765625,-0.971923828125,0.00634765625,0.120361328125,-56.396484375,23.37646484375,-28.076171875,-7.837767338321698,18.4908819526865
2022-06-09 15:29:11.755374080,-1.173583984375,-0.016845703125,-0.0712890625,-38.87939453125,5.79833984375,-5.859375,1.42578125,1.224609375,-0.623046875,-63.41552734375,51.57470703125,-147.52197265625,-0.350830078125,0.988525390625,0.441650390625,60.85205078125,185.546875,63.5986328125,0.05029296875,-1.31201171875,0.054443359375,17.4560546875,30.94482421875,-108.09326171875,-0.230224609375,-1.12939453125,0.248291015625,-44.73876953125,-148.49853515625,68.2373046875,-0.9677734375,0.009521484375,0.119384765625,-56.33544921875,23.13232421875,-28.01513671875,-7.79630870042759,19.329657113717197
2022-06-09 15:29:11.765535744,-1.201416015625,-0.0048828125,-0.074462890625,-36.865234375,1.953125,-7.01904296875,1.619873046875,1.08642578125,-0.65576171875,-49.072265625,40.4052734375,-111.87744140625,-0.42041015625,1.033935546875,0.47119140625,57.67822265625,187.07275390625,55.6640625,0.142822265625,-1.369140625,0.193115234375,18.00537109375,33.447265625,-118.59130859375,-0.2236328125,-1.14501953125,0.267822265625,-42.48046875,-128.7841796875,65.49072265625,-0.9658203125,0.009765625,0.12109375,-56.33544921875,23.74267578125,-28.13720703125,-7.746886971851967,20.103327611499402
2022-06-09 15:29:11.775697152,-1.24658203125,0.0048828125,-0.07861328125,-34.423828125,2.44140625,-8.60595703125,1.779296875,1.057373046875,-0.728759765625,-33.447265625,28.80859375,-72.509765625,-0.480224609375,1.061767578125,0.50146484375,54.87060546875,180.2978515625,48.2177734375,0.05078125,-1.364013671875,0.206787109375,20.08056640625,33.38623046875,-127.25830078125,-0.213134765625,-1.17822265625,0.268310546875,-41.1376953125,-108.21533203125,62.255859375,-0.968017578125,0.010498046875,0.119384765625,-56.396484375,24.59716796875,-28.25927734375,-7.686550141538574,20.80868260154037
2022-06-09 15:29:11.785858816,-1.30810546875,0.027587890625,-0.083740234375,-31.25,3.35693359375,-10.009765625,1.865234375,1.061279296875,-0.77978515625,-17.27294921875,20.99609375,-32.2265625,-0.529541015625,1.091064453125,0.53125,53.955078125,166.50390625,40.10009765625,-0.00830078125,-1.397216796875,0.17431640625,18.24951171875,29.23583984375,-133.11767578125,-0.209228515625,-1.2275390625,0.26123046875,-40.95458984375,-87.21923828125,58.4716796875,-0.9716796875,0.00927734375,0.117919921875,-56.396484375,24.71923828125,-28.25927734375,-7.605473397103887,21.450043468096162
2022-06-09 15:29:11.796020480,-1.3642578125,0.052490234375,-0.0947265625,-28.4423828125,-0.244140625,-11.1083984375,1.870361328125,1.005615234375,-0.768310546875,-0.8544921875,14.95361328125,5.615234375,-0.57861328125,1.131103515625,0.5634765625,54.26025390625,147.39990234375,29.60205078125,0.017333984375,-1.44384765625,0.187255859375,16.6015625,20.81298828125,-140.0146484375,-0.202392578125,-1.2783203125,0.244384765625,-40.95458984375,-66.10107421875,55.419921875,-0.974853515625,0.007568359375,0.11328125,-56.5185546875,23.86474609375,-28.076171875,-7.500923071640608,22.021181800578603
2022-06-09 15:29:11.806182144,-1.387451171875,0.076171875,-0.115234375,-27.16064453125,-9.3994140625,-11.41357421875,1.805908203125,0.927734375,-0.69482421875,15.07568359375,9.033203125,41.259765625,-0.61376953125,1.170654296875,0.590087890625,54.0771484375,123.59619140625,18.9208984375,-0.023681640625,-1.441650390625,0.15234375,15.13671875,14.6484375,-147.216796875,-0.1953125,-1.309326171875,0.230712890625,-39.48974609375,-46.0205078125,53.466796875,-0.973388671875,0.00634765625,0.115966796875,-56.5185546875,23.37646484375,-27.9541015625,-7.3852977162626425,22.511812309792823
2022-06-09 15:29:11.816343808,-1.376220703125,0.091796875,-0.13671875,-27.83203125,-15.19775390625,-10.498046875,1.26220703125,1.060791015625,-0.751708984375,27.7099609375,6.04248046875,75.01220703125,-0.63330078125,1.208251953125,0.605712890625,53.89404296875,95.64208984375,8.72802734375,-0.086669921875,-1.513916015625,0.13037109375,10.80322265625,6.89697265625,-151.85546875,-0.197021484375,-1.312255859375,0.22265625,-37.04833984375,-28.01513671875,52.3681640625,-0.97216796875,0.007080078125,0.1171875,-56.45751953125,23.13232421875,-27.9541015625,-7.275433097109256,22.921038864704784
2022-06-09 15:29:11.826505216,-1.376953125,0.069580078125,-0.1484375,-28.86962890625,-16.41845703125,-8.7890625,-0.298828125,0.5517578125,-0.6171875,34.0576171875,9.94873046875,93.75,-0.619384765625,1.23291015625,0.615234375,53.7109375,65.91796875,-0.9765625,-0.07666015625,-1.5771484375,0.136474609375,10.009765625,3.47900390625,-156.25,-0.20703125,-1.295166015625,0.214599609375,-34.72900390625,-12.6953125,52.001953125,-0.976318359375,0.0078125,0.11962890625,-56.5185546875,23.0712890625,-27.89306640625,-7.18138813320774,23.252118740754092
2022-06-09 15:29:11.836666880,-1.38671875,0.052978515625,-0.188232421875,-26.85546875,-18.6767578125,-6.28662109375,-2.37109375,0.674072265625,-0.282470703125,28.9306640625,41.07666015625,54.87060546875,-0.56884765625,1.244384765625,0.619140625,52.79541015625,38.6962890625,-10.6201171875,-0.15869140625,-1.67138671875,0.1376953125,9.1552734375,4.2724609375,-160.94970703125,-0.226806640625,-1.26171875,0.2138671875,-33.38623046875,-1.28173828125,51.8798828125,-0.98046875,0.006103515625,0.121337890625,-56.5185546875,23.13232421875,-27.83203125,-7.104197906634013,23.50455724641109
2022-06-09 15:29:11.846828544,-1.3955078125,0.037841796875,-0.272216796875,-24.59716796875,-22.216796875,-4.0283203125,-1.486328125,0.8701171875,0.1083984375,15.380859375,54.8095703125,16.357421875,-0.5009765625,1.239990234375,0.634765625,49.98779296875,18.12744140625,-20.20263671875,-0.275634765625,-1.76513671875,0.109375,9.033203125,6.34765625,-166.44287109375,-0.23974609375,-1.232666015625,0.22265625,-34.3017578125,5.79833984375,50.9033203125,-0.977783203125,0.006103515625,0.12353515625,-56.5185546875,22.705078125,-27.89306640625,-7.031442279502298,23.671539216593835
2022-06-09 15:29:11.856990208,-1.39404296875,0.033935546875,-0.346923828125,-23.0712890625,-26.123046875,-2.99072265625,-0.255859375,1.580322265625,-0.09912109375,12.75634765625,57.9833984375,50.9033203125,-0.438720703125,1.22900390625,0.666259765625,44.7998046875,3.41796875,-28.86962890625,-0.485107421875,-1.8154296875,0.033935546875,8.6669921875,9.58251953125,-174.6826171875,-0.235595703125,-1.229248046875,0.233642578125,-37.109375,10.31494140625,49.31640625,-0.973876953125,0.005615234375,0.121337890625,-56.5185546875,21.91162109375,-27.9541015625,-6.944156522893769,23.746120056255947
2022-06-09 15:29:11.867151616,-1.3681640625,0.024658203125,-0.416259765625,-23.37646484375,-31.55517578125,-3.47900390625,0.057373046875,2.367431640625,-0.673828125,36.43798828125,49.13330078125,95.947265625,-0.36083984375,1.20947265625,0.663330078125,38.818359375,-6.8359375,-36.4990234375,-0.83740234375,-1.86181640625,-0.096435546875,8.056640625,11.8408203125,-185.1806640625,-0.236572265625,-1.249755859375,0.233154296875,-40.71044921875,14.09912109375,47.119140625,-0.96630859375,0.00439453125,0.12158203125,-56.57958984375,21.484375,-27.9541015625,-6.829384668472629,23.728560306723296
2022-06-09 15:29:11.877313024,-1.316650390625,0.01318359375,-0.490478515625,-25.87890625,-38.4521484375,-5.43212890625,0.265625,2.492919921875,-0.5458984375,49.49951171875,39.9169921875,122.25341796875,-0.2919921875,1.20751953125,0.64111328125,34.7900390625,-8.7890625,-43.701171875,-1.043212890625,-1.955810546875,-0.190185546875,3.2958984375,12.63427734375,-188.29345703125,-0.24951171875,-1.277099609375,0.24853515625,-44.7998046875,17.578125,44.00634765625,-0.962158203125,0.004150390625,0.123291015625,-56.45751953125,21.97265625,-28.01513671875,-6.678260217844264,23.62819411245119
2022-06-09 15:29:11.887474688,-1.23681640625,0.01611328125,-0.56884765625,-28.076171875,-44.921875,-7.26318359375,-0.047607421875,1.816162109375,-0.007568359375,39.24560546875,33.3251953125,127.8076171875,-0.25,1.2314453125,0.643310546875,31.25,-2.99072265625,-50.6591796875,-0.958984375,-1.958740234375,-0.171630859375,-0.30517578125,16.7236328125,-192.19970703125,-0.266845703125,-1.2998046875,0.2744140625,-49.1943359375,18.98193359375,40.4052734375,-0.9658203125,0.004150390625,0.12353515625,-56.33544921875,22.76611328125,-27.9541015625,-6.484346199956248,23.453919425621606
2022-06-09 15:29:11.897636352,-1.133056640625,0.039306640625,-0.617431640625,-28.80859375,-49.31640625,-8.056640625,0.02490234375,0.230712890625,-0.156982421875,41.50390625,11.1083984375,103.33251953125,-0.246337890625,1.26416015625,0.662353515625,25.81787109375,5.79833984375,-56.640625,-0.798583984375,-1.92822265625,-0.224609375,0.6103515625,37.17041015625,-200.8056640625,-0.287109375,-1.307373046875,0.302490234375,-52.8564453125,16.9677734375,36.43798828125,-0.968017578125,0.003173828125,0.1220703125,-56.21337890625,23.25439453125,-28.076171875,-6.247199640388572,23.20677167373988
2022-06-09 15:29:11.907798016,-1.001953125,0.038330078125,-0.623291015625,-31.43310546875,-50.6591796875,-6.16455078125,0.263671875,0.655517578125,-0.3935546875,53.64990234375,12.20703125,88.2568359375,-0.2744140625,1.289306640625,0.68798828125,18.98193359375,12.87841796875,-61.34033203125,-0.463134765625,-1.767822265625,-0.2724609375,3.2958984375,55.35888671875,-212.158203125,-0.30078125,-1.28759765625,0.333740234375,-55.7861328125,11.77978515625,31.8603515625,-0.97021484375,0.005859375,0.12109375,-56.21337890625,23.0712890625,-28.13720703125,-5.968907045736326,22.887182341413364
2022-06-09 15:29:11.917959680,-0.8642578125,-0.010009765625,-0.599853515625,-33.935546875,-45.5322265625,-1.8310546875,0.280029296875,1.04150390625,-0.37890625,60.1806640625,7.14111328125,80.01708984375,-0.330322265625,1.298583984375,0.723876953125,12.0849609375,13.916015625,-65.185546875,-0.24658203125,-1.771484375,-0.12158203125,7.080078125,46.38671875,-227.4169921875,-0.316650390625,-1.24267578125,0.385986328125,-58.4716796875,4.08935546875,27.2216796875,-0.9716796875,0.00634765625,0.119873046875,-56.15234375,22.4609375,-28.01513671875,-5.650562713202727,22.499780325694303
2022-06-09 15:29:11.928121088,-0.773681640625,-0.071044921875,-0.60107421875,-31.494140625,-30.70068359375,2.5634765625,-0.0517578125,1.24365234375,-0.11279296875,56.94580078125,12.8173828125,75.37841796875,-0.380615234375,1.293212890625,0.754150390625,4.638671875,7.080078125,-68.66455078125,-0.206787109375,-1.791259765625,-0.169921875,17.27294921875,21.78955078125,-231.87255859375,-0.32373046875,-1.17724609375,0.45556640625,-59.9365234375,-6.04248046875,24.2919921875,-0.96826171875,0.00634765625,0.124267578125,-56.15234375,22.03369140625,-27.9541015625,-5.303384101002813,22.047532089416094
2022-06-09 15:29:11.938282752,-0.765380859375,-0.126953125,-0.6240234375,-26.18408203125,-10.25390625,5.31005859375,0.37060546875,1.141845703125,-0.204345703125,50.72021484375,13.0615234375,62.5,-0.406982421875,1.254150390625,0.76025390625,-5.0048828125,-5.126953125,-72.75390625,-0.368896484375,-1.69091796875,-0.369873046875,8.97216796875,-16.6015625,-217.83447265625,-0.304443359375,-1.10888671875,0.519287109375,-59.9365234375,-17.578125,22.94921875,-0.968505859375,0.007080078125,0.123779296875,-56.09130859375,22.03369140625,-27.89306640625,-4.948885759739617,21.521271371827375
2022-06-09 15:29:11.948444416,-0.798583984375,-0.1904296875,-0.617919921875,-23.193359375,5.06591796875,5.615234375,0.111572265625,1.07763671875,-0.37744140625,49.6826171875,25.7568359375,55.72509765625,-0.404296875,1.181640625,0.73193359375,-17.02880859375,-18.310546875,-78.43017578125,-0.326416015625,-1.5595703125,-0.385498046875,-7.87353515625,-71.044921875,-189.3310546875,-0.272705078125,-1.060302734375,0.55029296875,-60.05859375,-28.1982421875,21.97265625,-0.96875,0.00732421875,0.127685546875,-55.96923828125,22.3388671875,-27.83203125,-4.598954758159481,20.897961102435936
2022-06-09 15:29:11.958606080,-0.82763671875,-0.244140625,-0.56396484375,-22.0947265625,10.25390625,3.96728515625,-0.19189453125,1.04541015625,-0.26953125,42.05322265625,31.6162109375,51.6357421875,-0.39013671875,1.109375,0.676513671875,-29.1748046875,-30.8837890625,-85.99853515625,-0.414306640625,-1.511962890625,-0.296142578125,-7.14111328125,-102.294921875,-171.44775390625,-0.25341796875,-1.041259765625,0.548828125,-60.60791015625,-36.56005859375,20.8740234375,-0.969482421875,0.007568359375,0.128173828125,-55.908203125,22.64404296875,-27.83203125,-4.252500366684382,20.153811159969727
2022-06-09 15:29:11.968767744,-0.851806640625,-0.273681640625,-0.4951171875,-20.8740234375,11.71875,0.3662109375,-0.001708984375,0.953369140625,-0.30517578125,32.2265625,29.84619140625,48.095703125,-0.371337890625,1.0712890625,0.609130859375,-39.6728515625,-44.00634765625,-94.66552734375,0.47314453125,-0.668701171875,-0.444580078125,1.89208984375,-170.41015625,-148.13232421875,-0.2412109375,-1.0478515625,0.530517578125,-59.99755859375,-43.15185546875,19.83642578125,-0.968505859375,0.007080078125,0.127197265625,-55.96923828125,22.52197265625,-27.89306640625,-3.911424256097857,19.277423163598414
2022-06-09 15:29:11.978929152,-0.90478515625,-0.28173828125,-0.4560546875,-18.1884765625,14.09912109375,-3.41796875,-0.055908203125,0.96142578125,-0.365234375,25.146484375,33.447265625,45.34912109375,-0.340087890625,1.072509765625,0.54150390625,-48.76708984375,-58.837890625,-102.6611328125,-0.08349609375,-1.109619140625,-0.41845703125,-1.220703125,-229.3701171875,-125.48828125,-0.220703125,-1.067138671875,0.505615234375,-57.9833984375,-48.64501953125,18.98193359375,-0.968017578125,0.0078125,0.127685546875,-56.0302734375,22.3388671875,-27.83203125,-3.584745308380965,18.27273372483728
2022-06-09 15:29:11.989090560,-0.968505859375,-0.244873046875,-0.43359375,-11.8408203125,13.85498046875,-5.37109375,-0.129150390625,0.9326171875,-0.34130859375,14.16015625,40.83251953125,40.58837890625,-0.300048828125,1.111328125,0.475341796875,-57.06787109375,-75.25634765625,-109.68017578125,-0.288818359375,-1.037109375,-0.191162109375,4.150390625,-265.380859375,-77.5146484375,-0.188720703125,-1.090087890625,0.481201171875,-55.17578125,-51.3916015625,18.310546875,-0.96533203125,0.0087890625,0.12939453125,-56.0302734375,22.3388671875,-27.89306640625,-3.280605386078621,17.150951393159275
2022-06-09 15:29:11.999252224,-1.017822265625,-0.19384765625,-0.41015625,-3.7841796875,7.8125,-5.67626953125,-0.1630859375,0.9091796875,-0.327392578125,7.01904296875,40.0390625,38.0859375,-0.255615234375,1.173583984375,0.4072265625,-64.94140625,-90.88134765625,-116.02783203125,-0.194091796875,-0.808349609375,-0.161376953125,3.173828125,-256.16455078125,-30.33447265625,-0.14697265625,-1.10693359375,0.4560546875,-51.6357421875,-49.25537109375,18.310546875,-0.96533203125,0.011474609375,0.1279296875,-56.0302734375,22.64404296875,-28.01513671875,-3.006820962273534,15.921335230302752
2022-06-09 15:29:12.009413888,-1.04296875,-0.142333984375,-0.364013671875,5.55419921875,1.28173828125,-5.7373046875,-0.18310546875,0.916259765625,-0.297607421875,3.41796875,34.48486328125,36.9873046875,-0.22314453125,1.238525390625,0.331787109375,-72.44873046875,-104.91943359375,-122.0703125,-0.16845703125,-0.753173828125,-0.14306640625,3.35693359375,-233.642578125,1.28173828125,-0.123779296875,-1.122314453125,0.423583984375,-48.03466796875,-42.6025390625,18.06640625,-0.9697265625,0.01171875,0.128662109375,-56.0302734375,22.88818359375,-28.13720703125,-2.7672475739066638,14.589741516610538
2022-06-09 15:29:12.019575552,-1.066650390625,-0.083251953125,-0.313720703125,14.58740234375,0.06103515625,-5.67626953125,-0.1611328125,0.92333984375,-0.273193359375,0.8544921875,29.9072265625,36.92626953125,-0.203125,1.298095703125,0.25146484375,-79.2236328125,-117.0654296875,-128.11279296875,-0.006591796875,-0.582275390625,-0.16943359375,13.3056640625,-196.59423828125,25.87890625,-0.114013671875,-1.12890625,0.39453125,-43.45703125,-33.5693359375,16.9677734375,-0.97265625,0.010986328125,0.1240234375,-56.09130859375,22.64404296875,-28.1982421875,-2.5609271124554684,13.160347781984747
2022-06-09 15:29:12.029736960,-1.083251953125,-0.02490234375,-0.27734375,22.0947265625,-1.03759765625,-4.45556640625,-0.16064453125,0.933349609375,-0.2587890625,0.0,24.59716796875,37.53662109375,-0.18896484375,1.3486328125,0.17626953125,-85.693359375,-127.25830078125,-133.544921875,0.122802734375,-0.46533203125,-0.19970703125,22.03369140625,-154.4189453125,46.9970703125,-0.113525390625,-1.123291015625,0.364013671875,-38.0859375,-24.2919921875,15.31982421875,-0.97119140625,0.008056640625,0.12890625,-56.21337890625,22.39990234375,-28.1982421875,-2.3881815331185976,11.638872224541394
2022-06-09 15:29:12.039898624,-1.062255859375,0.0185546875,-0.259033203125,27.34375,-6.89697265625,-1.89208984375,-0.1435546875,0.9375,-0.244384765625,-0.6103515625,19.34814453125,37.7197265625,-0.1796875,1.374755859375,0.11572265625,-91.796875,-135.80322265625,-136.962890625,0.158935546875,-0.470458984375,-0.200927734375,29.35791015625,-116.5771484375,68.29833984375,-0.114990234375,-1.10009765625,0.345703125,-32.5927734375,-15.625,13.427734375,-0.97119140625,0.009521484375,0.129638671875,-56.2744140625,21.91162109375,-28.01513671875,-2.2485420998674766,10.039314696758552
2022-06-09 15:29:12.050060288,-1.0,0.031005859375,-0.246337890625,28.076171875,-15.9912109375,0.9765625,-0.12939453125,0.9267578125,-0.22998046875,-2.0751953125,15.2587890625,36.68212890625,-0.17333984375,1.376708984375,0.0849609375,-97.900390625,-143.5546875,-137.6953125,0.134033203125,-0.49560546875,-0.172607421875,38.51318359375,-83.67919921875,92.10205078125,-0.119384765625,-1.073974609375,0.3388671875,-27.4658203125,-7.75146484375,10.986328125,-0.971923828125,0.009521484375,0.132080078125,-56.21337890625,21.728515625,-27.83203125,-2.1375841197299223,8.384401805377252
2022-06-09 15:29:12.060221952,-0.91845703125,0.009765625,-0.228515625,24.5361328125,-19.8974609375,3.173828125,-0.118896484375,0.906005859375,-0.2314453125,-2.86865234375,11.8408203125,34.5458984375,-0.163818359375,1.347412109375,0.077880859375,-103.759765625,-150.634765625,-135.92529296875,0.0390625,-0.502685546875,-0.11865234375,50.048828125,-56.45751953125,116.76025390625,-0.12841796875,-1.04736328125,0.34619140625,-22.27783203125,-0.3662109375,8.48388671875,-0.9716796875,0.007568359375,0.1328125,-56.33544921875,21.8505859375,-27.77099609375,-2.051523403926625,6.698976219645921
2022-06-09 15:29:12.070383616,-0.85986328125,-0.021240234375,-0.195068359375,19.6533203125,-13.73291015625,4.638671875,-0.1201171875,0.906494140625,-0.22607421875,-1.64794921875,10.7421875,33.14208984375,-0.146484375,1.284912109375,0.090576171875,-108.70361328125,-156.494140625,-132.9345703125,-0.0400390625,-0.5009765625,-0.049560546875,62.01171875,-37.2314453125,142.578125,-0.1376953125,-1.02001953125,0.3681640625,-16.41845703125,6.53076171875,6.4697265625,-0.97314453125,0.011474609375,0.134033203125,-56.45751953125,21.78955078125,-27.64892578125,-1.994145405129382,5.004194721030608
2022-06-09 15:29:12.080545024,-0.833984375,-0.050048828125,-0.14306640625,15.68603515625,-5.126953125,5.92041015625,-0.129638671875,0.92138671875,-0.21826171875,-1.15966796875,13.18359375,32.8369140625,-0.122802734375,1.210205078125,0.1142578125,-112.60986328125,-158.3251953125,-130.126953125,-0.066650390625,-0.49853515625,-0.00048828125,73.30322265625,-23.8037109375,169.37255859375,-0.1484375,-0.988037109375,0.395263671875,-10.07080078125,12.5732421875,5.06591796875,-0.974853515625,0.012451171875,0.13330078125,-56.45751953125,21.3623046875,-27.587890625,-1.9731675620279017,3.3114123871617096
2022-06-09 15:29:12.090706688,-0.808837890625,-0.06640625,-0.115966796875,13.61083984375,-5.18798828125,6.40869140625,-0.126953125,0.93701171875,-0.213623046875,-1.40380859375,18.24951171875,33.38623046875,-0.108154296875,1.132080078125,0.14404296875,-115.29541015625,-155.09033203125,-127.86865234375,-0.067138671875,-0.502197265625,0.02099609375,82.70263671875,-12.02392578125,195.556640625,-0.156494140625,-0.943603515625,0.4189453125,-3.23486328125,17.4560546875,4.5166015625,-0.969970703125,0.011962890625,0.131103515625,-56.45751953125,20.81298828125,-27.64892578125,-1.9968622880155262,1.6246248577142168
2022-06-09 15:29:12.100868352,-0.747802734375,-0.076171875,-0.124755859375,12.451171875,-11.3525390625,6.65283203125,-0.117431640625,0.939453125,-0.216796875,-0.732421875,22.5830078125,34.24072265625,-0.0966796875,1.0615234375,0.1865234375,-116.63818359375,-148.681640625,-126.220703125,-0.07958984375,-0.548095703125,0.016357421875,89.2333984375,0.0,220.15380859375,-0.16015625,-0.89453125,0.434326171875,2.86865234375,21.6064453125,4.5166015625,-0.96630859375,0.01318359375,0.130615234375,-56.640625,20.69091796875,-27.64892578125,-2.068812329282464,-0.05333384063121116
2022-06-09 15:29:12.111029760,-0.6728515625,-0.092041015625,-0.133544921875,12.0849609375,-14.404296875,6.89697265625,-0.131103515625,0.930908203125,-0.219970703125,0.244140625,25.08544921875,35.58349609375,-0.085693359375,0.99462890625,0.23095703125,-117.3095703125,-140.44189453125,-124.45068359375,-0.098876953125,-0.614013671875,0.01025390625,93.75,10.25390625,242.919921875,-0.158935546875,-0.8427734375,0.435546875,8.056640625,26.30615234375,4.8828125,-0.970458984375,0.00927734375,0.1318359375,-57.0068359375,20.93505859375,-27.77099609375,-2.185752838750494,-1.7181977410188125
2022-06-09 15:29:12.121191424,-0.6142578125,-0.1162109375,-0.1396484375,10.7421875,-10.498046875,7.26318359375,-0.12841796875,0.9111328125,-0.21826171875,0.91552734375,25.5126953125,36.80419921875,-0.073974609375,0.939208984375,0.27099609375,-117.73681640625,-129.21142578125,-122.314453125,-0.121826171875,-0.654541015625,0.00439453125,95.947265625,18.61572265625,264.83154296875,-0.162109375,-0.792236328125,0.426513671875,11.71875,31.92138671875,5.55419921875,-0.97607421875,0.0078125,0.13525390625,-57.06787109375,20.751953125,-27.77099609375,-2.340724423849057,-3.36427241531473
2022-06-09 15:29:12.131352832,-0.5859375,-0.11962890625,-0.13134765625,10.80322265625,-2.25830078125,7.26318359375,-0.11865234375,0.9033203125,-0.210205078125,1.953125,24.4140625,38.02490234375,-0.069091796875,0.89111328125,0.306396484375,-118.0419921875,-114.3798828125,-120.66650390625,-0.110595703125,-0.704345703125,-0.01708984375,95.39794921875,23.3154296875,283.935546875,-0.168212890625,-0.74462890625,0.41455078125,14.0380859375,37.29248046875,6.53076171875,-0.976318359375,0.00732421875,0.1318359375,-57.12890625,20.08056640625,-27.64892578125,-2.5250240707019813,-4.989857243407805
2022-06-09 15:29:12.141514496,-0.5810546875,-0.108642578125,-0.121826171875,12.39013671875,3.7841796875,6.89697265625,-0.145263671875,0.899658203125,-0.212646484375,3.41796875,22.8271484375,39.6728515625,-0.072998046875,0.842041015625,0.322998046875,-118.46923828125,-96.19140625,-120.17822265625,-0.1005859375,-0.718994140625,-0.048583984375,94.54345703125,23.62060546875,303.1005859375,-0.169189453125,-0.710205078125,0.403076171875,15.56396484375,40.771484375,7.62939453125,-0.974609375,0.008544921875,0.13134765625,-57.06787109375,19.47021484375,-27.52685546875,-2.7316964745732157,-6.600786787932467
2022-06-09 15:29:12.151676160,-0.580078125,-0.08984375,-0.110107421875,16.41845703125,3.41796875,6.04248046875,-0.15576171875,0.900146484375,-0.22607421875,5.31005859375,21.17919921875,41.748046875,-0.114013671875,0.7578125,0.311767578125,-115.966796875,-56.57958984375,-120.54443359375,-0.13427734375,-0.7216796875,-0.05810546875,93.8720703125,21.97265625,322.44873046875,-0.16943359375,-0.685546875,0.387451171875,16.4794921875,42.05322265625,8.72802734375,-0.9677734375,0.00732421875,0.1318359375,-56.94580078125,19.22607421875,-27.52685546875,-2.95506731799491,-8.197401389803424
2022-06-09 15:29:12.161837824,-0.56982421875,-0.063232421875,-0.102783203125,21.05712890625,-0.1220703125,4.69970703125,-0.11376953125,0.912353515625,-0.22705078125,7.26318359375,22.03369140625,44.189453125,-0.13720703125,0.716796875,0.294189453125,-111.87744140625,-38.26904296875,-120.1171875,-0.15966796875,-0.81201171875,-0.077880859375,90.14892578125,14.892578125,339.90478515625,-0.169921875,-0.6640625,0.365478515625,17.4560546875,42.17529296875,9.70458984375,-0.965576171875,0.009765625,0.134765625,-56.94580078125,19.22607421875,-27.4658203125,-3.191409477843699,-9.767317183836475
2022-06-09 15:29:12.171999488,-0.56201171875,-0.03515625,-0.09912109375,25.0244140625,-1.3427734375,3.41796875,-0.062255859375,0.931396484375,-0.22119140625,7.9345703125,25.93994140625,47.119140625,-0.164306640625,0.68359375,0.27197265625,-107.11669921875,-22.76611328125,-119.7509765625,-0.150390625,-0.931640625,-0.09228515625,85.75439453125,2.62451171875,356.62841796875,-0.167236328125,-0.64306640625,0.35546875,17.88330078125,41.68701171875,10.3759765625,-0.966796875,0.012451171875,0.132080078125,-57.0068359375,19.53125,-27.34375,-3.4359885979471336,-11.300726613671255
2022-06-09 15:29:12.182160896,-0.56982421875,-0.01318359375,-0.1044921875,27.52685546875,1.46484375,2.74658203125,-0.034912109375,0.9482421875,-0.22021484375,8.1787109375,30.45654296875,49.98779296875,-0.186767578125,0.6591796875,0.22705078125,-102.11181640625,-10.6201171875,-118.896484375,-0.150634765625,-1.0517578125,-0.07568359375,81.4208984375,-10.25390625,372.49755859375,-0.16552734375,-0.6357421875,0.34228515625,17.88330078125,41.44287109375,10.6201171875,-0.96875,0.01171875,0.13427734375,-56.884765625,19.8974609375,-27.28271484375,-3.681261318671992,-12.792800549088138
2022-06-09 15:29:12.192322560,-0.59814453125,-0.0107421875,-0.107177734375,27.587890625,6.65283203125,2.3193359375,-0.07080078125,0.943603515625,-0.19287109375,7.38525390625,36.2548828125,52.67333984375,-0.207275390625,0.631103515625,0.171875,-96.13037109375,-1.64794921875,-117.00439453125,-0.145751953125,-1.228759765625,-0.055419921875,76.2939453125,-23.62060546875,387.14599609375,-0.1669921875,-0.632568359375,0.33154296875,17.578125,41.80908203125,10.07080078125,-0.97314453125,0.010498046875,0.1328125,-56.94580078125,19.71435546875,-27.2216796875,-3.9188252085693387,-14.233199325674462
2022-06-09 15:29:12.202484224,-0.640869140625,-0.021728515625,-0.097412109375,26.42822265625,11.474609375,1.5869140625,-0.087158203125,0.953369140625,-0.194580078125,8.7890625,37.353515625,54.99267578125,-0.218017578125,0.60205078125,0.1259765625,-89.29443359375,4.150390625,-114.3798828125,-0.13671875,-1.419921875,-0.04443359375,70.98388671875,-34.912109375,399.90234375,-0.17724609375,-0.63037109375,0.3310546875,16.4794921875,43.5791015625,6.591796875,-0.97509765625,0.010009765625,0.13232421875,-57.0068359375,19.287109375,-27.34375,-4.129763808333885,-15.609171337217695
2022-06-09 15:29:12.212645120,-0.689453125,-0.03369140625,-0.08349609375,24.90234375,14.5263671875,0.54931640625,-0.00634765625,0.990478515625,-0.1923828125,9.3994140625,38.9404296875,58.2275390625,-0.2216796875,0.56982421875,0.088623046875,-82.51953125,7.6904296875,-111.14501953125,-0.13525390625,-1.63623046875,-0.056640625,64.5751953125,-44.43359375,412.2314453125,-0.184814453125,-0.635986328125,0.329833984375,15.2587890625,44.49462890625,3.90625,-0.97412109375,0.00927734375,0.13720703125,-56.94580078125,18.73779296875,-27.28271484375,-4.301504817871149,-16.912795446078654
2022-06-09 15:29:12.222805760,-0.741455078125,-0.050537109375,-0.082275390625,22.94921875,13.85498046875,-1.03759765625,-0.03173828125,0.988525390625,-0.18310546875,7.8125,42.724609375,63.90380859375,-0.228271484375,0.53955078125,0.05908203125,-76.0498046875,8.544921875,-107.0556640625,-0.090576171875,-1.95458984375,-0.11328125,57.0068359375,-55.96923828125,426.08642578125,-0.1943359375,-0.646728515625,0.33056640625,13.61083984375,44.86083984375,0.79345703125,-0.975341796875,0.00927734375,0.1376953125,-56.94580078125,18.00537109375,-27.28271484375,-4.432320800511696,-18.138826929858034
2022-06-09 15:29:12.232966656,-0.78125,-0.0546875,-0.10595703125,21.05712890625,12.20703125,-2.62451171875,-0.016845703125,0.9892578125,-0.224365234375,7.38525390625,43.39599609375,66.83349609375,-0.234619140625,0.51708984375,0.037841796875,-69.39697265625,5.9814453125,-101.806640625,0.008056640625,-2.332763671875,-0.171142578125,52.490234375,-70.80078125,436.5234375,-0.20556640625,-0.662109375,0.328125,11.77978515625,44.7998046875,-3.11279296875,-0.977294921875,0.012451171875,0.136474609375,-57.0068359375,17.578125,-27.099609375,-4.515040374870444,-19.27932856560195
2022-06-09 15:29:12.243127296,-0.8203125,-0.066162109375,-0.130859375,18.37158203125,12.939453125,-4.33349609375,-0.00537109375,1.030517578125,-0.245361328125,7.568359375,44.25048828125,70.00732421875,-0.234130859375,0.50244140625,0.021728515625,-62.255859375,-0.1220703125,-95.458984375,0.13330078125,-2.58056640625,-0.264404296875,55.17578125,-85.5712890625,437.43896484375,-0.21435546875,-0.681884765625,0.322021484375,9.82666015625,43.9453125,-7.8125,-0.984375,0.013671875,0.139404296875,-57.06787109375,17.27294921875,-26.91650390625,-4.5424712978876425,-20.323730951150896
2022-06-09 15:29:12.253288192,-0.86572265625,-0.0751953125,-0.133056640625,16.05224609375,16.17431640625,-6.04248046875,0.006103515625,1.05908203125,-0.250732421875,7.26318359375,47.79052734375,74.3408203125,-0.225830078125,0.497314453125,0.0146484375,-54.8095703125,-8.11767578125,-88.37890625,0.39453125,-2.649169921875,-0.35595703125,59.5703125,-94.29931640625,429.8095703125,-0.232177734375,-0.70458984375,0.318359375,7.32421875,42.48046875,-13.3056640625,-0.99072265625,0.0126953125,0.140869140625,-57.18994140625,16.2353515625,-26.9775390625,-4.50630684773818,-21.263357177547807
2022-06-09 15:29:12.263449088,-0.920166015625,-0.087890625,-0.12451171875,13.73291015625,18.9208984375,-7.26318359375,-0.006103515625,1.110595703125,-0.227783203125,7.14111328125,51.08642578125,80.01708984375,-0.217041015625,0.50390625,0.01416015625,-47.2412109375,-16.17431640625,-80.4443359375,0.9765625,-2.8212890625,-0.2666015625,72.8759765625,-66.71142578125,410.15625,-0.24755859375,-0.732666015625,0.311279296875,4.150390625,40.4052734375,-19.71435546875,-0.991455078125,0.0146484375,0.142822265625,-57.373046875,14.5263671875,-27.099609375,-4.396055303153606,-22.091926142798506
2022-06-09 15:29:12.273609984,-0.974609375,-0.10498046875,-0.116943359375,12.20703125,18.49365234375,-8.30078125,-0.011474609375,1.07568359375,-0.222412109375,7.9345703125,54.50439453125,86.48681640625,-0.21044921875,0.518798828125,0.02001953125,-40.10009765625,-23.193359375,-71.83837890625,1.07421875,-2.91015625,-0.2470703125,87.58544921875,-42.29736328125,375.54931640625,-0.261962890625,-0.773193359375,0.31640625,0.3662109375,37.17041015625,-26.91650390625,-0.984619140625,0.01171875,0.14453125,-57.43408203125,13.0615234375,-27.099609375,-4.201213868257251,-22.805194691031232
2022-06-09 15:29:12.283770880,-1.012939453125,-0.11328125,-0.126220703125,13.36669921875,13.73291015625,-8.72802734375,-0.07568359375,1.140625,-0.11474609375,10.3759765625,56.09130859375,94.17724609375,-0.20703125,0.533935546875,0.029541015625,-33.87451171875,-29.23583984375,-62.19482421875,1.018798828125,-2.880615234375,-0.598876953125,79.28466796875,-51.33056640625,343.017578125,-0.277587890625,-0.818115234375,0.3232421875,-3.41796875,33.0810546875,-34.85107421875,-0.97998046875,0.01318359375,0.146728515625,-57.43408203125,12.02392578125,-27.16064453125,-3.9144491297967496,-23.40041127137157
2022-06-09 15:29:12.293931520,-1.0478515625,-0.11279296875,-0.144287109375,15.31982421875,7.99560546875,-8.60595703125,-0.078369140625,1.222412109375,-0.08447265625,7.6904296875,51.33056640625,102.72216796875,-0.2060546875,0.554931640625,0.044677734375,-27.7099609375,-34.0576171875,-51.7578125,1.6533203125,-2.62255859375,-1.008056640625,72.8759765625,-43.45703125,315.185546875,-0.296630859375,-0.8583984375,0.327392578125,-6.04248046875,28.38134765625,-42.6025390625,-0.977783203125,0.014404296875,0.14892578125,-57.6171875,11.71875,-27.099609375,-3.538250299463769,-23.87337443136495
2022-06-09 15:29:12.304092416,-1.110595703125,-0.109130859375,-0.14697265625,16.6015625,8.30078125,-8.60595703125,-0.0927734375,1.20751953125,-0.25,8.30078125,44.7998046875,113.83056640625,-0.20849609375,0.5810546875,0.056396484375,-21.17919921875,-38.0859375,-40.283203125,2.13525390625,-1.666015625,-1.57080078125,61.4013671875,-10.25390625,273.5595703125,-0.318115234375,-0.885498046875,0.330322265625,-7.8125,23.3154296875,-49.86572265625,-0.979248046875,0.014404296875,0.148681640625,-57.6171875,11.5966796875,-27.03857421875,-3.0825875263547324,-24.216558151746813
2022-06-09 15:29:12.314253312,-1.222412109375,-0.100341796875,-0.127197265625,17.08984375,14.70947265625,-8.85009765625,-0.0634765625,1.266357421875,-0.1162109375,13.24462890625,44.12841796875,125.6103515625,-0.206787109375,0.614990234375,0.06298828125,-14.404296875,-40.10009765625,-28.6865234375,2.486083984375,-0.844482421875,-1.61083984375,25.2685546875,42.41943359375,232.36083984375,-0.341064453125,-0.91552734375,0.337158203125,-10.68115234375,18.798828125,-57.12890625,-0.982177734375,0.01025390625,0.1494140625,-57.6171875,11.23046875,-26.9775390625,-2.548987299953028,-24.42463763736254
2022-06-09 15:29:12.324413952,-1.367919921875,-0.1015625,-0.099609375,16.29638671875,18.798828125,-8.72802734375,0.02880859375,1.304443359375,-0.0302734375,14.83154296875,41.8701171875,134.94873046875,-0.2080078125,0.650390625,0.06982421875,-7.568359375,-39.306640625,-17.15087890625,2.92529296875,-1.12255859375,-0.869873046875,-8.85009765625,92.1630859375,162.78076171875,-0.359375,-0.964599609375,0.342041015625,-15.80810546875,14.95361328125,-64.51416015625,-0.98193359375,0.00634765625,0.148681640625,-57.55615234375,10.19287109375,-26.91650390625,-1.9345426302596884,-24.497932111631698
2022-06-09 15:29:12.334574848,-1.4794921875,-0.10302734375,-0.1162109375,17.4560546875,9.765625,-7.99560546875,-0.0595703125,1.316650390625,-0.11328125,15.80810546875,38.02490234375,145.08056640625,-0.21728515625,0.695556640625,0.07373046875,-0.3662109375,-35.888671875,-5.4931640625,3.013427734375,-1.52099609375,-0.33056640625,-24.10888671875,97.35107421875,65.7958984375,-0.375244140625,-1.0322265625,0.345458984375,-21.728515625,11.77978515625,-71.83837890625,-0.98388671875,0.0048828125,0.154296875,-57.6171875,8.97216796875,-26.91650390625,-1.2352579852241128,-24.436374745606557
2022-06-09 15:29:12.344735744,-1.5009765625,-0.0830078125,-0.18017578125,19.34814453125,-10.1318359375,-5.126953125,-0.102783203125,1.340576171875,-0.205810546875,19.34814453125,33.26416015625,154.35791015625,-0.220458984375,0.75537109375,0.073486328125,8.056640625,-30.82275390625,6.591796875,2.523681640625,-1.35546875,-0.307861328125,-31.982421875,70.61767578125,-33.69140625,-0.3876953125,-1.10205078125,0.346435546875,-27.03857421875,9.27734375,-78.61328125,-0.98388671875,0.006591796875,0.156494140625,-57.80029296875,7.9345703125,-27.099609375,-0.45168517468392366,-24.234664142021103
2022-06-09 15:29:12.354896640,-1.45849609375,-0.087158203125,-0.20068359375,16.6015625,-28.9306640625,-1.52587890625,-0.13330078125,1.363525390625,-0.266845703125,21.91162109375,33.14208984375,164.0625,-0.224609375,0.818359375,0.07373046875,16.9677734375,-24.2919921875,18.6767578125,1.641357421875,-1.592529296875,-0.352783203125,-52.30712890625,-12.14599609375,-203.91845703125,-0.4072265625,-1.173583984375,0.35302734375,-31.31103515625,7.2021484375,-83.984375,-0.982666015625,0.0166015625,0.16162109375,-58.10546875,7.14111328125,-27.34375,0.40445048286134444,-23.887637606639537
2022-06-09 15:29:12.365057536,-1.40966796875,-0.1015625,-0.1337890625,10.7421875,-37.41455078125,0.67138671875,-0.161865234375,1.403564453125,-0.271240234375,25.81787109375,36.68212890625,172.607421875,-0.226806640625,0.87841796875,0.080810546875,25.146484375,-16.41845703125,29.9072265625,-1.474609375,-1.70654296875,0.087890625,-54.01611328125,-45.7763671875,-228.33251953125,-0.432373046875,-1.23828125,0.364990234375,-35.15625,5.0048828125,-88.134765625,-0.98291015625,0.016845703125,0.164306640625,-58.41064453125,6.40869140625,-27.34375,1.3197665339834135,-23.400779613347062
2022-06-09 15:29:12.375218176,-1.373779296875,-0.07470703125,-0.08056640625,5.79833984375,-39.61181640625,0.732421875,-0.1826171875,1.4892578125,-0.201904296875,31.6162109375,43.88427734375,179.931640625,-0.23193359375,0.933349609375,0.090087890625,32.53173828125,-7.87353515625,40.4052734375,-4.078125,-1.24560546875,0.612548828125,-51.025390625,-54.87060546875,-139.404296875,-0.45458984375,-1.292236328125,0.384521484375,-38.02490234375,1.953125,-91.00341796875,-0.98046875,0.019287109375,0.16162109375,-58.7158203125,6.40869140625,-27.40478515625,2.2816914083127084,-22.786090864419357
2022-06-09 15:29:12.385379072,-1.35693359375,0.02099609375,-0.176025390625,4.94384765625,-40.283203125,-1.28173828125,-0.29052734375,1.65478515625,-0.12451171875,36.865234375,52.55126953125,187.56103515625,-0.244873046875,0.98193359375,0.0986328125,39.36767578125,0.79345703125,50.29296875,-1.4921875,-0.723876953125,0.758544921875,-50.1708984375,-30.82275390625,-87.646484375,-0.460693359375,-1.310791015625,0.396240234375,-38.2080078125,-1.708984375,-91.36962890625,-0.980224609375,0.017333984375,0.160888671875,-58.77685546875,5.4931640625,-27.40478515625,3.265146956780452,-22.053916450820484
2022-06-09 15:29:12.395539712,-1.351318359375,0.111083984375,-0.3544921875,1.77001953125,-38.9404296875,-3.0517578125,-0.50341796875,1.866943359375,-0.062744140625,40.4052734375,59.63134765625,193.54248046875,-0.254150390625,1.009521484375,0.114990234375,46.0205078125,8.48388671875,58.7158203125,0.615966796875,-1.485107421875,0.690185546875,-58.65478515625,-66.95556640625,-160.5224609375,-0.4541015625,-1.290283203125,0.405517578125,-36.07177734375,-4.2724609375,-89.29443359375,-0.980712890625,0.014404296875,0.167724609375,-58.89892578125,4.2724609375,-27.099609375,4.236185746745601,-21.2159985117948
2022-06-09 15:29:12.405700608,-1.301513671875,0.105224609375,-0.401123046875,-5.9814453125,-44.7998046875,-0.67138671875,-0.72607421875,2.0283203125,-0.045654296875,44.0673828125,66.10107421875,199.21875,-0.25439453125,1.017822265625,0.144287109375,52.24609375,14.09912109375,65.7958984375,0.360595703125,-2.117919921875,0.325439453125,-61.767578125,-75.74462890625,-193.7255859375,-0.44091796875,-1.26611328125,0.414306640625,-36.376953125,-4.08935546875,-86.3037109375,-0.979736328125,0.01318359375,0.16650390625,-58.837890625,4.150390625,-26.7333984375,5.184474619467556,-20.286706142785818
2022-06-09 15:29:12.415861504,-1.193603515625,0.0888671875,-0.335205078125,-7.6904296875,-55.0537109375,3.662109375,-0.818359375,2.166259765625,-0.045166015625,49.62158203125,74.89013671875,203.18603515625,-0.244384765625,1.03515625,0.190673828125,57.80029296875,17.76123046875,72.32666015625,0.522216796875,-1.82470703125,-0.2333984375,-55.419921875,-38.51318359375,-172.607421875,-0.431884765625,-1.27978515625,0.4248046875,-40.83251953125,-1.40380859375,-83.251953125,-0.9853515625,0.009033203125,0.170166015625,-58.9599609375,3.60107421875,-26.4892578125,6.130710500743628,-19.277311626069398
2022-06-09 15:29:12.426022400,-1.11083984375,0.099853515625,-0.35498046875,-5.55419921875,-50.23193359375,5.7373046875,-0.7880859375,2.13623046875,-0.074462890625,56.0302734375,90.39306640625,204.28466796875,-0.242431640625,1.071533203125,0.218017578125,63.720703125,19.83642578125,79.04052734375,0.379150390625,-1.72265625,-0.140625,-67.81005859375,-25.81787109375,-170.47119140625,-0.430908203125,-1.317626953125,0.441650390625,-44.43359375,1.64794921875,-78.9794921875,-0.9931640625,0.00732421875,0.176025390625,-59.08203125,2.13623046875,-26.42822265625,7.082980139423684,-18.189810172099442
2022-06-09 15:29:12.436183296,-1.084228515625,0.107421875,-0.45166015625,-7.38525390625,-35.82763671875,6.8359375,-0.54638671875,2.093994140625,0.005126953125,61.21826171875,104.736328125,207.03125,-0.25390625,1.12744140625,0.223388671875,71.22802734375,21.30126953125,86.181640625,0.209716796875,-1.488525390625,-0.01318359375,-72.75390625,-36.7431640625,-170.22705078125,-0.437255859375,-1.34423828125,0.47216796875,-44.3115234375,3.23486328125,-72.93701171875,-0.99365234375,0.0078125,0.175537109375,-59.4482421875,0.244140625,-26.123046875,8.015996835937296,-17.015825953274216
2022-06-09 15:29:12.446343936,-1.0556640625,0.091796875,-0.501708984375,-14.5263671875,-34.48486328125,8.056640625,-0.163818359375,2.174560546875,0.048095703125,56.5185546875,101.25732421875,220.3369140625,-0.265869140625,1.1884765625,0.2294921875,78.18603515625,22.15576171875,93.20068359375,0.234130859375,-1.178466796875,-0.1611328125,-74.27978515625,-51.513671875,-153.076171875,-0.442626953125,-1.346923828125,0.50830078125,-42.3583984375,2.9296875,-66.40625,-0.992431640625,0.009033203125,0.179931640625,-59.87548828125,-1.8310546875,-26.06201171875,8.903937854219313,-15.750830414712684
2022-06-09 15:29:12.456504832,-0.951416015625,0.076904296875,-0.4794921875,-19.95849609375,-44.61669921875,8.97216796875,-0.28564453125,2.23095703125,-0.2529296875,42.66357421875,83.49609375,232.5439453125,-0.275390625,1.244384765625,0.236572265625,83.251953125,22.03369140625,99.2431640625,0.934814453125,-1.154541015625,-0.527099609375,-73.2421875,-46.93603515625,-133.97216796875,-0.457763671875,-1.335693359375,0.540771484375,-39.55078125,-0.244140625,-59.6923828125,-0.994384765625,0.015869140625,0.193115234375,-59.87548828125,-5.18798828125,-26.18408203125,9.726873605673958,-14.405564585135924
2022-06-09 15:29:12.466665728,-0.8388671875,0.102294921875,-0.4677734375,-20.93505859375,-42.236328125,7.9345703125,-0.83740234375,2.045654296875,-0.6728515625,35.94970703125,47.8515625,225.89111328125,-0.29150390625,1.2841796875,0.247314453125,86.60888671875,21.8505859375,103.45458984375,0.3671875,-1.279052734375,-0.1083984375,-64.697265625,-19.34814453125,-129.8828125,-0.472412109375,-1.29833984375,0.546630859375,-34.0576171875,-5.67626953125,-52.3681640625,-0.992431640625,0.018310546875,0.195068359375,-60.4248046875,-6.34765625,-26.06201171875,10.462230873465563,-13.001412588930673
2022-06-09 15:29:12.476826368,-0.824462890625,0.1357421875,-0.49072265625,-22.52197265625,-20.6298828125,4.7607421875,-1.026611328125,1.89208984375,-0.42626953125,38.9404296875,-3.35693359375,205.4443359375,-0.302734375,1.302978515625,0.26220703125,88.68408203125,21.240234375,105.52978515625,0.239013671875,-1.177978515625,-0.157470703125,-58.9599609375,-1.77001953125,-122.1923828125,-0.492431640625,-1.228271484375,0.519775390625,-25.634765625,-12.39013671875,-45.0439453125,-0.98876953125,0.018798828125,0.192626953125,-60.60791015625,-7.01904296875,-26.123046875,11.087603979849977,-11.562814506134192
2022-06-09 15:29:12.486987264,-0.863037109375,0.152099609375,-0.498779296875,-27.77099609375,-2.86865234375,2.0751953125,-0.650634765625,1.494140625,-0.42529296875,31.982421875,-34.5458984375,190.49072265625,-0.306396484375,1.283203125,0.277587890625,89.29443359375,20.263671875,105.5908203125,0.381591796875,-1.14599609375,-0.32763671875,-53.89404296875,17.39501953125,-109.92431640625,-0.49462890625,-1.148681640625,0.47412109375,-17.9443359375,-19.10400390625,-37.9638671875,-0.989013671875,0.018798828125,0.19921875,-60.85205078125,-7.8125,-25.87890625,11.595569648863309,-10.114486295234425
2022-06-09 15:29:12.497148160,-0.86083984375,0.160400390625,-0.472412109375,-33.50830078125,-0.1220703125,1.28173828125,-0.2509765625,1.224365234375,-0.533447265625,29.052734375,-58.4716796875,176.26953125,-0.30078125,1.23486328125,0.294921875,88.5009765625,19.775390625,103.8818359375,0.154296875,-1.13330078125,-0.318603515625,-42.78564453125,47.2412109375,-102.1728515625,-0.488037109375,-1.10302734375,0.40869140625,-13.85498046875,-25.2685546875,-30.76171875,-0.988037109375,0.020751953125,0.19873046875,-60.97412109375,-8.4228515625,-25.7568359375,12.000797330767123,-8.680485738751845
2022-06-09 15:29:12.507309056,-0.85498046875,0.1572265625,-0.44091796875,-36.07177734375,1.0986328125,2.25830078125,0.23486328125,0.89013671875,-0.83642578125,28.3203125,-55.11474609375,145.69091796875,-0.297119140625,1.188232421875,0.30859375,88.5009765625,20.01953125,100.830078125,0.1220703125,-1.080322265625,-0.19677734375,-30.3955078125,63.720703125,-89.29443359375,-0.47900390625,-1.109130859375,0.347412109375,-11.962890625,-30.8837890625,-23.5595703125,-0.992431640625,0.021728515625,0.20654296875,-61.34033203125,-10.31494140625,-25.5126953125,12.322303925844134,-7.276097177181061
2022-06-09 15:29:12.517469952,-0.901123046875,0.127685546875,-0.440673828125,-36.68212890625,11.8408203125,4.150390625,-0.14794921875,1.0087890625,-0.697021484375,29.1748046875,-28.13720703125,116.943359375,-0.296875,1.16357421875,0.322998046875,90.39306640625,19.47021484375,96.74072265625,0.0908203125,-1.113525390625,-0.137939453125,-24.47509765625,61.21826171875,-74.52392578125,-0.459716796875,-1.142822265625,0.295654296875,-9.033203125,-36.19384765625,-16.41845703125,-0.995361328125,0.02099609375,0.21044921875,-61.6455078125,-13.0615234375,-25.57373046875,12.56390148839033,-5.904944487941918
2022-06-09 15:29:12.527630592,-1.003662109375,0.07080078125,-0.4423828125,-38.57421875,23.3154296875,5.67626953125,-0.820068359375,0.840087890625,-0.47509765625,21.728515625,-45.166015625,80.6884765625,-0.296875,1.160888671875,0.339599609375,92.8955078125,16.9677734375,91.30859375,-0.10400390625,-1.131103515625,-0.110107421875,-22.0947265625,45.7763671875,-63.232421875,-0.4365234375,-1.161376953125,0.2626953125,-2.86865234375,-41.68701171875,-9.33837890625,-1.00048828125,0.02001953125,0.216064453125,-62.3779296875,-15.19775390625,-25.634765625,12.710946388477803,-4.571129357446445
2022-06-09 15:29:12.537791488,-1.10595703125,-0.00341796875,-0.405029296875,-40.34423828125,24.658203125,6.40869140625,-0.754638671875,0.593505859375,-0.184814453125,26.67236328125,-60.791015625,32.958984375,-0.2939453125,1.16845703125,0.364013671875,94.3603515625,11.3525390625,84.228515625,-0.099853515625,-1.117431640625,-0.111083984375,-20.20263671875,32.16552734375,-58.10546875,-0.4052734375,-1.157958984375,0.247802734375,4.7607421875,-46.32568359375,-2.44140625,-1.00146484375,0.015869140625,0.22216796875,-62.80517578125,-12.451171875,-25.69580078125,12.748052676682159,-3.288943542484283
2022-06-09 15:29:12.547952128,-1.1669921875,-0.080322265625,-0.340576171875,-40.771484375,18.9208984375,6.53076171875,-0.22119140625,0.3984375,0.151611328125,1.77001953125,-24.23095703125,-37.17041015625,-0.285888671875,1.166748046875,0.380615234375,94.3603515625,2.685546875,75.86669921875,-0.0595703125,-1.10546875,-0.12890625,-17.88330078125,26.06201171875,-55.7861328125,-0.380615234375,-1.1533203125,0.2470703125,11.41357421875,-49.62158203125,3.2958984375,-1.0029296875,0.01708984375,0.212158203125,-63.04931640625,-16.357421875,-25.2685546875,12.678857461467812,-2.0777249273515466
2022-06-09 15:29:12.558113024,-1.18505859375,-0.153076171875,-0.285888671875,-39.24560546875,10.986328125,5.859375,-0.17919921875,0.205810546875,0.111572265625,-19.83642578125,-6.53076171875,-59.326171875,-0.27001953125,1.1591796875,0.38232421875,93.93310546875,-7.99560546875,66.95556640625,-0.071044921875,-1.090087890625,-0.091796875,-14.70947265625,24.10888671875,-52.734375,-0.3720703125,-1.17626953125,0.26123046875,16.4794921875,-50.47607421875,7.8125,-0.983642578125,0.01220703125,0.23876953125,-63.1103515625,-20.3857421875,-24.71923828125,12.521703114209329,-0.9503346706485338
2022-06-09 15:29:12.568273920,-1.169921875,-0.20556640625,-0.27734375,-36.80419921875,1.77001953125,4.39453125,-0.212158203125,0.096923828125,0.0087890625,-34.97314453125,-0.244140625,-85.44921875,-0.22607421875,1.15869140625,0.38916015625,95.64208984375,-31.06689453125,50.4150390625,-0.08349609375,-1.06640625,-0.09326171875,-12.51220703125,23.13232421875,-49.49951171875,-0.367431640625,-1.219482421875,0.278564453125,21.8505859375,-48.9501953125,11.53564453125,-0.9765625,0.01123046875,0.229736328125,-63.41552734375,-24.47509765625,-24.84130859375,12.289312050509162,0.06180084317706047
2022-06-09 15:29:12.578434816,-1.1044921875,-0.2333984375,-0.28955078125,-34.24072265625,-7.9345703125,2.197265625,-0.29150390625,0.05419921875,-0.102294921875,-44.7998046875,-0.9765625,-114.44091796875,-0.213623046875,1.170654296875,0.412841796875,95.64208984375,-43.9453125,43.8232421875,-0.05712890625,-1.08251953125,-0.123291015625,-11.41357421875,25.0244140625,-47.05810546875,-0.354248046875,-1.2431640625,0.285400390625,29.1748046875,-44.98291015625,14.46533203125,-0.972412109375,0.013671875,0.234619140625,-63.720703125,-26.7333984375,-24.71923828125,11.98062667601929,0.970369734503663
2022-06-09 15:29:12.588595712,-1.0146484375,-0.231689453125,-0.278564453125,-30.76171875,-14.404296875,-0.54931640625,-0.34375,0.08056640625,-0.131591796875,-50.048828125,-6.2255859375,-143.9208984375,-0.207275390625,1.167236328125,0.43310546875,92.7734375,-57.43408203125,38.75732421875,-0.039306640625,-1.076416015625,-0.116455078125,-10.009765625,29.9072265625,-46.2646484375,-0.34130859375,-1.23291015625,0.281494140625,38.02490234375,-37.7197265625,17.333984375,-0.97705078125,0.010986328125,0.2470703125,-64.5751953125,-30.8837890625,-24.4140625,11.58751038163602,1.8146531593830915
2022-06-09 15:29:12.598756352,-0.9375,-0.221435546875,-0.24853515625,-27.64892578125,-13.7939453125,-3.173828125,-0.345703125,0.15283203125,-0.073486328125,-54.99267578125,-13.916015625,-170.7763671875,-0.195556640625,1.13818359375,0.447021484375,87.0361328125,-69.51904296875,34.0576171875,-0.0439453125,-1.05224609375,-0.123291015625,-9.3994140625,35.70556640625,-45.8984375,-0.331298828125,-1.1845703125,0.269287109375,47.607421875,-26.9775390625,21.66748046875,-0.973388671875,0.00830078125,0.25244140625,-64.88037109375,-28.076171875,-24.4140625,11.097453219702494,2.5887099429910307
2022-06-09 15:29:12.608917248,-0.876953125,-0.201904296875,-0.21337890625,-23.92578125,-9.27734375,-5.31005859375,-0.300537109375,0.27099609375,0.00732421875,-60.85205078125,-24.23095703125,-196.47216796875,-0.16357421875,1.0771484375,0.45849609375,79.04052734375,-77.20947265625,29.296875,-0.07763671875,-1.0380859375,-0.136962890625,-8.544921875,40.1611328125,-45.2880859375,-0.3271484375,-1.109375,0.254638671875,55.96923828125,-14.58740234375,27.28271484375,-0.97705078125,0.01025390625,0.242919921875,-65.24658203125,-29.72412109375,-24.0478515625,10.502391866340007,3.2810562550848132
2022-06-09 15:29:12.619078912,-0.828125,-0.188720703125,-0.182861328125,-19.71435546875,-7.4462890625,-6.40869140625,-0.234375,0.353759765625,0.044189453125,-68.29833984375,-33.3251953125,-220.21484375,-0.117431640625,0.996337890625,0.458740234375,69.27490234375,-77.45361328125,24.84130859375,-0.116943359375,-1.0322265625,-0.144775390625,-8.30078125,41.07666015625,-44.921875,-0.325927734375,-1.02783203125,0.24609375,62.07275390625,-1.77001953125,33.69140625,-0.98974609375,0.017822265625,0.259521484375,-65.61279296875,-28.4423828125,-23.5595703125,9.807275014313724,3.8827178140751784
2022-06-09 15:29:12.629240576,-0.768798828125,-0.159912109375,-0.154052734375,-13.0615234375,-10.986328125,-6.04248046875,-0.205322265625,0.400146484375,0.019287109375,-75.86669921875,-35.888671875,-239.92919921875,-0.068115234375,0.907958984375,0.44482421875,58.65478515625,-68.17626953125,20.44677734375,-0.11328125,-1.031005859375,-0.1572265625,-7.8125,39.6728515625,-45.166015625,-0.3232421875,-0.952880859375,0.2412109375,66.46728515625,10.31494140625,41.015625,-1.005126953125,0.017578125,0.259521484375,-67.19970703125,-40.0390625,-24.47509765625,9.020362201674248,4.388915943622436
2022-06-09 15:29:12.639401984,-0.696533203125,-0.1435546875,-0.13671875,-6.8359375,-15.9912109375,-4.638671875,-0.195068359375,0.471923828125,-0.00830078125,-81.48193359375,-31.31103515625,-257.9345703125,-0.025634765625,0.817138671875,0.430908203125,48.40087890625,-49.9267578125,16.29638671875,-0.098876953125,-1.016845703125,-0.180419921875,-6.8359375,38.2080078125,-45.41015625,-0.31396484375,-0.88720703125,0.247314453125,69.82421875,20.99609375,49.13330078125,-0.9970703125,0.0341796875,0.274169921875,-68.54248046875,-41.50390625,-24.59716796875,8.145850370662831,4.800157430574053
2022-06-09 15:29:12.649563648,-0.623779296875,-0.11962890625,-0.125732421875,-1.0986328125,-18.61572265625,-2.8076171875,-0.18701171875,0.537109375,-0.032470703125,-86.181640625,-23.4375,-275.57373046875,0.009033203125,0.742919921875,0.42529296875,39.1845703125,-26.123046875,12.87841796875,-0.08935546875,-1.00732421875,-0.181640625,-5.37109375,37.109375,-45.22705078125,-0.301513671875,-0.830322265625,0.260009765625,72.32666015625,30.517578125,58.04443359375,-0.991455078125,0.033935546875,0.29345703125,-69.82421875,-51.08642578125,-25.146484375,7.185463994282223,5.124744975340747
2022-06-09 15:29:12.659725312,-0.56396484375,-0.1044921875,-0.124755859375,2.5634765625,-13.916015625,-0.91552734375,-0.1650390625,0.595703125,-0.03564453125,-90.576171875,-15.380859375,-291.07666015625,0.03173828125,0.69091796875,0.417236328125,30.94482421875,-0.8544921875,11.04736328125,-0.06884765625,-1.013427734375,-0.162109375,-3.72314453125,36.0107421875,-44.61669921875,-0.287109375,-0.781005859375,0.265625,73.1201171875,38.818359375,67.44384765625,-0.981201171875,0.04296875,0.29248046875,-69.2138671875,-42.66357421875,-24.96337890625,6.144285285454524,5.378340531390457
2022-06-09 15:29:12.669886720,-0.54345703125,-0.072998046875,-0.10009765625,7.26318359375,-5.9814453125,0.54931640625,-0.16357421875,0.664794921875,-0.050537109375,-94.17724609375,-12.02392578125,-305.419921875,0.039306640625,0.650146484375,0.390869140625,23.49853515625,24.658203125,10.6201171875,-0.037841796875,-1.023681640625,-0.141357421875,-2.74658203125,34.97314453125,-44.37255859375,-0.27734375,-0.746337890625,0.267333984375,72.75390625,45.654296875,76.904296875,-0.991455078125,0.03955078125,0.27099609375,-68.4814453125,-45.0439453125,-24.59716796875,5.031038449806497,5.578889268014898
2022-06-09 15:29:12.680048384,-0.55322265625,-0.038818359375,-0.082763671875,11.04736328125,-3.2958984375,1.3427734375,-0.17041015625,0.738525390625,-0.070556640625,-95.703125,-15.0146484375,-320.6787109375,0.02783203125,0.62060546875,0.361572265625,17.333984375,48.828125,10.68115234375,-0.0087890625,-1.035400390625,-0.125,-1.8310546875,34.66796875,-44.677734375,-0.26708984375,-0.7275390625,0.266845703125,71.83837890625,50.1708984375,85.693359375,-0.994140625,0.03662109375,0.276123046875,-67.3828125,-50.10986328125,-24.5361328125,3.854625517557306,5.740377468526525
2022-06-09 15:29:12.690209792,-0.55615234375,-0.016845703125,-0.0810546875,12.8173828125,-5.9814453125,2.25830078125,-0.181396484375,0.828857421875,-0.064697265625,-96.25244140625,-19.53125,-336.7919921875,0.0126953125,0.599853515625,0.33837890625,12.20703125,68.78662109375,11.16943359375,0.0107421875,-1.03662109375,-0.11474609375,-0.9765625,35.58349609375,-44.7998046875,-0.260986328125,-0.714599609375,0.258544921875,70.73974609375,52.91748046875,93.81103515625,-0.995361328125,0.0185546875,0.286865234375,-67.626953125,-58.10546875,-23.98681640625,2.6231839054249377,5.873187634111524
2022-06-09 15:29:12.700371456,-0.55224609375,0.00537109375,-0.07666015625,15.0146484375,-7.2021484375,3.90625,-0.177490234375,0.955078125,-0.045166015625,-94.7265625,-25.2685546875,-352.72216796875,0.00390625,0.584228515625,0.333740234375,8.30078125,84.1064453125,12.63427734375,0.014892578125,-1.031005859375,-0.1142578125,-0.6103515625,36.865234375,-44.5556640625,-0.260498046875,-0.7041015625,0.245849609375,69.4580078125,54.50439453125,100.89111328125,-0.989501953125,0.00390625,0.322021484375,-67.0166015625,-58.7158203125,-23.49853515625,1.3448430773539268,5.989706000441217
2022-06-09 15:29:12.710533120,-0.572509765625,0.015625,-0.073974609375,17.08984375,-3.41796875,5.67626953125,-0.17626953125,1.127197265625,-0.04296875,-90.63720703125,-33.14208984375,-366.63818359375,-0.017578125,0.57275390625,0.332763671875,5.4931640625,95.703125,14.6484375,0.012451171875,-1.037841796875,-0.1123046875,-0.244140625,38.2080078125,-44.677734375,-0.265625,-0.698974609375,0.227294921875,67.87109375,55.419921875,106.8115234375,-0.974609375,-0.01123046875,0.29833984375,-66.34521484375,-56.0302734375,-23.25439453125,0.029876013707053062,6.103074045483837
2022-06-09 15:29:12.720694784,-0.620361328125,0.046142578125,-0.063720703125,19.53125,1.64794921875,7.50732421875,-0.176513671875,1.332275390625,-0.0224609375,-87.2802734375,-39.48974609375,-378.7841796875,-0.048828125,0.5654296875,0.332763671875,3.5400390625,103.82080078125,17.2119140625,0.02734375,-1.04248046875,-0.119873046875,1.0986328125,39.73388671875,-45.34912109375,-0.277587890625,-0.70361328125,0.1904296875,63.232421875,52.79541015625,114.1357421875,-0.96337890625,-0.003662109375,0.289306640625,-64.94140625,-53.1005859375,-23.8037109375,-1.3106299711227258,6.2237011113694365
2022-06-09 15:29:12.730856448,-0.664306640625,0.056396484375,-0.064208984375,18.85986328125,3.5400390625,9.09423828125,-0.173095703125,1.60009765625,-0.00927734375,-84.41162109375,-44.12841796875,-388.916015625,-0.081787109375,0.56640625,0.333251953125,3.47900390625,108.3984375,20.8740234375,0.00927734375,-1.047607421875,-0.106689453125,2.50244140625,42.17529296875,-46.69189453125,-0.286376953125,-0.70654296875,0.172119140625,60.791015625,49.37744140625,115.29541015625,-0.9736328125,-0.001220703125,0.290771484375,-65.24658203125,-63.3544921875,-24.5361328125,-2.6555640970716556,6.366458643946828
2022-06-09 15:29:12.741017856,-0.697998046875,0.075927734375,-0.0751953125,17.27294921875,2.01416015625,10.07080078125,-0.08544921875,1.941650390625,-0.023193359375,-81.787109375,-51.81884765625,-395.93505859375,-0.116455078125,0.57666015625,0.341064453125,5.0048828125,109.2529296875,25.87890625,-0.02783203125,-1.06787109375,-0.081787109375,3.5400390625,45.47119140625,-51.1474609375,-0.29296875,-0.706298828125,0.1591796875,58.65478515625,44.677734375,115.234375,-0.970947265625,0.02392578125,0.314453125,-63.96484375,-60.791015625,-25.81787109375,-3.9858837587344436,6.551560474257897
2022-06-09 15:29:12.751179520,-0.72021484375,0.09912109375,-0.102783203125,14.16015625,0.0,9.8876953125,0.030517578125,2.292236328125,-0.156494140625,-80.13916015625,-70.49560546875,-395.93505859375,-0.157958984375,0.598876953125,0.362548828125,7.14111328125,106.4453125,31.67724609375,-0.0927734375,-1.094482421875,-0.076904296875,2.3193359375,44.5556640625,-54.87060546875,-0.29736328125,-0.70166015625,0.148681640625,56.57958984375,39.00146484375,113.6474609375,-0.97705078125,0.050048828125,0.34619140625,-64.94140625,-68.66455078125,-26.9775390625,-5.292612495456729,6.794603579909094
2022-06-09 15:29:12.761341184,-0.748046875,0.105224609375,-0.095947265625,11.1083984375,0.6103515625,9.94873046875,0.146728515625,2.592529296875,-0.33447265625,-81.0546875,-95.03173828125,-390.56396484375,-0.201416015625,0.61669921875,0.382568359375,8.85009765625,100.52490234375,37.353515625,-0.101806640625,-1.103271484375,-0.081298828125,1.03759765625,40.8935546875,-59.814453125,-0.298095703125,-0.697265625,0.14111328125,54.443359375,32.470703125,110.77880859375,-1.009765625,0.049560546875,0.40576171875,-66.58935546875,-65.0634765625,-28.80859375,-6.5652222821853154,7.099630331814836
2022-06-09 15:29:12.771502848,-0.7919921875,0.108642578125,-0.050048828125,9.765625,2.25830078125,10.3759765625,0.346435546875,2.63330078125,-0.531494140625,-86.669921875,-116.51611328125,-383.60595703125,-0.22998046875,0.628662109375,0.39794921875,9.8876953125,92.4072265625,43.02978515625,-0.103271484375,-1.1328125,-0.0380859375,0.1220703125,39.55078125,-66.0400390625,-0.299560546875,-0.691162109375,0.13525390625,52.06298828125,25.20751953125,106.5673828125,-1.0712890625,0.046142578125,0.446044921875,-67.87109375,-60.85205078125,-30.6396484375,-7.79281342631268,7.463948217192055
2022-06-09 15:29:12.781664256,-0.837646484375,0.108154296875,-0.057861328125,8.6669921875,1.15966796875,10.3759765625,0.667724609375,2.52392578125,-0.7021484375,-92.041015625,-127.8076171875,-371.9482421875,-0.255615234375,0.634765625,0.4169921875,10.7421875,83.31298828125,48.7060546875,-0.095947265625,-1.157470703125,0.019775390625,-1.0986328125,38.4521484375,-73.1201171875,-0.29736328125,-0.688720703125,0.135498046875,49.49951171875,18.00537109375,101.13525390625,-1.136474609375,0.044677734375,0.443115234375,-68.84765625,-59.326171875,-31.982421875,-8.96426866984126,7.8860225835800435
2022-06-09 15:29:12.791825664,-0.872802734375,0.104736328125,-0.0634765625,7.4462890625,-2.9296875,9.94873046875,0.886962890625,2.529052734375,-0.849609375,-99.12109375,-123.046875,-348.44970703125,-0.27880859375,0.640380859375,0.43701171875,11.71875,73.73046875,54.26025390625,-0.083984375,-1.149169921875,0.041748046875,-4.638671875,34.72900390625,-81.4208984375,-0.29150390625,-0.690673828125,0.139892578125,46.56982421875,11.41357421875,94.482421875,-1.166748046875,0.054931640625,0.445556640625,-67.2607421875,-65.7958984375,-32.40966796875,-10.068531014368638,8.365767729579154
2022-06-09 15:29:12.801987328,-0.8974609375,0.07275390625,-0.05615234375,4.08935546875,-5.4931640625,9.21630859375,0.948974609375,2.52734375,-1.111083984375,-91.12548828125,-131.34765625,-313.4765625,-0.295654296875,0.649658203125,0.454833984375,12.75634765625,63.720703125,59.5703125,-0.046630859375,-1.153076171875,0.076416015625,-7.568359375,31.8603515625,-91.30859375,-0.286865234375,-0.697509765625,0.143310546875,43.88427734375,5.37109375,86.9140625,-1.12451171875,0.049072265625,0.496337890625,-65.7958984375,-81.97021484375,-32.65380859375,-11.09721528568437,8.902603922536017
2022-06-09 15:29:12.812148992,-0.926513671875,0.044189453125,-0.07421875,3.0517578125,-5.126953125,8.60595703125,1.351318359375,2.293212890625,-1.246337890625,-67.44384765625,-139.34326171875,-282.04345703125,-0.30712890625,0.662353515625,0.470947265625,13.97705078125,53.7109375,64.27001953125,-0.095458984375,-1.208984375,0.015380859375,-6.2255859375,30.09033203125,-101.4404296875,-0.28125,-0.71533203125,0.143798828125,41.015625,0.79345703125,78.369140625,-1.057861328125,0.0185546875,0.60595703125,-64.27001953125,-88.134765625,-32.2265625,-12.043542314357722,9.493954199279202
2022-06-09 15:29:12.822310656,-0.978515625,0.03662109375,-0.081787109375,3.0517578125,-2.3193359375,7.568359375,2.022705078125,1.82958984375,-1.34033203125,-48.27880859375,-114.013671875,-251.89208984375,-0.3076171875,0.689208984375,0.480712890625,15.31982421875,44.73876953125,67.9931640625,-0.153564453125,-1.271240234375,-0.0732421875,-4.45556640625,27.77099609375,-111.572265625,-0.272705078125,-0.74365234375,0.140380859375,37.17041015625,-1.953125,68.84765625,-1.005615234375,-0.043212890625,0.677978515625,-63.3544921875,-77.33154296875,-31.1279296875,-12.06068129530259,10.13421206757738
2022-06-09 15:29:12.832472320,-1.05078125,0.037353515625,-0.06689453125,2.62451171875,1.708984375,5.92041015625,2.448974609375,1.426513671875,-1.303955078125,-37.7197265625,-50.9033203125,-218.75,-0.304443359375,0.723388671875,0.472900390625,17.2119140625,37.90283203125,70.61767578125,-0.14306640625,-1.31884765625,-0.102294921875,-5.67626953125,26.55029296875,-123.47412109375,-0.25927734375,-0.783447265625,0.132568359375,32.40966796875,-2.197265625,58.10546875,-0.983154296875,-0.095703125,0.672607421875,-60.05859375,-58.77685546875,-29.47998046875,-11.401368794435752,10.816567541760762
2022-06-09 15:29:12.842633728,-1.1376953125,0.04833984375,-0.061767578125,2.197265625,4.08935546875,3.41796875,2.679931640625,1.075439453125,-1.242919921875,-24.4140625,5.18798828125,-176.6357421875,-0.300537109375,0.766845703125,0.45361328125,19.34814453125,33.26416015625,71.83837890625,-0.12841796875,-1.349853515625,-0.02490234375,-8.72802734375,26.123046875,-136.23046875,-0.25,-0.839111328125,0.1220703125,26.85546875,0.67138671875,46.08154296875,-1.005859375,-0.104248046875,0.689453125,-55.908203125,-43.45703125,-25.93994140625,-10.85985380267869,11.532594022860216
2022-06-09 15:29:12.852795392,-1.2255859375,0.063720703125,-0.08642578125,1.3427734375,3.7841796875,0.3662109375,2.930419921875,1.010009765625,-0.99755859375,-2.50244140625,30.3955078125,-122.6806640625,-0.30126953125,0.822265625,0.4384765625,22.3388671875,29.78515625,71.96044921875,-0.154296875,-1.37060546875,0.0361328125,-10.7421875,24.35302734375,-149.23095703125,-0.247314453125,-0.907958984375,0.111572265625,20.20263671875,6.34765625,32.89794921875,-1.01708984375,-0.09912109375,0.702880859375,-53.64990234375,-41.8701171875,-20.93505859375,-10.451554862562485,12.274630234541412
2022-06-09 15:29:12.862957056,-1.30029296875,0.072509765625,-0.138427734375,-0.79345703125,0.3662109375,-2.99072265625,2.986328125,1.223876953125,-0.741943359375,14.34326171875,53.16162109375,-49.37744140625,-0.30712890625,0.90185546875,0.43701171875,26.42822265625,26.42822265625,71.4111328125,-0.166015625,-1.423828125,0.0458984375,-11.16943359375,20.08056640625,-162.353515625,-0.255126953125,-0.977294921875,0.1015625,14.09912109375,13.427734375,19.10400390625,-0.984375,-0.081787109375,0.707275390625,-52.42919921875,-47.18017578125,-15.31982421875,-10.18483688920685,13.040470153482516
2022-06-09 15:29:12.873118720,-1.354248046875,0.087646484375,-0.155517578125,-3.47900390625,-4.94384765625,-5.7373046875,2.0400390625,1.3505859375,-0.728515625,36.4990234375,41.07666015625,107.97119140625,-0.320556640625,1.009033203125,0.443603515625,30.517578125,22.15576171875,70.068359375,-0.16943359375,-1.48046875,0.031005859375,-11.29150390625,17.578125,-176.26953125,-0.270263671875,-1.033447265625,0.100341796875,9.46044921875,20.93505859375,5.4931640625,-0.931884765625,-0.023193359375,0.7314453125,-52.1240234375,-52.001953125,-10.31494140625,-10.05441029238986,13.827085719505853
2022-06-09 15:29:12.883280384,-1.38916015625,0.095703125,-0.124267578125,-7.080078125,-9.58251953125,-7.6904296875,0.900146484375,1.4521484375,-0.26611328125,43.45703125,5.37109375,162.90283203125,-0.3330078125,1.12353515625,0.457763671875,33.14208984375,16.7236328125,67.87109375,-0.16650390625,-1.52978515625,0.041748046875,-14.95361328125,19.04296875,-189.88037109375,-0.29638671875,-1.077880859375,0.107421875,5.126953125,27.83203125,-8.11767578125,-0.864501953125,0.041748046875,0.74609375,-53.77197265625,-51.57470703125,-8.056640625,-10.053653893215959,14.623374066733419
2022-06-09 15:29:12.893441792,-1.388427734375,0.0615234375,-0.11083984375,-11.53564453125,-18.06640625,-8.1787109375,-2.259033203125,1.301025390625,0.505859375,39.306640625,-35.94970703125,178.8330078125,-0.341064453125,1.222900390625,0.4736328125,33.50830078125,11.04736328125,64.63623046875,-0.14697265625,-1.609130859375,0.17138671875,-18.5546875,24.47509765625,-202.69775390625,-0.32470703125,-1.10791015625,0.110595703125,0.3662109375,33.3251953125,-21.42333984375,-0.796630859375,0.11083984375,0.78857421875,-54.99267578125,-60.48583984375,-10.6201171875,-10.182035483896769,15.41110066338478
2022-06-09 15:29:12.903603200,-1.34326171875,-0.020751953125,-0.15478515625,-13.97705078125,-30.57861328125,-7.01904296875,-3.07421875,1.282958984375,0.844482421875,34.3017578125,-57.373046875,125.79345703125,-0.35498046875,1.30908203125,0.4892578125,31.3720703125,6.40869140625,60.791015625,-0.289794921875,-1.7666015625,0.255859375,-21.17919921875,32.5927734375,-213.0126953125,-0.34912109375,-1.101806640625,0.1279296875,-3.5400390625,36.2548828125,-33.38623046875,-0.7314453125,0.123291015625,0.82470703125,-58.53271484375,-55.60302734375,-15.80810546875,-10.432246994335703,16.170800950734957
2022-06-09 15:29:12.913764864,-1.310302734375,-0.064453125,-0.2265625,-9.765625,-31.1279296875,-5.37109375,-0.0703125,1.035400390625,0.476318359375,43.212890625,-90.27099609375,115.78369140625,-0.372314453125,1.37109375,0.498291015625,24.658203125,3.11279296875,54.99267578125,-0.58984375,-1.94677734375,0.204345703125,-23.4375,40.83251953125,-219.7265625,-0.362548828125,-1.05810546875,0.15576171875,-6.4697265625,36.62109375,-43.212890625,-0.72998046875,0.0986328125,0.83935546875,-59.2041015625,-39.4287109375,-21.484375,-10.785551208191379,16.872920862101836
2022-06-09 15:29:12.923926528,-1.337646484375,-0.053955078125,-0.284912109375,-3.41796875,-17.578125,-3.72314453125,0.654052734375,1.83935546875,0.04150390625,66.650390625,-76.59912109375,160.2783203125,-0.380615234375,1.34375,0.485107421875,12.51220703125,1.46484375,44.98291015625,-0.908935546875,-2.123779296875,0.074462890625,-28.1982421875,48.15673828125,-224.4873046875,-0.360595703125,-1.023193359375,0.1796875,-11.1083984375,35.82763671875,-52.1240234375,-0.791015625,0.06884765625,0.84814453125,-57.92236328125,-23.49853515625,-26.123046875,-11.233619630639783,17.464461807958735
2022-06-09 15:29:12.934088192,-1.3564453125,-0.055908203125,-0.30126953125,0.6103515625,-13.916015625,-1.3427734375,0.17333984375,1.9677734375,-0.385986328125,70.98388671875,-41.44287109375,166.50390625,-0.38037109375,1.24560546875,0.444091796875,0.6103515625,2.9296875,36.1328125,-0.988525390625,-2.226318359375,0.05419921875,-35.7666015625,63.720703125,-226.25732421875,-0.348388671875,-1.02685546875,0.18701171875,-19.8974609375,35.21728515625,-61.21826171875,-0.8408203125,0.01708984375,0.825439453125,-58.65478515625,-19.10400390625,-28.99169921875,-11.794008401252606,17.91834713972816
2022-06-09 15:29:12.944249600,-1.311767578125,-0.085205078125,-0.3056640625,2.25830078125,-25.57373046875,0.9765625,0.24072265625,1.791259765625,-0.3330078125,77.33154296875,-23.37646484375,161.1328125,-0.38134765625,1.177490234375,0.39599609375,-4.82177734375,6.34765625,27.03857421875,-0.917724609375,-2.214599609375,0.04443359375,-41.07666015625,92.28515625,-225.76904296875,-0.349365234375,-1.076904296875,0.18115234375,-30.70068359375,35.21728515625,-70.00732421875,-0.824462890625,-0.02001953125,0.81591796875,-57.6171875,-26.0009765625,-30.517578125,-12.487298595719555,18.255326802479043
2022-06-09 15:29:12.954411264,-1.2255859375,-0.126953125,-0.365478515625,2.3193359375,-35.46142578125,2.197265625,0.286865234375,1.537353515625,-0.092041015625,81.23779296875,-14.2822265625,162.78076171875,-0.37841796875,1.198486328125,0.372314453125,-5.2490234375,8.4228515625,15.0146484375,-0.90380859375,-2.190673828125,-0.068359375,-43.701171875,121.7041015625,-226.9287109375,-0.3583984375,-1.1357421875,0.18408203125,-39.85595703125,34.5458984375,-77.2705078125,-0.760009765625,-0.01953125,0.840576171875,-55.2978515625,-30.82275390625,-31.92138671875,-12.342201733870441,18.49043015063489
2022-06-09 15:29:12.964572928,-1.140380859375,-0.133056640625,-0.42724609375,2.50244140625,-36.376953125,2.0751953125,0.154541015625,1.1171875,-0.243896484375,83.80126953125,-24.4140625,152.099609375,-0.35986328125,1.268798828125,0.37255859375,-6.28662109375,7.9345703125,2.38037109375,-0.676025390625,-2.137451171875,-0.3974609375,-38.02490234375,133.056640625,-229.3701171875,-0.373291015625,-1.174560546875,0.1943359375,-46.630859375,31.25,-82.94677734375,-0.70556640625,-0.00927734375,0.833251953125,-54.443359375,-25.5126953125,-33.69140625,-11.44692993859761,18.61899717031687
2022-06-09 15:29:12.974734592,-1.048583984375,-0.123779296875,-0.419677734375,1.0986328125,-35.5224609375,2.0751953125,0.734130859375,0.806640625,-0.818603515625,88.7451171875,-28.50341796875,130.79833984375,-0.31591796875,1.315673828125,0.395751953125,-18.6767578125,1.220703125,-18.85986328125,-0.06005859375,-2.08447265625,-0.514404296875,-29.35791015625,99.18212890625,-246.58203125,-0.394775390625,-1.2001953125,0.215576171875,-53.3447265625,24.84130859375,-87.82958984375,-0.702880859375,-0.01220703125,0.824951171875,-54.26025390625,-15.13671875,-35.5224609375,-10.464928888142735,18.56936659889503
2022-06-09 15:29:12.984896256,-0.9443359375,-0.169189453125,-0.416015625,-2.25830078125,-35.888671875,3.173828125,0.211669921875,1.112548828125,-0.357666015625,83.43505859375,2.685546875,122.86376953125,-0.304443359375,1.283447265625,0.411376953125,-25.45166015625,-5.2490234375,-28.1982421875,-0.25244140625,-1.944091796875,-0.486083984375,-20.08056640625,41.015625,-258.1787109375,-0.421142578125,-1.22314453125,0.251953125,-60.85205078125,15.380859375,-92.1630859375,-0.7314453125,-0.024658203125,0.8203125,-54.13818359375,-6.9580078125,-36.7431640625,-9.39900388866851,18.340400469738114
2022-06-09 15:29:12.995057664,-0.871337890625,-0.21826171875,-0.47021484375,0.8544921875,-26.55029296875,4.33349609375,0.060302734375,1.107177734375,-0.201904296875,61.6455078125,19.04296875,116.455078125,-0.302978515625,1.23828125,0.41650390625,-31.494140625,-13.427734375,-37.17041015625,-0.4814453125,-1.89599609375,-0.433349609375,-28.13720703125,-10.92529296875,-230.1025390625,-0.443115234375,-1.23388671875,0.29296875,-66.40625,2.99072265625,-94.8486328125,-0.752685546875,-0.038818359375,0.8056640625,-53.3447265625,-3.173828125,-36.62109375,-8.261617032621773,18.00096888475561
2022-06-09 15:29:13.005219328,-0.87158203125,-0.212890625,-0.5048828125,9.70458984375,-2.99072265625,5.31005859375,0.360595703125,1.0361328125,-0.261962890625,56.70166015625,18.24951171875,107.11669921875,-0.302978515625,1.171142578125,0.39697265625,-38.02490234375,-20.08056640625,-45.2880859375,-0.327880859375,-1.568359375,-0.216064453125,-27.099609375,-53.16162109375,-192.2607421875,-0.462890625,-1.228759765625,0.34375,-69.27490234375,-11.16943359375,-95.52001953125,-0.751953125,-0.049072265625,0.795166015625,-52.001953125,-1.8310546875,-34.7900390625,-7.082324351333847,17.555637909311805
2022-06-09 15:29:13.015380736,-0.91748046875,-0.2373046875,-0.48779296875,15.625,17.4560546875,5.18798828125,-0.031005859375,1.094482421875,-0.316650390625,50.35400390625,33.447265625,99.79248046875,-0.312255859375,1.1240234375,0.35546875,-44.189453125,-24.0478515625,-52.8564453125,-0.487060546875,-1.378662109375,-0.2783203125,-26.7333984375,-52.06298828125,-175.537109375,-0.47509765625,-1.23974609375,0.395751953125,-72.57080078125,-26.67236328125,-95.0927734375,-0.68798828125,-0.042724609375,0.79443359375,-49.072265625,1.28173828125,-29.35791015625,-5.879832938038127,17.008893008446613
2022-06-09 15:29:13.025541888,-0.95458984375,-0.24365234375,-0.43408203125,22.52197265625,22.88818359375,3.60107421875,-0.04931640625,0.991943359375,-0.2548828125,40.34423828125,39.48974609375,88.7451171875,-0.3271484375,1.118896484375,0.308349609375,-48.52294921875,-25.93994140625,-60.546875,-0.061767578125,-1.4970703125,-0.142578125,-36.2548828125,-53.5888671875,-175.96435546875,-0.482421875,-1.278076171875,0.414794921875,-75.0732421875,-43.701171875,-93.56689453125,-0.682373046875,-0.0224609375,0.812255859375,-48.52294921875,8.7890625,-27.64892578125,-4.662704092341858,16.367160489817085
2022-06-09 15:29:13.035702528,-0.988037109375,-0.205810546875,-0.40087890625,27.89306640625,21.54541015625,0.48828125,0.017333984375,0.963623046875,-0.159423828125,36.80419921875,37.2314453125,78.30810546875,-0.3388671875,1.154296875,0.263427734375,-52.06298828125,-27.03857421875,-67.68798828125,1.146240234375,-0.703125,-0.5341796875,-35.21728515625,-20.32470703125,-130.31005859375,-0.473876953125,-1.314208984375,0.4072265625,-73.91357421875,-60.791015625,-90.02685546875,-0.71875,-0.005615234375,0.82470703125,-49.1943359375,18.37158203125,-26.7333984375,-3.4573756010566186,15.638351634487073
2022-06-09 15:29:13.045863424,-1.0537109375,-0.130859375,-0.36083984375,32.1044921875,19.1650390625,-3.60107421875,-0.0888671875,0.98388671875,-0.138427734375,35.7666015625,32.04345703125,68.78662109375,-0.337646484375,1.19677734375,0.233642578125,-56.57958984375,-28.25927734375,-73.3642578125,0.347412109375,-0.888916015625,-0.294921875,-32.53173828125,31.8603515625,-110.65673828125,-0.447265625,-1.3310546875,0.394775390625,-69.7021484375,-75.74462890625,-83.92333984375,-0.770263671875,0.00830078125,0.815185546875,-50.048828125,24.2919921875,-26.2451171875,-2.3040610579736036,14.830383120531163
2022-06-09 15:29:13.056024064,-1.11669921875,-0.05517578125,-0.330810546875,33.447265625,16.17431640625,-5.55419921875,-0.143310546875,1.0048828125,-0.161376953125,33.8134765625,25.45166015625,63.17138671875,-0.327392578125,1.2197265625,0.206787109375,-62.68310546875,-29.9072265625,-78.0029296875,-0.39892578125,-0.883544921875,0.018310546875,-6.7138671875,-5.79833984375,-76.96533203125,-0.396484375,-1.31982421875,0.36767578125,-64.63623046875,-85.26611328125,-75.8056640625,-0.797119140625,0.019775390625,0.810302734375,-51.08642578125,24.35302734375,-26.06201171875,-1.2335861665418637,13.947180110387698
2022-06-09 15:29:13.066184960,-1.1630859375,0.00537109375,-0.3154296875,34.36279296875,14.34326171875,-6.16455078125,-0.154296875,1.008544921875,-0.212890625,31.18896484375,17.76123046875,61.34033203125,-0.3125,1.2275390625,0.187744140625,-68.78662109375,-31.8603515625,-82.3974609375,-0.21630859375,-0.603759765625,0.05029296875,-3.662109375,-34.72900390625,-23.4375,-0.335693359375,-1.2919921875,0.345947265625,-59.87548828125,-87.5244140625,-66.71142578125,-0.785888671875,0.041259765625,0.7919921875,-51.8798828125,22.15576171875,-26.18408203125,-0.2592103834052697,12.989678082073958
2022-06-09 15:29:13.076345856,-1.199951171875,0.0673828125,-0.276611328125,36.31591796875,14.34326171875,-5.126953125,-0.141845703125,0.97998046875,-0.229248046875,26.55029296875,14.46533203125,58.4716796875,-0.294189453125,1.224609375,0.173095703125,-73.42529296875,-34.0576171875,-86.60888671875,-0.1396484375,-0.5029296875,0.086669921875,-3.72314453125,-32.40966796875,21.728515625,-0.288330078125,-1.264404296875,0.3408203125,-56.0302734375,-82.58056640625,-57.67822265625,-0.755126953125,0.052001953125,0.78515625,-53.16162109375,22.94921875,-27.2216796875,0.6198978194947085,11.962892293409201
2022-06-09 15:29:13.086506496,-1.1953125,0.109130859375,-0.233154296875,36.19384765625,8.60595703125,-2.0751953125,-0.140380859375,0.95361328125,-0.22607421875,22.76611328125,11.474609375,55.7861328125,-0.275390625,1.2265625,0.1630859375,-75.86669921875,-35.82763671875,-89.78271484375,-0.20751953125,-0.386474609375,0.07080078125,1.3427734375,-25.87890625,55.5419921875,-0.25927734375,-1.2490234375,0.3466796875,-52.734375,-72.75390625,-49.6826171875,-0.73974609375,0.05712890625,0.78369140625,-53.64990234375,28.9306640625,-28.6865234375,1.413029424289853,10.880848425782109
2022-06-09 15:29:13.096667648,-1.136474609375,0.110107421875,-0.20703125,32.89794921875,-3.7841796875,1.77001953125,-0.0849609375,0.968994140625,-0.23583984375,19.6533203125,10.31494140625,53.52783203125,-0.26025390625,1.233154296875,0.160400390625,-76.7822265625,-36.31591796875,-91.73583984375,-0.18798828125,-0.201904296875,-0.001953125,7.6904296875,-28.25927734375,83.92333984375,-0.242431640625,-1.2431640625,0.3642578125,-48.88916015625,-61.5234375,-42.41943359375,-0.737548828125,0.0556640625,0.77197265625,-54.6875,35.70556640625,-30.57861328125,2.1267264717361645,9.762601247777955
2022-06-09 15:29:13.106828288,-1.027099609375,0.089111328125,-0.199462890625,28.076171875,-11.962890625,4.8828125,-0.062744140625,0.969970703125,-0.232177734375,15.9912109375,13.916015625,52.30712890625,-0.257080078125,1.235107421875,0.16845703125,-77.2705078125,-35.64453125,-92.8955078125,-0.166015625,-0.12451171875,-0.05078125,12.20703125,-36.2548828125,110.3515625,-0.23046875,-1.23291015625,0.382568359375,-42.724609375,-51.1474609375,-34.97314453125,-0.7392578125,0.046630859375,0.7431640625,-55.96923828125,40.283203125,-32.2265625,2.7526885016848883,8.622166336716994
2022-06-09 15:29:13.116989184,-0.924560546875,0.068359375,-0.185546875,22.52197265625,-7.9345703125,6.89697265625,-0.050537109375,0.95458984375,-0.242431640625,12.51220703125,19.59228515625,50.9033203125,-0.26123046875,1.21435546875,0.182861328125,-78.9794921875,-33.935546875,-93.6279296875,-0.142578125,-0.111328125,-0.045654296875,18.4326171875,-48.4619140625,135.80322265625,-0.197509765625,-1.198486328125,0.397216796875,-33.50830078125,-40.83251953125,-26.42822265625,-0.73681640625,0.026611328125,0.7294921875,-56.82373046875,43.02978515625,-33.8134765625,3.2667788491654637,7.463139216598609
2022-06-09 15:29:13.127150080,-0.86962890625,0.043212890625,-0.159423828125,17.333984375,2.13623046875,8.30078125,-0.051513671875,0.947265625,-0.22607421875,9.09423828125,25.32958984375,48.76708984375,-0.263671875,1.158203125,0.202880859375,-81.9091796875,-31.31103515625,-94.6044921875,-0.098388671875,-0.220458984375,0.0439453125,33.935546875,-67.626953125,179.99267578125,-0.14697265625,-1.1376953125,0.399658203125,-22.216796875,-27.64892578125,-17.39501953125,-0.72314453125,0.009765625,0.6962890625,-57.6171875,45.166015625,-35.400390625,3.6444109527411683,6.280296911192444
2022-06-09 15:29:13.137310720,-0.833740234375,0.0234375,-0.1357421875,13.85498046875,5.92041015625,9.3994140625,-0.095703125,0.92724609375,-0.20654296875,5.7373046875,26.3671875,47.119140625,-0.26806640625,1.07666015625,0.22119140625,-84.77783203125,-28.38134765625,-96.25244140625,-0.0341796875,-0.308349609375,0.11328125,43.212890625,-67.626953125,203.369140625,-0.10107421875,-1.05419921875,0.392822265625,-10.43701171875,-9.82666015625,-8.85009765625,-0.71826171875,-0.00830078125,0.6748046875,-58.41064453125,49.01123046875,-36.68212890625,3.8758403878848497,5.066759724783324
2022-06-09 15:29:13.147471616,-0.76806640625,0.012939453125,-0.12255859375,10.986328125,1.28173828125,10.1318359375,-0.1064453125,0.922607421875,-0.191162109375,3.90625,23.13232421875,46.2646484375,-0.2734375,0.98779296875,0.23486328125,-86.36474609375,-25.5126953125,-98.44970703125,-0.00048828125,-0.359619140625,0.1591796875,53.7109375,-60.05859375,227.05078125,-0.0712890625,-0.966552734375,0.3798828125,0.244140625,12.26806640625,-0.79345703125,-0.721923828125,-0.025634765625,0.656005859375,-58.89892578125,53.22265625,-37.17041015625,3.9660866719860692,3.8206222867626494
2022-06-09 15:29:13.157632256,-0.68310546875,0.006103515625,-0.109375,8.23974609375,-2.13623046875,10.8642578125,-0.08935546875,0.93115234375,-0.1884765625,3.5400390625,20.263671875,45.59326171875,-0.27587890625,0.908447265625,0.245361328125,-86.3037109375,-23.37646484375,-101.07421875,-0.00830078125,-0.42236328125,0.1767578125,62.80517578125,-49.62158203125,249.0234375,-0.071533203125,-0.884033203125,0.35693359375,9.033203125,35.400390625,6.34765625,-0.712646484375,-0.017822265625,0.61962890625,-58.77685546875,54.931640625,-37.9638671875,3.9301356496230753,2.545100992284592
2022-06-09 15:29:13.167793152,-0.620849609375,-0.005859375,-0.094970703125,6.40869140625,1.220703125,11.5966796875,-0.086669921875,0.927978515625,-0.197021484375,3.173828125,19.83642578125,44.73876953125,-0.2705078125,0.84423828125,0.255615234375,-85.44921875,-22.15576171875,-103.94287109375,-0.036865234375,-0.4931640625,0.174560546875,70.12939453125,-38.02490234375,268.6767578125,-0.091064453125,-0.81591796875,0.335693359375,16.17431640625,56.21337890625,12.5732421875,-0.68896484375,-0.010009765625,0.604248046875,-59.326171875,55.908203125,-39.4287109375,3.7865442998962244,1.2436190680890142
2022-06-09 15:29:13.177954304,-0.599365234375,-0.0283203125,-0.074951171875,6.2255859375,6.34765625,11.29150390625,-0.063232421875,0.92529296875,-0.203125,2.5634765625,21.66748046875,43.9453125,-0.26318359375,0.790283203125,0.26513671875,-84.228515625,-21.6064453125,-106.93359375,-0.046875,-0.572998046875,0.1689453125,75.37841796875,-26.7333984375,286.7431640625,-0.11669921875,-0.767578125,0.320068359375,21.91162109375,72.8759765625,17.76123046875,-0.66552734375,-0.006591796875,0.572265625,-59.63134765625,59.38720703125,-40.83251953125,3.5526815578876043,-0.08210934377250823
2022-06-09 15:29:13.188114944,-0.593017578125,-0.0361328125,-0.0732421875,7.14111328125,9.765625,10.25390625,-0.031982421875,0.9326171875,-0.212158203125,2.13623046875,25.0244140625,43.15185546875,-0.25146484375,0.752197265625,0.260009765625,-82.58056640625,-21.66748046875,-109.86328125,-0.033447265625,-0.64990234375,0.156494140625,80.26123046875,-16.9677734375,303.5888671875,-0.1416015625,-0.72998046875,0.30810546875,26.30615234375,85.63232421875,22.0947265625,-0.646240234375,0.003662109375,0.53662109375,-60.302734375,63.8427734375,-41.3818359375,3.2446761543629385,-1.4297291920221298
2022-06-09 15:29:13.198275840,-0.593017578125,-0.0517578125,-0.078857421875,7.01904296875,10.19287109375,8.60595703125,-0.029541015625,0.919677734375,-0.207275390625,1.28173828125,32.5927734375,42.1142578125,-0.241455078125,0.72265625,0.243896484375,-80.322265625,-22.216796875,-112.73193359375,-0.038330078125,-0.71826171875,0.155029296875,84.9609375,-8.30078125,320.49560546875,-0.1689453125,-0.705810546875,0.295166015625,29.11376953125,95.0927734375,25.32958984375,-0.6416015625,-0.002197265625,0.513671875,-61.5234375,69.88525390625,-40.4052734375,2.8795859707488756,-2.795334865359809
2022-06-09 15:29:13.208436480,-0.590576171875,-0.06591796875,-0.077392578125,7.26318359375,10.3759765625,6.7138671875,-0.044921875,0.912353515625,-0.21435546875,1.28173828125,34.66796875,41.8701171875,-0.228515625,0.7060546875,0.221923828125,-77.69775390625,-23.49853515625,-115.41748046875,-0.0546875,-0.821044921875,0.149658203125,88.134765625,-2.8076171875,336.73095703125,-0.19091796875,-0.689453125,0.28515625,30.82275390625,101.13525390625,27.52685546875,-0.64892578125,-0.01708984375,0.492431640625,-62.98828125,74.03564453125,-38.9404296875,2.47440296103186,-4.174655344651043
2022-06-09 15:29:13.218597376,-0.607666015625,-0.072265625,-0.076904296875,7.26318359375,13.7939453125,4.39453125,-0.050537109375,0.917236328125,-0.219482421875,1.3427734375,35.21728515625,41.9921875,-0.218994140625,0.68896484375,0.203125,-74.76806640625,-25.5126953125,-117.67578125,-0.042236328125,-0.91552734375,0.150390625,91.30859375,-2.13623046875,352.84423828125,-0.2138671875,-0.6796875,0.279052734375,31.79931640625,104.248046875,28.80859375,-0.646728515625,-0.027099609375,0.463134765625,-64.5751953125,76.23291015625,-37.41455078125,2.0425621459647108,-5.562634500270136
2022-06-09 15:29:13.228758272,-0.65234375,-0.076171875,-0.080810546875,6.7138671875,17.88330078125,1.220703125,-0.052490234375,0.92431640625,-0.213623046875,1.46484375,35.46142578125,42.66357421875,-0.207763671875,0.67919921875,0.181640625,-71.77734375,-28.076171875,-119.32373046875,-0.042236328125,-0.994873046875,0.1630859375,94.29931640625,-3.60107421875,369.9951171875,-0.23876953125,-0.67333984375,0.273681640625,31.494140625,104.8583984375,28.74755859375,-0.646240234375,-0.02685546875,0.446044921875,-67.0166015625,79.4677734375,-35.46142578125,1.5993309600290058,-6.95312292605605
2022-06-09 15:29:13.238918912,-0.700927734375,-0.077392578125,-0.0908203125,5.79833984375,18.00537109375,-1.953125,-0.033203125,0.93798828125,-0.196533203125,2.01416015625,36.1328125,43.76220703125,-0.19921875,0.667236328125,0.156494140625,-68.54248046875,-30.70068359375,-120.17822265625,-0.028564453125,-1.14501953125,0.164794921875,95.64208984375,-6.591796875,387.20703125,-0.28515625,-0.671875,0.264892578125,28.9306640625,100.03662109375,25.2685546875,-0.654541015625,-0.027587890625,0.43798828125,-70.98388671875,84.04541015625,-34.36279296875,1.1746392439867357,-8.338517848325992
2022-06-09 15:29:13.249080064,-0.740966796875,-0.086181640625,-0.1005859375,4.638671875,15.19775390625,-5.18798828125,-0.0322265625,0.950927734375,-0.16357421875,2.62451171875,36.9873046875,44.98291015625,-0.19677734375,0.656494140625,0.1357421875,-65.0634765625,-33.447265625,-119.93408203125,0.005615234375,-1.370361328125,0.1904296875,94.482421875,-7.080078125,404.1748046875,-0.308837890625,-0.671875,0.27294921875,27.34375,94.6044921875,21.78955078125,-0.658203125,-0.020263671875,0.41455078125,-75.01220703125,86.7919921875,-33.99658203125,0.7858430679896546,-9.70857460522102
2022-06-09 15:29:13.259240704,-0.77392578125,-0.089111328125,-0.099609375,4.33349609375,13.12255859375,-8.1787109375,-0.02783203125,0.965576171875,-0.1416015625,3.173828125,36.7431640625,46.875,-0.196533203125,0.6396484375,0.125,-61.6455078125,-35.888671875,-118.71337890625,0.035400390625,-1.6806640625,0.196044921875,90.88134765625,-5.55419921875,419.12841796875,-0.332275390625,-0.673583984375,0.283935546875,25.634765625,87.21923828125,17.27294921875,-0.64990234375,0.00537109375,0.400634765625,-78.55224609375,87.82958984375,-34.85107421875,0.4341782244461623,-11.05294674526273
2022-06-09 15:29:13.269401600,-0.810302734375,-0.087890625,-0.110595703125,4.2724609375,12.14599609375,-10.68115234375,-0.025390625,0.97412109375,-0.15478515625,4.21142578125,37.7197265625,48.88916015625,-0.196044921875,0.62744140625,0.121826171875,-58.28857421875,-38.0859375,-116.5771484375,0.093505859375,-1.99462890625,0.14794921875,87.5244140625,-11.41357421875,428.8330078125,-0.356689453125,-0.67578125,0.301025390625,23.86474609375,78.2470703125,11.8408203125,-0.62841796875,0.052001953125,0.39892578125,-82.1533203125,90.2099609375,-36.1328125,0.12781523876281575,-12.362850064495749
2022-06-09 15:29:13.279562496,-0.843017578125,-0.083984375,-0.119384765625,4.150390625,10.7421875,-12.939453125,-0.067138671875,0.99609375,-0.18212890625,5.92041015625,39.24560546875,51.6357421875,-0.195556640625,0.622314453125,0.119384765625,-54.931640625,-40.22216796875,-113.46435546875,0.1669921875,-2.264404296875,0.02197265625,82.3974609375,-29.35791015625,433.41064453125,-0.374755859375,-0.68017578125,0.31884765625,21.91162109375,67.87109375,5.37109375,-0.601806640625,0.07568359375,0.398681640625,-86.24267578125,93.26171875,-36.7431640625,-0.12486433208738212,-13.629452791756549
2022-06-09 15:29:13.289723136,-0.8681640625,-0.093017578125,-0.11962890625,2.86865234375,9.33837890625,-14.70947265625,-0.050537109375,1.011474609375,-0.182373046875,7.568359375,39.73388671875,55.11474609375,-0.191162109375,0.62255859375,0.115966796875,-51.69677734375,-42.29736328125,-109.130859375,0.302978515625,-2.5458984375,-0.151123046875,79.40673828125,-55.11474609375,432.18994140625,-0.38720703125,-0.6875,0.33154296875,18.9208984375,56.33544921875,-2.50244140625,-0.58154296875,0.06689453125,0.3896484375,-89.84375,97.412109375,-36.2548828125,-0.31028062003941237,-14.842894280295315
2022-06-09 15:29:13.299884032,-0.88720703125,-0.099609375,-0.106201171875,1.77001953125,7.87353515625,-15.7470703125,-0.036376953125,1.028564453125,-0.158935546875,8.72802734375,41.9921875,60.05859375,-0.184814453125,0.622802734375,0.115966796875,-49.01123046875,-44.12841796875,-103.759765625,0.68896484375,-2.892578125,-0.169921875,87.58544921875,-63.53759765625,422.05810546875,-0.396484375,-0.7021484375,0.343505859375,15.19775390625,44.00634765625,-10.986328125,-0.5703125,0.0576171875,0.38720703125,-92.59033203125,101.806640625,-35.2783203125,-0.41453175106023643,-15.994679081405161
2022-06-09 15:29:13.310044672,-0.9033203125,-0.11474609375,-0.09423828125,0.244140625,5.79833984375,-15.869140625,-0.05810546875,1.0498046875,-0.10986328125,9.82666015625,43.701171875,65.61279296875,-0.1728515625,0.619873046875,0.119384765625,-46.81396484375,-45.10498046875,-97.47314453125,0.836669921875,-3.092041015625,-0.23876953125,106.5673828125,-55.72509765625,398.74267578125,-0.400146484375,-0.714111328125,0.350341796875,11.29150390625,31.25,-19.1650390625,-0.571533203125,0.059814453125,0.38671875,-92.83447265625,106.5673828125,-34.11865234375,-0.4330236700810275,-17.078670775425515
2022-06-09 15:29:13.320205568,-0.917236328125,-0.12109375,-0.0908203125,-0.42724609375,2.25830078125,-15.19775390625,-0.070556640625,1.046142578125,-0.029541015625,10.1318359375,41.1376953125,72.8759765625,-0.158935546875,0.61474609375,0.123046875,-44.7998046875,-44.61669921875,-90.576171875,0.798095703125,-3.015380859375,-0.602294921875,104.67529296875,-77.392578125,366.02783203125,-0.400634765625,-0.721923828125,0.359130859375,7.32421875,18.4326171875,-26.85546875,-0.593017578125,0.046630859375,0.39111328125,-91.85791015625,110.65673828125,-33.3251953125,-0.3675759036257258,-18.089604194730946
2022-06-09 15:29:13.330366720,-0.932373046875,-0.1142578125,-0.096923828125,-0.48828125,-1.953125,-14.46533203125,-0.087646484375,1.00830078125,-0.110595703125,12.63427734375,35.5224609375,81.54296875,-0.149169921875,0.611083984375,0.1259765625,-42.6025390625,-42.48046875,-83.06884765625,1.010498046875,-2.5986328125,-1.17919921875,77.1484375,-114.8681640625,340.14892578125,-0.383544921875,-0.730712890625,0.365478515625,3.47900390625,6.4697265625,-33.75244140625,-0.610595703125,0.02001953125,0.399169921875,-87.82958984375,107.666015625,-31.79931640625,-0.22287300207077898,-19.02184158314907
2022-06-09 15:29:13.340527360,-0.96240234375,-0.103271484375,-0.099853515625,-0.79345703125,-3.35693359375,-14.2822265625,-0.11083984375,1.05859375,-0.1806640625,15.68603515625,32.53173828125,90.33203125,-0.136474609375,0.605224609375,0.136474609375,-40.22216796875,-38.26904296875,-75.0732421875,1.51953125,-1.94091796875,-1.706298828125,50.048828125,-126.3427734375,314.02587890625,-0.36279296875,-0.733642578125,0.365478515625,-0.6103515625,-3.11279296875,-39.36767578125,-0.62109375,-0.031982421875,0.400634765625,-80.4443359375,100.03662109375,-30.1513671875,0.002485455555085281,-19.869360388762328
2022-06-09 15:29:13.350688256,-1.027587890625,-0.08935546875,-0.08984375,-1.40380859375,-0.48828125,-14.892578125,-0.063720703125,1.111083984375,-0.214111328125,17.76123046875,31.79931640625,99.2431640625,-0.134521484375,0.603515625,0.144287109375,-38.0859375,-32.89794921875,-66.95556640625,2.329345703125,-1.5126953125,-1.41455078125,28.6865234375,-81.84814453125,266.9677734375,-0.343994140625,-0.7421875,0.361328125,-5.79833984375,-9.94873046875,-44.00634765625,-0.630126953125,-0.092529296875,0.418212890625,-69.7021484375,93.994140625,-28.9306640625,0.31084485018578434,-20.629391753030227
2022-06-09 15:29:13.360848896,-1.10986328125,-0.07666015625,-0.078369140625,-1.3427734375,0.67138671875,-15.56396484375,-0.02734375,1.177490234375,-0.125732421875,19.95849609375,33.02001953125,108.7646484375,-0.133056640625,0.604248046875,0.147216796875,-36.0107421875,-26.79443359375,-58.59375,3.101318359375,-1.4521484375,-0.75439453125,5.126953125,7.26318359375,199.15771484375,-0.331787109375,-0.784423828125,0.353759765625,-12.8173828125,-15.0146484375,-48.76708984375,-0.639404296875,-0.151611328125,0.449951171875,-60.11962890625,88.92822265625,-28.6865234375,0.7072663828566661,-21.300873643258623
2022-06-09 15:29:13.371009792,-1.17236328125,-0.068115234375,-0.09375,-0.3662109375,-4.94384765625,-15.380859375,-0.000244140625,1.242431640625,-0.0751953125,20.20263671875,32.77587890625,118.10302734375,-0.12646484375,0.60791015625,0.1455078125,-33.3251953125,-19.8974609375,-49.62158203125,3.385498046875,-1.240478515625,-0.626953125,-10.92529296875,52.734375,114.2578125,-0.3310546875,-0.850830078125,0.348876953125,-20.32470703125,-19.04296875,-53.22265625,-0.642333984375,-0.1943359375,0.44287109375,-52.6123046875,84.89990234375,-29.23583984375,1.1969830983430452,-21.878435978813094
2022-06-09 15:29:13.381170688,-1.19140625,-0.068115234375,-0.134033203125,1.220703125,-14.404296875,-13.18359375,-0.021240234375,1.264404296875,-0.1171875,20.1416015625,32.2265625,128.0517578125,-0.114013671875,0.641357421875,0.1337890625,-24.4140625,-1.220703125,-29.35791015625,2.72509765625,-1.073486328125,-0.71826171875,-19.775390625,64.39208984375,20.81298828125,-0.337890625,-0.9306640625,0.351318359375,-26.91650390625,-22.64404296875,-57.2509765625,-0.65283203125,-0.25,0.390869140625,-47.18017578125,84.04541015625,-31.06689453125,1.7735477679291662,-22.292056436881907
2022-06-09 15:29:13.391331328,-1.198486328125,-0.08544921875,-0.157470703125,2.5634765625,-21.1181640625,-10.1318359375,-0.037109375,1.271484375,-0.1552734375,21.42333984375,32.1044921875,138.12255859375,-0.118896484375,0.67919921875,0.134765625,-18.37158203125,9.70458984375,-17.822265625,2.06884765625,-1.13818359375,-0.68310546875,-31.3720703125,41.50390625,-84.41162109375,-0.352294921875,-1.006103515625,0.35888671875,-31.8603515625,-25.81787109375,-60.791015625,-0.651611328125,-0.2880859375,0.368896484375,-43.3349609375,80.38330078125,-34.7900390625,2.4224815903762966,-22.521611388920576
2022-06-09 15:29:13.401492480,-1.216796875,-0.128173828125,-0.143798828125,1.708984375,-21.54541015625,-7.568359375,-0.043212890625,1.26806640625,-0.209228515625,23.13232421875,34.0576171875,148.681640625,-0.13232421875,0.729248046875,0.135009765625,-11.71875,20.44677734375,-6.04248046875,1.0087890625,-1.654296875,-0.348388671875,-42.48046875,-4.0283203125,-170.22705078125,-0.37548828125,-1.079833984375,0.373779296875,-35.46142578125,-29.1748046875,-64.02587890625,-0.615234375,-0.2724609375,0.373291015625,-40.46630859375,71.96044921875,-39.306640625,3.128335951971806,-22.609899821173023
2022-06-09 15:29:13.411653120,-1.24853515625,-0.148681640625,-0.123291015625,1.03759765625,-19.4091796875,-6.77490234375,-0.0751953125,1.304443359375,-0.2265625,25.7568359375,38.63525390625,159.1796875,-0.156005859375,0.77880859375,0.14208984375,-4.7607421875,29.60205078125,5.9814453125,-1.9130859375,-1.51708984375,0.529052734375,-37.4755859375,-59.75341796875,-189.0869140625,-0.40185546875,-1.160888671875,0.39208984375,-37.90283203125,-33.69140625,-67.07763671875,-0.562744140625,-0.216552734375,0.380615234375,-38.2080078125,65.61279296875,-43.3349609375,3.87846984231736,-22.55227863209275
2022-06-09 15:29:13.421814016,-1.280517578125,-0.11181640625,-0.1552734375,1.708984375,-21.240234375,-8.6669921875,-0.1318359375,1.39306640625,-0.2275390625,28.99169921875,42.1142578125,168.9453125,-0.172607421875,0.822998046875,0.1474609375,1.708984375,37.109375,17.822265625,-3.57666015625,-1.181396484375,0.968505859375,-24.84130859375,-73.8525390625,-121.58203125,-0.42333984375,-1.23388671875,0.399658203125,-38.0859375,-38.87939453125,-69.4580078125,-0.545654296875,-0.14404296875,0.38427734375,-36.80419921875,65.12451171875,-45.8984375,4.655767815238972,-22.349006606903146
2022-06-09 15:29:13.431975680,-1.3037109375,-0.038330078125,-0.21630859375,4.150390625,-24.7802734375,-11.8408203125,-0.1904296875,1.483154296875,-0.248291015625,31.06689453125,45.7763671875,179.5654296875,-0.186767578125,0.85888671875,0.15869140625,7.38525390625,42.96875,29.296875,-0.929931640625,-0.701904296875,0.464599609375,-34.5458984375,-58.41064453125,-93.6279296875,-0.43359375,-1.27978515625,0.393310546875,-34.97314453125,-43.9453125,-70.37353515625,-0.57763671875,-0.066162109375,0.383544921875,-36.07177734375,64.94140625,-47.05810546875,5.431132167558422,-22.00620245062609
2022-06-09 15:29:13.442137344,-1.3154296875,0.0166015625,-0.27001953125,6.4697265625,-26.85546875,-13.48876953125,-0.294921875,1.58642578125,-0.3125,35.400390625,51.26953125,189.697265625,-0.1962890625,0.875244140625,0.1640625,11.962890625,47.607421875,40.283203125,0.255859375,-1.699462890625,0.424560546875,-67.2607421875,-92.7734375,-161.9873046875,-0.441650390625,-1.301513671875,0.379638671875,-31.25,-47.54638671875,-69.88525390625,-0.6298828125,0.003173828125,0.40185546875,-34.66796875,61.1572265625,-46.32568359375,6.1784932699615265,-21.533465698739185
2022-06-09 15:29:13.452298752,-1.30419921875,0.041259765625,-0.3056640625,8.1787109375,-27.099609375,-12.39013671875,-0.413330078125,1.760986328125,-0.372802734375,41.259765625,58.7158203125,200.25634765625,-0.192138671875,0.873779296875,0.166748046875,16.7236328125,52.1240234375,50.537109375,0.370849609375,-2.207275390625,0.032470703125,-75.50048828125,-93.994140625,-194.39697265625,-0.4443359375,-1.341064453125,0.361083984375,-29.96826171875,-49.1943359375,-68.54248046875,-0.669921875,0.038818359375,0.4052734375,-32.77587890625,54.19921875,-42.96875,6.893715329865863,-20.939837206415213
2022-06-09 15:29:13.462460160,-1.305908203125,0.06982421875,-0.3212890625,9.8876953125,-22.88818359375,-9.765625,-0.54931640625,1.966552734375,-0.423095703125,48.095703125,69.091796875,208.31298828125,-0.19091796875,0.88427734375,0.168212890625,24.71923828125,57.12890625,61.58447265625,0.477294921875,-1.955322265625,0.13330078125,-80.078125,-55.96923828125,-185.4248046875,-0.4462890625,-1.40283203125,0.3427734375,-29.4189453125,-49.8046875,-66.10107421875,-0.680908203125,0.062744140625,0.413330078125,-29.60205078125,48.27880859375,-38.02490234375,7.578329876849008,-20.217506546706424
2022-06-09 15:29:13.472621824,-1.317138671875,0.073974609375,-0.340576171875,6.77490234375,-18.1884765625,-6.9580078125,-0.682373046875,2.13818359375,-0.50537109375,56.94580078125,77.2705078125,212.5244140625,-0.203857421875,0.9326171875,0.162841796875,36.31591796875,61.95068359375,73.79150390625,0.411376953125,-1.7001953125,0.222900390625,-87.5244140625,-30.029296875,-186.03515625,-0.4521484375,-1.464111328125,0.33935546875,-27.9541015625,-50.47607421875,-62.255859375,-0.6748046875,0.1005859375,0.39111328125,-21.484375,51.69677734375,-26.7333984375,8.230043368595766,-19.34138519534716
2022-06-09 15:29:13.482783488,-1.250244140625,0.0458984375,-0.35302734375,-1.89208984375,-27.03857421875,-3.662109375,-0.76953125,2.2490234375,-0.431640625,66.2841796875,87.70751953125,212.21923828125,-0.220703125,1.0087890625,0.16455078125,48.9501953125,65.73486328125,86.181640625,0.41748046875,-1.05224609375,-0.49609375,-88.0126953125,-28.9306640625,-170.47119140625,-0.45703125,-1.516845703125,0.364501953125,-24.90234375,-51.81884765625,-57.0068359375,-0.692138671875,0.10205078125,0.38720703125,-17.9443359375,56.15234375,-23.13232421875,8.83648913336419,-18.29450198587669
2022-06-09 15:29:13.492945152,-1.0810546875,0.046142578125,-0.306640625,-9.3994140625,-45.166015625,-1.28173828125,-0.59765625,2.17919921875,-0.24755859375,70.73974609375,107.36083984375,203.43017578125,-0.250244140625,1.10546875,0.185302734375,61.4013671875,67.7490234375,97.83935546875,0.580322265625,-0.962646484375,-0.818359375,-96.3134765625,-29.296875,-146.484375,-0.4501953125,-1.534912109375,0.400146484375,-18.4326171875,-54.6875,-50.35400390625,-0.710693359375,0.0947265625,0.371337890625,-15.19775390625,58.837890625,-22.216796875,9.36971079664579,-17.07851163636287
2022-06-09 15:29:13.503106560,-0.939697265625,0.05419921875,-0.2734375,-11.962890625,-42.29736328125,-2.62451171875,0.015380859375,2.090576171875,-0.099365234375,62.1337890625,142.15087890625,200.13427734375,-0.284912109375,1.205810546875,0.2275390625,72.998046875,66.95556640625,108.3984375,0.203857421875,-1.158447265625,-0.336669921875,-85.26611328125,-23.37646484375,-137.02392578125,-0.431884765625,-1.463134765625,0.422607421875,-6.34765625,-57.43408203125,-41.56494140625,-0.71337890625,0.078369140625,0.348388671875,-13.5498046875,59.63134765625,-24.0478515625,9.784636042933188,-15.705823743798256
2022-06-09 15:29:13.513268224,-0.926513671875,0.100830078125,-0.29150390625,-10.43701171875,-15.869140625,-5.67626953125,0.166259765625,2.08544921875,-0.20458984375,43.0908203125,166.6259765625,205.38330078125,-0.322509765625,1.28564453125,0.274658203125,81.298828125,62.744140625,115.966796875,0.44287109375,-1.099853515625,-0.3740234375,-53.7109375,14.7705078125,-115.78369140625,-0.402099609375,-1.3076171875,0.41796875,8.11767578125,-56.82373046875,-30.70068359375,-0.702880859375,0.052978515625,0.3349609375,-12.75634765625,59.08203125,-28.25927734375,10.037050488312644,-14.206395421414694
2022-06-09 15:29:13.523429888,-0.966796875,0.166259765625,-0.314697265625,-11.65771484375,-0.1220703125,-8.36181640625,-0.73046875,1.62109375,-0.371337890625,24.4140625,114.1357421875,185.546875,-0.335205078125,1.307861328125,0.3310546875,84.5947265625,56.09130859375,120.30029296875,0.18212890625,-1.146728515625,-0.29296875,-43.9453125,35.64453125,-110.77880859375,-0.364990234375,-1.148193359375,0.393310546875,17.822265625,-52.42919921875,-19.59228515625,-0.6796875,0.02978515625,0.316650390625,-12.5732421875,57.67822265625,-34.72900390625,10.126141236943358,-12.630174567509968
2022-06-09 15:29:13.533591552,-0.940673828125,0.197998046875,-0.3291015625,-16.4794921875,-5.92041015625,-9.82666015625,-0.623779296875,1.326171875,-0.2568359375,21.17919921875,88.2568359375,166.748046875,-0.340087890625,1.260498046875,0.37158203125,84.8388671875,48.52294921875,122.6806640625,0.27001953125,-1.247314453125,-0.03076171875,-36.1328125,41.8701171875,-98.44970703125,-0.3359375,-1.053955078125,0.347412109375,20.44677734375,-44.98291015625,-8.36181640625,-0.65576171875,-0.002197265625,0.298095703125,-13.427734375,53.89404296875,-41.68701171875,10.092274199957755,-11.021525933002918
2022-06-09 15:29:13.543753216,-0.8603515625,0.2158203125,-0.343017578125,-22.0947265625,-12.75634765625,-9.82666015625,-0.19140625,0.8984375,-0.590576171875,26.91650390625,44.25048828125,162.04833984375,-0.3505859375,1.1904296875,0.3935546875,85.9375,40.6494140625,123.47412109375,0.118408203125,-1.223876953125,0.040283203125,-31.79931640625,33.447265625,-83.31298828125,-0.313232421875,-1.028564453125,0.30078125,19.1650390625,-36.80419921875,2.9296875,-0.641845703125,-0.032958984375,0.286865234375,-13.427734375,52.1240234375,-48.03466796875,9.97425034574879,-9.401944481321038
2022-06-09 15:29:13.553914624,-0.805419921875,0.193359375,-0.360107421875,-29.052734375,-3.662109375,-8.85009765625,0.01171875,0.770263671875,-0.496337890625,33.99658203125,31.55517578125,141.29638671875,-0.36572265625,1.14990234375,0.416015625,90.02685546875,31.06689453125,122.1923828125,0.005859375,-1.188720703125,0.001953125,-32.958984375,23.49853515625,-66.0400390625,-0.29931640625,-1.05712890625,0.258544921875,18.1884765625,-29.72412109375,13.671875,-0.6552734375,-0.043212890625,0.280029296875,-13.3056640625,53.64990234375,-53.16162109375,9.78722117595532,-7.777477648111283
2022-06-09 15:29:13.564076288,-0.841796875,0.12548828125,-0.365478515625,-35.94970703125,18.73779296875,-7.62939453125,0.123779296875,0.664794921875,-0.44873046875,27.89306640625,45.59326171875,110.4736328125,-0.378173828125,1.14453125,0.436767578125,95.458984375,18.12744140625,118.46923828125,-0.029296875,-1.126220703125,-0.0654296875,-31.494140625,20.6298828125,-58.16650390625,-0.295654296875,-1.10009765625,0.227783203125,19.47021484375,-25.08544921875,23.3154296875,-0.685546875,-0.05517578125,0.270751953125,-13.7939453125,55.11474609375,-56.884765625,9.528104247062,-6.15678048320056
2022-06-09 15:29:13.574237696,-0.962646484375,0.05859375,-0.355712890625,-40.22216796875,34.36279296875,-6.89697265625,-0.239013671875,0.660888671875,-0.209716796875,29.35791015625,29.23583984375,81.298828125,-0.383056640625,1.161376953125,0.457763671875,99.67041015625,1.28173828125,112.60986328125,-0.001953125,-1.08203125,-0.068603515625,-26.55029296875,24.59716796875,-53.22265625,-0.29248046875,-1.130126953125,0.213623046875,22.5830078125,-22.94921875,31.79931640625,-0.718505859375,-0.0390625,0.26220703125,-13.427734375,56.45751953125,-59.50927734375,9.189925002102335,-4.56011905061769
2022-06-09 15:29:13.584399360,-1.077392578125,-0.016357421875,-0.3564453125,-45.7763671875,35.2783203125,-6.7138671875,-0.616943359375,0.548583984375,-0.064208984375,28.4423828125,3.35693359375,48.583984375,-0.372314453125,1.1884765625,0.468505859375,101.6845703125,-19.04296875,105.40771484375,-0.04296875,-1.088134765625,-0.033935546875,-22.8271484375,23.193359375,-47.18017578125,-0.302734375,-1.1435546875,0.2236328125,25.87890625,-21.42333984375,38.87939453125,-0.75439453125,0.007080078125,0.24072265625,-13.97705078125,59.2041015625,-60.36376953125,8.773767409450535,-3.012248021585478
2022-06-09 15:29:13.594561024,-1.151611328125,-0.085693359375,-0.334716796875,-48.88916015625,25.57373046875,-7.4462890625,-0.585205078125,0.414306640625,0.072998046875,27.16064453125,-28.80859375,10.31494140625,-0.338623046875,1.223876953125,0.46240234375,102.47802734375,-40.34423828125,97.10693359375,-0.109375,-1.115234375,-0.052490234375,-19.59228515625,15.80810546875,-41.9921875,-0.318115234375,-1.153564453125,0.234130859375,27.9541015625,-20.263671875,43.3349609375,-0.7998046875,0.0703125,0.22119140625,-14.95361328125,63.29345703125,-58.7158203125,8.29712870634084,-1.533171563984677
2022-06-09 15:29:13.604722432,-1.16943359375,-0.133544921875,-0.32421875,-48.27880859375,16.05224609375,-8.1787109375,-0.416015625,0.28955078125,0.117431640625,25.0244140625,-47.36328125,-26.67236328125,-0.2861328125,1.27001953125,0.444091796875,102.35595703125,-59.14306640625,87.646484375,-0.130859375,-1.09765625,-0.142822265625,-15.80810546875,10.1318359375,-39.36767578125,-0.341796875,-1.173828125,0.23974609375,28.6865234375,-20.69091796875,44.73876953125,-0.84033203125,0.14697265625,0.197265625,-15.9912109375,67.138671875,-54.74853515625,7.78967582133793,-0.13854107641230584
2022-06-09 15:29:13.614884096,-1.1533203125,-0.16162109375,-0.336669921875,-45.8984375,13.7939453125,-8.11767578125,-0.308837890625,0.134765625,0.086669921875,18.61572265625,-52.3681640625,-53.16162109375,-0.23779296875,1.313720703125,0.416015625,100.64697265625,-72.57080078125,77.880859375,-0.063720703125,-1.068603515625,-0.182861328125,-11.1083984375,12.26806640625,-38.51318359375,-0.375,-1.196044921875,0.2490234375,29.1748046875,-22.76611328125,44.37255859375,-0.8779296875,0.21923828125,0.177001953125,-17.578125,69.64111328125,-49.072265625,7.274989291249888,1.1586845409104036
2022-06-09 15:29:13.625045760,-1.118896484375,-0.1669921875,-0.327392578125,-41.259765625,14.6484375,-6.8359375,-0.248046875,0.069091796875,0.030517578125,12.939453125,-57.06787109375,-76.416015625,-0.205078125,1.333740234375,0.376220703125,96.86279296875,-79.7119140625,69.15283203125,-0.03564453125,-1.047119140625,-0.14990234375,-7.14111328125,17.822265625,-37.59765625,-0.404541015625,-1.216796875,0.255859375,30.70068359375,-26.2451171875,43.27392578125,-0.908203125,0.252197265625,0.15478515625,-21.17919921875,68.9697265625,-43.0908203125,6.7597541909696695,2.352269664120147
2022-06-09 15:29:13.635207424,-1.077880859375,-0.15673828125,-0.291015625,-34.85107421875,12.63427734375,-4.94384765625,-0.247802734375,0.064208984375,-0.037353515625,8.6669921875,-65.24658203125,-100.830078125,-0.189697265625,1.3203125,0.33544921875,91.00341796875,-81.60400390625,61.6455078125,-0.002197265625,-1.050537109375,-0.108154296875,-5.55419921875,24.23095703125,-36.2548828125,-0.428466796875,-1.21875,0.263916015625,33.38623046875,-30.70068359375,41.68701171875,-0.921875,0.248779296875,0.139404296875,-26.123046875,65.24658203125,-37.7197265625,6.240700374992933,3.4414624930134146
2022-06-09 15:29:13.645369088,-1.0283203125,-0.138671875,-0.255859375,-28.564453125,8.23974609375,-3.90625,-0.250732421875,0.07763671875,-0.053955078125,5.7373046875,-75.439453125,-125.6103515625,-0.180419921875,1.27783203125,0.304443359375,83.67919921875,-79.58984375,55.0537109375,-0.02880859375,-1.052978515625,-0.067626953125,-5.37109375,31.31103515625,-34.66796875,-0.445556640625,-1.192626953125,0.271484375,37.841796875,-35.58349609375,40.46630859375,-0.930908203125,0.216552734375,0.135986328125,-32.71484375,61.21826171875,-33.63037109375,5.70754525669355,4.426608693950641
2022-06-09 15:29:13.655530496,-0.95458984375,-0.113525390625,-0.239501953125,-24.84130859375,6.103515625,-2.86865234375,-0.212890625,0.130859375,-0.021728515625,1.40380859375,-84.5947265625,-148.8037109375,-0.169921875,1.21337890625,0.291748046875,75.8056640625,-73.54736328125,48.583984375,-0.06005859375,-1.048828125,-0.068115234375,-5.06591796875,35.33935546875,-33.5693359375,-0.448486328125,-1.13720703125,0.275390625,43.02978515625,-40.8935546875,40.0390625,-0.943603515625,0.1669921875,0.141357421875,-38.9404296875,58.10546875,-30.3955078125,5.1465107835058035,5.3072142807246365
2022-06-09 15:29:13.665692160,-0.882568359375,-0.10595703125,-0.205322265625,-24.5361328125,7.01904296875,-1.953125,-0.164794921875,0.206787109375,0.035400390625,-6.103515625,-89.90478515625,-171.0205078125,-0.152587890625,1.13720703125,0.289794921875,67.2607421875,-62.68310546875,42.05322265625,-0.088623046875,-1.042724609375,-0.07421875,-3.35693359375,35.888671875,-32.77587890625,-0.428955078125,-1.057861328125,0.271240234375,47.7294921875,-45.41015625,40.58837890625,-0.960693359375,0.14794921875,0.124755859375,-41.56494140625,58.9599609375,-27.89306640625,4.5494740349999425,6.0804994126162235
2022-06-09 15:29:13.675853824,-0.828369140625,-0.084228515625,-0.156494140625,-23.74267578125,8.4228515625,-1.89208984375,-0.1416015625,0.269287109375,0.0771484375,-15.625,-91.97998046875,-193.115234375,-0.130615234375,1.049072265625,0.290771484375,57.31201171875,-46.7529296875,35.46142578125,-0.0927734375,-1.031005859375,-0.101318359375,-1.8310546875,34.3017578125,-31.79931640625,-0.395263671875,-0.9775390625,0.259765625,50.72021484375,-47.91259765625,42.17529296875,-1.0029296875,0.133056640625,0.07470703125,-45.22705078125,63.96484375,-26.18408203125,3.916161848910317,6.740556617634255
2022-06-09 15:29:13.686015488,-0.7685546875,-0.06689453125,-0.129638671875,-23.681640625,6.7138671875,-2.197265625,-0.14404296875,0.342529296875,0.089599609375,-23.98681640625,-91.24755859375,-214.84375,-0.112548828125,0.9521484375,0.29052734375,46.44775390625,-26.85546875,29.052734375,-0.07763671875,-1.03173828125,-0.11181640625,-0.6103515625,32.65380859375,-30.94482421875,-0.355224609375,-0.908447265625,0.24658203125,52.001953125,-46.9970703125,44.86083984375,-1.079345703125,0.1171875,0.03271484375,-49.4384765625,68.84765625,-24.90234375,3.250350221135964,7.28182182149251
2022-06-09 15:29:13.696176896,-0.708251953125,-0.05419921875,-0.11572265625,-23.3154296875,5.67626953125,-2.25830078125,-0.121826171875,0.433837890625,0.082763671875,-32.04345703125,-86.48681640625,-235.83984375,-0.104248046875,0.861083984375,0.289794921875,36.376953125,-6.4697265625,22.8271484375,-0.05517578125,-1.0390625,-0.09130859375,0.30517578125,32.5927734375,-30.517578125,-0.321533203125,-0.8515625,0.231201171875,52.06298828125,-42.90771484375,48.828125,-1.178955078125,0.11376953125,0.010009765625,-51.513671875,68.9697265625,-23.49853515625,2.553366052103284,7.705392793227233
2022-06-09 15:29:13.706338304,-0.66357421875,-0.0322265625,-0.100830078125,-21.91162109375,8.11767578125,-2.50244140625,-0.101806640625,0.4970703125,0.063232421875,-40.58837890625,-76.0498046875,-255.37109375,-0.107177734375,0.78857421875,0.28857421875,28.6865234375,10.80322265625,17.2119140625,-0.03955078125,-1.0361328125,-0.089599609375,1.0986328125,33.447265625,-30.8837890625,-0.30078125,-0.8037109375,0.2177734375,51.513671875,-37.41455078125,53.64990234375,-1.257080078125,0.111572265625,0.008056640625,-52.001953125,62.31689453125,-21.97265625,1.8237100203039933,8.022512564210473
2022-06-09 15:29:13.716499968,-0.651611328125,-0.013916015625,-0.089111328125,-21.240234375,11.71875,-2.8076171875,-0.107666015625,0.574951171875,0.038818359375,-48.27880859375,-63.720703125,-272.4609375,-0.107421875,0.739013671875,0.29052734375,23.13232421875,23.74267578125,12.20703125,-0.043212890625,-1.029052734375,-0.098876953125,2.0751953125,34.85107421875,-31.55517578125,-0.279541015625,-0.767822265625,0.206298828125,49.98779296875,-32.53173828125,59.02099609375,-1.290283203125,0.093017578125,-0.005126953125,-52.42919921875,53.466796875,-20.20263671875,1.0618201998635826,8.249558947382589
2022-06-09 15:29:13.726661632,-0.656494140625,0.0068359375,-0.08837890625,-20.81298828125,13.73291015625,-3.5400390625,-0.115478515625,0.66845703125,-0.013427734375,-54.74853515625,-55.23681640625,-288.87939453125,-0.107177734375,0.70556640625,0.2900390625,18.6767578125,33.447265625,7.8125,-0.0498046875,-1.025390625,-0.098388671875,2.50244140625,36.7431640625,-32.40966796875,-0.263671875,-0.745361328125,0.19482421875,47.607421875,-28.62548828125,64.51416015625,-1.2919921875,0.07275390625,-0.01123046875,-52.8564453125,45.95947265625,-17.39501953125,0.2717217315186904,8.399609659938864
2022-06-09 15:29:13.736823296,-0.673828125,0.029052734375,-0.100341796875,-20.3857421875,12.14599609375,-4.82177734375,-0.083740234375,0.7568359375,-0.0576171875,-60.791015625,-47.05810546875,-306.94580078125,-0.104736328125,0.685791015625,0.2900390625,14.34326171875,40.10009765625,4.39453125,-0.072509765625,-1.025390625,-0.097412109375,2.8076171875,38.02490234375,-33.38623046875,-0.250244140625,-0.735107421875,0.18798828125,44.677734375,-24.96337890625,69.7021484375,-1.27783203125,0.069091796875,0.010009765625,-53.52783203125,40.8935546875,-13.427734375,-0.5409571013418777,8.482233133249022
2022-06-09 15:29:13.746984960,-0.6875,0.05126953125,-0.11572265625,-19.83642578125,8.544921875,-5.615234375,-0.015625,0.84814453125,-0.118896484375,-65.5517578125,-33.69140625,-325.8056640625,-0.105712890625,0.676025390625,0.28515625,10.31494140625,45.0439453125,2.38037109375,-0.072509765625,-1.021484375,-0.098388671875,3.35693359375,36.68212890625,-35.15625,-0.253662109375,-0.734619140625,0.171875,39.55078125,-17.333984375,78.369140625,-1.23291015625,0.0654296875,0.0166015625,-55.48095703125,39.1845703125,-9.8876953125,-1.3786360852787016,8.508512214428066
2022-06-09 15:29:13.757146368,-0.697265625,0.05908203125,-0.1376953125,-20.08056640625,7.568359375,-5.2490234375,0.044921875,0.93994140625,-0.180908203125,-66.7724609375,-12.0849609375,-344.05517578125,-0.107177734375,0.666748046875,0.271728515625,6.591796875,50.4150390625,1.40380859375,-0.07568359375,-1.021240234375,-0.082763671875,3.23486328125,35.888671875,-37.29248046875,-0.2685546875,-0.73779296875,0.160400390625,37.29248046875,-13.97705078125,81.60400390625,-1.205322265625,0.1083984375,0.013671875,-54.19921875,45.10498046875,-7.4462890625,-2.236277002703721,8.490322247516517
2022-06-09 15:29:13.767308032,-0.721923828125,0.065185546875,-0.145751953125,-20.1416015625,10.009765625,-4.2724609375,0.12744140625,1.044189453125,-0.228759765625,-64.208984375,18.5546875,-360.4736328125,-0.10986328125,0.665283203125,0.25830078125,3.84521484375,56.45751953125,1.5869140625,-0.08447265625,-1.03759765625,-0.068115234375,2.685546875,35.64453125,-39.9169921875,-0.286376953125,-0.74560546875,0.149658203125,34.97314453125,-11.962890625,83.55712890625,-1.265625,0.141357421875,0.10888671875,-51.513671875,49.6826171875,-5.18798828125,-3.0985980093454764,8.440275297667636
2022-06-09 15:29:13.777469696,-0.7607421875,0.07275390625,-0.146240234375,-21.240234375,12.02392578125,-3.173828125,0.234375,1.21044921875,-0.24072265625,-56.94580078125,52.490234375,-372.4365234375,-0.11962890625,0.6689453125,0.247802734375,1.5869140625,63.232421875,2.99072265625,-0.099853515625,-1.053955078125,-0.075439453125,2.13623046875,34.5458984375,-42.66357421875,-0.29443359375,-0.752197265625,0.138916015625,32.53173828125,-11.77978515625,84.16748046875,-1.37890625,0.122802734375,0.309326171875,-42.05322265625,47.7294921875,-0.79345703125,-3.955422305640365,8.372380670475906
2022-06-09 15:29:13.787631360,-0.7978515625,0.077392578125,-0.152587890625,-23.681640625,11.71875,-2.0751953125,0.32470703125,1.391845703125,-0.2451171875,-46.0205078125,82.1533203125,-382.26318359375,-0.133544921875,0.6787109375,0.239990234375,-0.244140625,70.25146484375,5.4931640625,-0.098876953125,-1.06298828125,-0.06396484375,1.3427734375,33.203125,-46.56982421875,-0.30126953125,-0.763427734375,0.128662109375,30.1513671875,-13.18359375,83.43505859375,-1.525146484375,0.00439453125,0.456298828125,-30.21240234375,47.119140625,8.72802734375,-4.796591565856984,8.299042114158475
2022-06-09 15:29:13.797793024,-0.8359375,0.077880859375,-0.154052734375,-26.55029296875,9.70458984375,-1.15966796875,0.456787109375,1.60693359375,-0.277587890625,-31.982421875,111.2060546875,-387.0849609375,-0.17919921875,0.707275390625,0.26123046875,-2.5634765625,83.06884765625,11.77978515625,-0.08984375,-1.07177734375,-0.04736328125,0.67138671875,33.447265625,-51.45263671875,-0.308837890625,-0.771240234375,0.121337890625,27.83203125,-15.56396484375,81.60400390625,-1.580810546875,-0.0947265625,0.341064453125,-21.728515625,41.259765625,19.34814453125,-5.613465581363963,8.2414524819314
2022-06-09 15:29:13.807954432,-0.864501953125,0.08251953125,-0.156982421875,-29.1748046875,7.87353515625,-0.42724609375,0.69091796875,1.833740234375,-0.371337890625,-19.59228515625,143.310546875,-386.65771484375,-0.203857421875,0.725830078125,0.273193359375,-3.60107421875,88.31787109375,15.56396484375,-0.084228515625,-1.082275390625,-0.03759765625,0.06103515625,34.66796875,-56.45751953125,-0.314208984375,-0.773193359375,0.116943359375,25.45166015625,-19.04296875,78.55224609375,-1.447998046875,-0.27001953125,0.1220703125,-26.06201171875,24.0478515625,28.01513671875,-6.397353549283894,8.207182182508095
2022-06-09 15:29:13.818115840,-0.88720703125,0.085205078125,-0.15234375,-31.79931640625,7.9345703125,0.244140625,0.955810546875,2.00439453125,-0.493896484375,-9.94873046875,165.95458984375,-381.4697265625,-0.232177734375,0.740234375,0.292236328125,-4.94384765625,93.017578125,19.287109375,-0.0986328125,-1.081298828125,-0.010986328125,-0.79345703125,35.94970703125,-61.70654296875,-0.3203125,-0.771728515625,0.114990234375,23.25439453125,-23.681640625,74.52392578125,-1.20166015625,-0.188232421875,0.146728515625,-26.0009765625,8.056640625,30.09033203125,-7.140333117841578,8.187502210046684
2022-06-09 15:29:13.828277504,-0.91943359375,0.080078125,-0.138427734375,-33.935546875,6.2255859375,0.6103515625,1.114501953125,1.977783203125,-0.5732421875,-1.52587890625,183.837890625,-373.046875,-0.258544921875,0.752197265625,0.317626953125,-6.7138671875,96.37451171875,22.64404296875,-0.1064453125,-1.086181640625,0.0126953125,-2.8076171875,35.7666015625,-67.626953125,-0.326416015625,-0.76513671875,0.115966796875,20.8740234375,-29.1748046875,69.9462890625,-0.94873046875,0.02490234375,0.328369140625,-34.7900390625,10.498046875,21.97265625,-7.836504986947641,8.178903293128897
2022-06-09 15:29:13.838439168,-0.9423828125,0.078125,-0.139892578125,-35.0341796875,0.30517578125,0.9765625,1.228515625,1.828857421875,-0.563232421875,6.40869140625,206.97021484375,-361.9384765625,-0.28466796875,0.76220703125,0.337890625,-8.60595703125,98.14453125,25.5126953125,-0.113037109375,-1.094970703125,0.0361328125,-5.4931640625,34.423828125,-74.0966796875,-0.326171875,-0.75732421875,0.117919921875,18.61572265625,-35.09521484375,64.5751953125,-0.80078125,0.249755859375,0.474609375,-48.03466796875,28.86962890625,6.53076171875,-8.480418639298431,8.176614112545327
2022-06-09 15:29:13.848600832,-0.952392578125,0.084228515625,-0.143798828125,-35.0341796875,-5.55419921875,1.40380859375,1.447021484375,1.874267578125,-0.41357421875,17.51708984375,228.45458984375,-340.51513671875,-0.301025390625,0.769287109375,0.35205078125,-10.6201171875,98.20556640625,27.7099609375,-0.107421875,-1.117431640625,0.069580078125,-7.9345703125,31.31103515625,-81.0546875,-0.323974609375,-0.7470703125,0.12158203125,16.29638671875,-40.771484375,58.4716796875,-0.834228515625,0.432861328125,0.647705078125,-60.9130859375,52.18505859375,-7.8125,-9.066372121024898,8.175454857946654
2022-06-09 15:29:13.858762240,-0.963623046875,0.092529296875,-0.13671875,-34.72900390625,-7.62939453125,1.5869140625,1.83642578125,1.92138671875,0.1123046875,32.53173828125,247.314453125,-271.97265625,-0.29931640625,0.76708984375,0.3583984375,-12.87841796875,97.0458984375,28.99169921875,-0.10498046875,-1.141845703125,0.072265625,-9.27734375,26.85546875,-88.134765625,-0.318359375,-0.73974609375,0.12158203125,13.671875,-45.5322265625,51.8798828125,-1.074462890625,0.3525390625,0.7255859375,-72.69287109375,65.36865234375,-12.3291015625,-9.588342599928838,8.168169748372357
2022-06-09 15:29:13.868923904,-0.97705078125,0.097412109375,-0.134521484375,-34.3017578125,-9.33837890625,1.15966796875,1.947998046875,1.75439453125,0.464111328125,26.67236328125,240.78369140625,-225.5859375,-0.2919921875,0.765380859375,0.35400390625,-14.83154296875,96.00830078125,29.6630859375,-0.123046875,-1.212890625,0.149658203125,-10.7421875,21.8505859375,-95.458984375,-0.3125,-0.735595703125,0.123291015625,10.3759765625,-49.01123046875,44.677734375,-1.270263671875,0.277099609375,0.794189453125,-74.462890625,46.142578125,-11.04736328125,-10.038603283821896,8.14887733641564
2022-06-09 15:29:13.879085568,-0.975830078125,0.09326171875,-0.141357421875,-34.66796875,-13.48876953125,-0.1220703125,1.95947265625,1.674072265625,0.787841796875,11.77978515625,220.703125,-171.875,-0.281982421875,0.76953125,0.332763671875,-16.11328125,96.37451171875,29.11376953125,-0.090087890625,-1.2392578125,0.130615234375,-10.43701171875,15.0146484375,-103.759765625,-0.3076171875,-0.74267578125,0.124267578125,6.8359375,-51.1474609375,37.04833984375,-1.24755859375,0.149169921875,0.760498046875,-80.56640625,11.8408203125,-7.4462890625,-10.409681884457616,8.112685940480382
2022-06-09 15:29:13.889247232,-0.965576171875,0.089111328125,-0.14453125,-35.7666015625,-17.4560546875,-2.197265625,1.744384765625,1.60986328125,0.71826171875,-4.57763671875,179.50439453125,-115.966796875,-0.27490234375,0.771728515625,0.3056640625,-17.27294921875,97.7783203125,27.2216796875,-0.08544921875,-1.26123046875,0.10107421875,-12.939453125,10.009765625,-113.4033203125,-0.30322265625,-0.7548828125,0.124755859375,3.23486328125,-51.57470703125,29.23583984375,-1.11865234375,0.002197265625,0.664794921875,-87.40234375,-1.8310546875,2.50244140625,-10.697614285713156,8.051123685441237
2022-06-09 15:29:13.899408896,-0.97021484375,0.091552734375,-0.14453125,-37.841796875,-17.76123046875,-4.82177734375,1.598388671875,1.51318359375,0.467041015625,-14.22119140625,128.11279296875,-64.75830078125,-0.2724609375,0.76953125,0.28076171875,-18.24951171875,99.06005859375,24.169921875,-0.052734375,-1.318359375,0.128662109375,-15.2587890625,4.45556640625,-134.21630859375,-0.301025390625,-0.7705078125,0.125,-0.42724609375,-49.9267578125,21.17919921875,-1.00390625,-0.063720703125,0.615966796875,-90.576171875,7.87353515625,14.0380859375,-10.899711924632468,7.955520574969089
2022-06-09 15:29:13.909570304,-0.99853515625,0.1015625,-0.143798828125,-41.015625,-15.31982421875,-7.38525390625,1.88720703125,1.2001953125,0.34619140625,-14.70947265625,73.6083984375,-7.01904296875,-0.274658203125,0.77099609375,0.264404296875,-17.9443359375,98.81591796875,20.20263671875,-0.091796875,-1.343017578125,0.0419921875,-16.357421875,4.0283203125,-146.91162109375,-0.307373046875,-0.79833984375,0.119873046875,-4.5166015625,-46.32568359375,13.18359375,-0.917724609375,-0.0380859375,0.5595703125,-92.1630859375,15.31982421875,18.798828125,-11.013013294982795,7.822280234924634
2022-06-09 15:29:13.919731968,-1.0390625,0.103271484375,-0.142822265625,-45.59326171875,-13.18359375,-9.27734375,1.8056640625,1.14990234375,0.26220703125,-5.55419921875,31.55517578125,41.07666015625,-0.274169921875,0.787353515625,0.25537109375,-15.93017578125,96.49658203125,16.11328125,-0.151123046875,-1.388427734375,-0.0302734375,-18.85986328125,6.34765625,-160.58349609375,-0.3125,-0.830078125,0.1123046875,-8.97216796875,-41.3818359375,5.18798828125,-0.848876953125,-0.037841796875,0.489990234375,-95.03173828125,29.052734375,11.962890625,-11.034515504417381,7.65585315405227
2022-06-09 15:29:13.929893376,-1.0830078125,0.09130859375,-0.145263671875,-51.69677734375,-13.24462890625,-9.8876953125,1.139404296875,1.1640625,0.365478515625,-0.18310546875,2.62451171875,84.41162109375,-0.26953125,0.822021484375,0.25830078125,-12.87841796875,91.97998046875,12.451171875,-0.171875,-1.45654296875,-0.02001953125,-22.4609375,11.23046875,-174.98779296875,-0.321533203125,-0.866455078125,0.106689453125,-13.427734375,-35.09521484375,-2.99072265625,-0.9296875,-0.047607421875,0.455322265625,-94.66552734375,38.14697265625,5.67626953125,-10.961828924341711,7.466036379732341
2022-06-09 15:29:13.940055040,-1.11865234375,0.047607421875,-0.155029296875,-57.4951171875,-14.83154296875,-9.33837890625,-1.599853515625,1.150634765625,0.320068359375,1.220703125,-42.3583984375,99.06005859375,-0.259765625,0.87109375,0.27490234375,-9.765625,85.44921875,9.033203125,-0.175537109375,-1.520751953125,0.02880859375,-26.79443359375,17.76123046875,-189.94140625,-0.3349609375,-0.907958984375,0.103759765625,-18.1884765625,-27.40478515625,-10.92529296875,-1.020263671875,-0.04736328125,0.402099609375,-93.32275390625,39.0625,-2.74658203125,-10.79380715482265,7.260031419657334
2022-06-09 15:29:13.950216704,-1.1455078125,-0.00830078125,-0.169677734375,-61.46240234375,-16.845703125,-8.97216796875,-2.84521484375,1.264892578125,0.41650390625,12.14599609375,-123.6572265625,71.35009765625,-0.246337890625,0.9345703125,0.297607421875,-6.65283203125,78.0029296875,6.4697265625,-0.196044921875,-1.638671875,0.19189453125,-29.96826171875,25.57373046875,-205.13916015625,-0.349365234375,-0.947265625,0.107177734375,-22.5830078125,-18.5546875,-18.06640625,-1.0419921875,-0.016357421875,0.369384765625,-91.97998046875,30.21240234375,-13.916015625,-10.534508612926302,7.044175243416046
2022-06-09 15:29:13.960378112,-1.190673828125,-0.108642578125,-0.203369140625,-65.7958984375,-15.9912109375,-10.498046875,0.35302734375,1.791015625,-0.1650390625,19.83642578125,-163.51318359375,75.37841796875,-0.239990234375,1.00439453125,0.31005859375,-4.69970703125,70.9228515625,4.5166015625,-0.2236328125,-1.85986328125,0.376708984375,-28.80859375,32.958984375,-218.8720703125,-0.3720703125,-0.971923828125,0.1162109375,-26.30615234375,-9.94873046875,-24.169921875,-0.97021484375,0.019775390625,0.353515625,-92.71240234375,21.17919921875,-26.42822265625,-10.19454740074232,6.823126854306107
2022-06-09 15:29:13.970539776,-1.28662109375,-0.184326171875,-0.255126953125,-66.95556640625,-8.36181640625,-14.22119140625,1.926513671875,3.47021484375,0.09912109375,23.13232421875,-88.31787109375,139.404296875,-0.232666015625,1.052490234375,0.3115234375,-5.9814453125,65.673828125,2.3193359375,-0.3388671875,-2.166259765625,0.5107421875,-21.78955078125,44.677734375,-227.96630859375,-0.3916015625,-0.992919921875,0.11669921875,-30.09033203125,-2.0751953125,-29.4189453125,-0.86083984375,0.04833984375,0.328125,-93.1396484375,21.8505859375,-37.53662109375,-9.783230151449601,6.588293170740027
2022-06-09 15:29:13.980701440,-1.4267578125,-0.19482421875,-0.3291015625,-67.32177734375,2.25830078125,-20.81298828125,-0.77587890625,2.676513671875,-0.206787109375,-0.8544921875,-36.56005859375,173.2177734375,-0.214111328125,1.06298828125,0.2744140625,-10.80322265625,64.39208984375,-0.42724609375,-0.48681640625,-2.541259765625,0.630859375,-11.65771484375,72.3876953125,-230.712890625,-0.410888671875,-1.030029296875,0.109375,-36.07177734375,5.7373046875,-34.912109375,-0.802001953125,0.033203125,0.3017578125,-94.482421875,30.82275390625,-46.08154296875,-9.295070293757584,6.319961469512652
2022-06-09 15:29:13.990863104,-1.5146484375,-0.14990234375,-0.396240234375,-64.75830078125,2.25830078125,-28.076171875,-0.364013671875,0.69140625,0.277587890625,-0.67138671875,-31.67724609375,132.01904296875,-0.206298828125,1.058837890625,0.20751953125,-15.07568359375,68.29833984375,-1.953125,-0.5859375,-2.941162109375,0.765625,5.43212890625,130.4931640625,-228.1494140625,-0.439453125,-1.123291015625,0.10009765625,-47.119140625,14.16015625,-42.236328125,-0.7861328125,-0.01416015625,0.271484375,-95.8251953125,38.6962890625,-51.8798828125,-8.697428380238737,6.014784997990898
2022-06-09 15:29:14.001024768,-1.392333984375,-0.027587890625,-0.407958984375,-61.70654296875,-25.87890625,-30.70068359375,0.649658203125,-0.31689453125,-0.2060546875,10.31494140625,-21.78955078125,114.501953125,-0.21142578125,1.086669921875,0.1357421875,-14.09912109375,75.86669921875,-1.3427734375,-0.795166015625,-2.636474609375,0.10498046875,25.57373046875,192.9931640625,-213.37890625,-0.4931640625,-1.283935546875,0.100830078125,-62.31689453125,21.78955078125,-51.57470703125,-0.78125,-0.063720703125,0.246337890625,-96.13037109375,39.73388671875,-55.419921875,-7.944630323537495,5.703820604136524
2022-06-09 15:29:14.011186176,-1.079345703125,0.031005859375,-0.353515625,-70.00732421875,-65.49072265625,-28.564453125,-0.045654296875,0.296142578125,-0.69091796875,25.146484375,-33.50830078125,117.12646484375,-0.23779296875,1.17626953125,0.117431640625,-9.27734375,84.228515625,0.6103515625,-1.19140625,-1.4892578125,-0.79345703125,21.728515625,156.005859375,-210.5712890625,-0.572021484375,-1.474609375,0.12548828125,-74.40185546875,25.2685546875,-60.36376953125,-0.7587890625,-0.096435546875,0.237060546875,-94.66552734375,35.82763671875,-56.7626953125,-7.028424464754608,5.427005169791656
2022-06-09 15:29:14.021347840,-0.826904296875,-0.01806640625,-0.334716796875,-82.763671875,-70.12939453125,-24.658203125,-0.0712890625,0.6474609375,-0.5537109375,14.22119140625,-20.32470703125,97.16796875,-0.267578125,1.2978515625,0.15673828125,-6.4697265625,90.2099609375,2.01416015625,-0.78515625,-1.321044921875,-0.80126953125,3.0517578125,-7.38525390625,-227.84423828125,-0.65087890625,-1.55810546875,0.1728515625,-72.20458984375,20.93505859375,-63.17138671875,-0.7197265625,-0.1064453125,0.238525390625,-92.71240234375,31.3720703125,-55.908203125,-6.034370621308432,5.193775523001115
2022-06-09 15:29:14.031509504,-0.78369140625,-0.0234375,-0.39599609375,-89.111328125,-34.36279296875,-19.287109375,0.123779296875,0.859619140625,-0.349609375,11.962890625,-5.9814453125,82.45849609375,-0.288818359375,1.36669921875,0.219970703125,-12.75634765625,92.1630859375,2.74658203125,-0.055908203125,-1.51806640625,-0.593994140625,7.6904296875,-155.517578125,-226.1962890625,-0.7041015625,-1.382080078125,0.245361328125,-55.7861328125,7.75146484375,-59.50927734375,-0.676513671875,-0.111083984375,0.2333984375,-90.27099609375,29.4189453125,-53.1005859375,-5.108750534682555,4.971470184369814
2022-06-09 15:29:14.041670912,-0.8466796875,-0.046630859375,-0.443359375,-95.27587890625,-4.45556640625,-13.73291015625,0.108154296875,1.0859375,-0.312744140625,10.25390625,10.19287109375,76.59912109375,-0.293701171875,1.286376953125,0.251220703125,-30.517578125,89.53857421875,1.89208984375,-0.239501953125,-1.356201171875,-0.74658203125,18.798828125,-210.9375,-196.47216796875,-0.701416015625,-1.056884765625,0.32763671875,-42.236328125,-10.1318359375,-51.57470703125,-0.6435546875,-0.109619140625,0.22265625,-86.669921875,30.517578125,-49.37744140625,-4.332145003269961,4.69834859444321
2022-06-09 15:29:14.051832576,-0.83642578125,-0.06396484375,-0.404052734375,-91.064453125,1.89208984375,-11.41357421875,0.08544921875,1.20068359375,-0.266357421875,9.58251953125,23.25439453125,68.7255859375,-0.243408203125,1.087158203125,0.208251953125,-50.84228515625,85.8154296875,-0.91552734375,-0.232421875,-1.0185546875,-0.656494140625,32.28759765625,-218.017578125,-166.68701171875,-0.679931640625,-0.7958984375,0.364501953125,-44.43359375,-28.99169921875,-41.8701171875,-0.629638671875,-0.09912109375,0.2099609375,-82.21435546875,33.3251953125,-45.34912109375,-3.663664283568581,4.323282910373916
2022-06-09 15:29:14.061993984,-0.80517578125,0.0078125,-0.330322265625,-76.72119140625,7.4462890625,-13.61083984375,0.044677734375,1.17578125,-0.22607421875,7.50732421875,33.3251953125,62.6220703125,-0.183349609375,0.934326171875,0.115966796875,-59.326171875,85.87646484375,-3.173828125,-0.152099609375,-0.900390625,-0.2880859375,43.27392578125,-201.171875,-139.5263671875,-0.660400390625,-0.683349609375,0.352294921875,-58.89892578125,-47.05810546875,-32.2265625,-0.62646484375,-0.085205078125,0.19873046875,-77.880859375,34.36279296875,-42.17529296875,-3.0133243717249485,3.863754932338214
2022-06-09 15:29:14.072155648,-0.84765625,0.0986328125,-0.350830078125,-71.77734375,19.8974609375,-15.9912109375,0.009765625,1.027099609375,-0.2275390625,6.591796875,36.1328125,54.01611328125,-0.13427734375,0.9052734375,0.0205078125,-55.48095703125,93.20068359375,-4.8828125,-0.020751953125,-0.778076171875,-0.277099609375,58.41064453125,-186.09619140625,-117.919921875,-0.63623046875,-0.742919921875,0.3271484375,-78.7353515625,-65.12451171875,-22.39990234375,-0.6201171875,-0.070068359375,0.19091796875,-74.40185546875,33.0810546875,-40.22216796875,-2.3208903955094886,3.3861931324015373
2022-06-09 15:29:14.082317312,-0.947509765625,0.127197265625,-0.42919921875,-81.97021484375,25.2685546875,-17.76123046875,-0.005126953125,0.88720703125,-0.2392578125,7.01904296875,39.48974609375,46.32568359375,-0.107666015625,0.969482421875,-0.06689453125,-51.3916015625,107.11669921875,-7.01904296875,0.703125,-0.30810546875,-0.753173828125,67.07763671875,-174.86572265625,-91.97998046875,-0.6142578125,-0.93701171875,0.294921875,-97.65625,-85.38818359375,-11.53564453125,-0.61328125,-0.0703125,0.1845703125,-71.96044921875,32.04345703125,-39.4287109375,-1.5759366316061492,2.9231866894130647
2022-06-09 15:29:14.092478976,-1.08447265625,0.1416015625,-0.425537109375,-94.7265625,16.41845703125,-19.4091796875,-0.064697265625,0.878662109375,-0.260986328125,8.11767578125,40.0390625,39.73388671875,-0.080078125,1.052978515625,-0.150634765625,-52.3681640625,124.57275390625,-8.85009765625,0.093994140625,-0.537109375,-0.579833984375,63.232421875,-154.84619140625,-89.53857421875,-0.604248046875,-1.15185546875,0.28369140625,-107.84912109375,-109.130859375,0.30517578125,-0.614013671875,-0.083740234375,0.18017578125,-69.580078125,32.28759765625,-39.00146484375,-0.8197863588790657,2.461780332439627
2022-06-09 15:29:14.102640640,-1.173095703125,0.1435546875,-0.38037109375,-108.642578125,3.11279296875,-18.24951171875,-0.050048828125,0.942626953125,-0.28125,7.62939453125,38.75732421875,34.0576171875,-0.060546875,1.122314453125,-0.218017578125,-54.6875,142.7001953125,-10.3759765625,-0.406494140625,-0.615966796875,-0.24853515625,87.0361328125,-165.34423828125,-64.75830078125,-0.6220703125,-1.287841796875,0.28515625,-106.99462890625,-136.65771484375,10.55908203125,-0.62158203125,-0.1103515625,0.169677734375,-66.83349609375,32.53173828125,-38.57421875,-0.11887978729320992,1.987935199252373
2022-06-09 15:29:14.112802048,-1.207763671875,0.1357421875,-0.345458984375,-120.91064453125,-2.62451171875,-17.2119140625,-0.016845703125,0.991455078125,-0.30859375,6.7138671875,38.9404296875,30.3955078125,-0.0634765625,1.196044921875,-0.240234375,-54.3212890625,158.75244140625,-11.5966796875,-0.203369140625,-0.4111328125,-0.2451171875,104.3701171875,-171.44775390625,-24.96337890625,-0.650146484375,-1.326904296875,0.2744140625,-101.13525390625,-167.90771484375,18.49365234375,-0.635986328125,-0.13427734375,0.157470703125,-64.453125,33.63037109375,-37.9638671875,0.48563794571870567,1.5071192289537727
2022-06-09 15:29:14.122963712,-1.253662109375,0.148193359375,-0.336181640625,-128.72314453125,2.74658203125,-18.73779296875,-0.02490234375,0.9375,-0.353515625,4.69970703125,39.794921875,27.83203125,-0.0908203125,1.297607421875,-0.2421875,-51.8798828125,170.59326171875,-12.87841796875,-0.09521484375,-0.398681640625,-0.21484375,119.0185546875,-140.13671875,8.056640625,-0.65185546875,-1.314208984375,0.255859375,-96.3134765625,-200.86669921875,26.611328125,-0.666748046875,-0.158935546875,0.147216796875,-62.255859375,36.62109375,-37.353515625,0.9881887868014996,1.0316519646057074
2022-06-09 15:29:14.133125376,-1.2919921875,0.1357421875,-0.36962890625,-136.1083984375,7.8125,-20.81298828125,-0.04345703125,0.866455078125,-0.39501953125,2.8076171875,39.9169921875,24.4140625,-0.129638671875,1.391845703125,-0.22607421875,-50.35400390625,177.490234375,-14.2822265625,-0.013427734375,-0.39453125,-0.216064453125,134.82666015625,-104.00390625,28.80859375,-0.624267578125,-1.287841796875,0.244873046875,-92.46826171875,-229.98046875,33.935546875,-0.71630859375,-0.173095703125,0.131591796875,-58.837890625,39.9169921875,-36.1328125,1.3987043616440022,0.5625891192249917
2022-06-09 15:29:14.143287040,-1.259765625,0.089111328125,-0.381103515625,-143.85986328125,0.67138671875,-21.6064453125,-0.056884765625,0.8662109375,-0.421630859375,-0.3662109375,41.07666015625,20.56884765625,-0.1728515625,1.4404296875,-0.1845703125,-52.67333984375,180.11474609375,-15.869140625,0.1083984375,-0.358642578125,-0.2705078125,146.91162109375,-82.45849609375,43.212890625,-0.581298828125,-1.269287109375,0.243896484375,-88.37890625,-252.38037109375,38.818359375,-0.76708984375,-0.178955078125,0.1103515625,-55.72509765625,41.1376953125,-34.1796875,1.7326675189111018,0.08523433353808585
2022-06-09 15:29:14.153448704,-1.150146484375,0.06201171875,-0.3076171875,-150.45166015625,-11.5966796875,-21.728515625,-0.040283203125,0.892822265625,-0.417236328125,-4.5166015625,41.56494140625,17.63916015625,-0.2109375,1.4208984375,-0.1474609375,-58.837890625,180.23681640625,-16.90673828125,0.201904296875,-0.37890625,-0.322021484375,156.18896484375,-66.83349609375,57.18994140625,-0.515380859375,-1.2607421875,0.258056640625,-83.31298828125,-267.08984375,42.54150390625,-0.803955078125,-0.16015625,0.0986328125,-52.67333984375,40.6494140625,-31.31103515625,2.000080135984101,-0.41975153796654396
2022-06-09 15:29:14.163609856,-1.046142578125,0.05908203125,-0.217041015625,-158.99658203125,-11.474609375,-21.240234375,-0.040771484375,0.892333984375,-0.399169921875,-9.09423828125,41.1376953125,15.2587890625,-0.2294921875,1.330322265625,-0.115478515625,-65.49072265625,178.64990234375,-16.2353515625,0.15380859375,-0.43310546875,-0.349853515625,165.52734375,-54.5654296875,70.86181640625,-0.439208984375,-1.246826171875,0.281005859375,-76.0498046875,-274.658203125,46.875,-0.8212890625,-0.127685546875,0.082275390625,-49.01123046875,40.771484375,-28.25927734375,2.192600983720739,-0.954940052244087
2022-06-09 15:29:14.173771520,-0.991943359375,0.065185546875,-0.20947265625,-168.76220703125,-4.33349609375,-20.69091796875,-0.04833984375,0.878173828125,-0.36376953125,-13.0615234375,39.36767578125,13.00048828125,-0.229248046875,1.20361328125,-0.080322265625,-69.2138671875,175.9033203125,-14.6484375,0.025390625,-0.4892578125,-0.3779296875,174.37744140625,-51.20849609375,86.42578125,-0.355224609375,-1.20947265625,0.303466796875,-66.650390625,-275.7568359375,51.57470703125,-0.8232421875,-0.08154296875,0.05859375,-45.2880859375,43.39599609375,-25.2685546875,2.2919665687441473,-1.5041471592166715
2022-06-09 15:29:14.183933184,-0.955322265625,0.07861328125,-0.232177734375,-177.1240234375,-4.150390625,-20.69091796875,-0.069091796875,0.893798828125,-0.309814453125,-18.798828125,32.2265625,9.94873046875,-0.214599609375,1.077880859375,-0.043212890625,-69.76318359375,172.66845703125,-14.2822265625,-0.05859375,-0.52783203125,-0.39794921875,181.09130859375,-57.9833984375,104.18701171875,-0.273681640625,-1.156982421875,0.3154296875,-56.884765625,-270.6298828125,56.396484375,-0.8193359375,-0.045654296875,0.040771484375,-42.90771484375,47.4853515625,-22.8271484375,2.2879230304996856,-2.054918812026852
2022-06-09 15:29:14.194094848,-0.892822265625,0.08544921875,-0.23486328125,-184.75341796875,-12.5732421875,-20.81298828125,-0.083251953125,0.8857421875,-0.324462890625,-21.484375,27.83203125,9.765625,-0.18994140625,0.975341796875,0.000732421875,-68.2373046875,168.76220703125,-15.2587890625,-0.07421875,-0.5478515625,-0.39404296875,186.95068359375,-73.8525390625,121.15478515625,-0.209716796875,-1.092041015625,0.318359375,-48.52294921875,-258.9111328125,61.21826171875,-0.81005859375,-0.012451171875,0.049072265625,-40.83251953125,53.1005859375,-22.03369140625,2.1837095682185765,-2.6071370666089244
2022-06-09 15:29:14.204256512,-0.820068359375,0.06640625,-0.225341796875,-190.85693359375,-19.83642578125,-20.93505859375,-0.0849609375,0.866455078125,-0.34228515625,-24.169921875,23.86474609375,10.07080078125,-0.111572265625,0.857666015625,0.09912109375,-59.9365234375,153.80859375,-16.7236328125,-0.0791015625,-0.580322265625,-0.40869140625,190.673828125,-96.49658203125,135.19287109375,-0.1591796875,-1.03173828125,0.317626953125,-41.748046875,-240.72265625,65.73486328125,-0.79345703125,0.0322265625,0.066650390625,-40.34423828125,59.75341796875,-22.94921875,1.9907731135488813,-3.1485170586908
2022-06-09 15:29:14.214417920,-0.7744140625,0.06396484375,-0.221435546875,-193.17626953125,-18.73779296875,-21.91162109375,-0.07861328125,0.863525390625,-0.343994140625,-26.3671875,20.99609375,10.6201171875,-0.074951171875,0.831787109375,0.134521484375,-55.23681640625,143.37158203125,-15.07568359375,-0.0517578125,-0.66943359375,-0.437744140625,191.7724609375,-123.35205078125,146.728515625,-0.133544921875,-0.979248046875,0.3125,-36.31591796875,-217.83447265625,69.76318359375,-0.791748046875,0.060302734375,0.03515625,-41.93115234375,66.34521484375,-25.0244140625,1.7219733263074914,-3.661720604752322
2022-06-09 15:29:14.224579584,-0.757568359375,0.04443359375,-0.24609375,-196.22802734375,-12.8173828125,-23.3154296875,-0.075927734375,0.875244140625,-0.325439453125,-28.076171875,20.08056640625,11.16943359375,-0.046142578125,0.819580078125,0.153564453125,-52.1240234375,134.521484375,-11.90185546875,0.0205078125,-0.7890625,-0.48583984375,192.19970703125,-152.77099609375,157.8369140625,-0.123291015625,-0.9306640625,0.30712890625,-32.958984375,-192.7490234375,73.05908203125,-0.82861328125,0.068359375,0.003662109375,-43.39599609375,73.8525390625,-28.3203125,1.3932454645130754,-4.141765812338711
2022-06-09 15:29:14.234741248,-0.753662109375,0.02294921875,-0.275634765625,-198.66943359375,-10.43701171875,-25.390625,-0.078369140625,0.8935546875,-0.296142578125,-29.47998046875,20.93505859375,12.451171875,-0.0341796875,0.818603515625,0.157470703125,-50.537109375,129.57763671875,-7.62939453125,0.09033203125,-0.866943359375,-0.546142578125,192.2607421875,-179.6875,169.3115234375,-0.135009765625,-0.8935546875,0.31640625,-32.8369140625,-168.45703125,75.25634765625,-0.935546875,0.06494140625,-0.026611328125,-43.5791015625,84.8388671875,-33.87451171875,1.0292125370180951,-4.587052961581744
2022-06-09 15:29:14.244902144,-0.756103515625,-0.000244140625,-0.294189453125,-200.927734375,-7.9345703125,-28.13720703125,-0.064453125,0.91015625,-0.278564453125,-29.84619140625,21.30126953125,13.671875,-0.044189453125,0.823974609375,0.149169921875,-49.37744140625,128.47900390625,-3.0517578125,0.10888671875,-0.930419921875,-0.58935546875,191.46728515625,-202.0263671875,180.48095703125,-0.165771484375,-0.87353515625,0.32470703125,-34.7900390625,-148.681640625,75.62255859375,-1.119873046875,0.087890625,0.007568359375,-44.189453125,91.1865234375,-41.8701171875,0.6585475204073692,-4.9981262302957035
2022-06-09 15:29:14.255062784,-0.7685546875,-0.017822265625,-0.306396484375,-202.45361328125,-5.31005859375,-31.1279296875,-0.024658203125,0.918701171875,-0.246337890625,-29.23583984375,23.8037109375,14.892578125,-0.06689453125,0.83642578125,0.134521484375,-49.01123046875,130.43212890625,2.197265625,0.080810546875,-0.982421875,-0.608642578125,189.39208984375,-227.9052734375,189.453125,-0.192626953125,-0.861572265625,0.337158203125,-36.68212890625,-135.19287109375,74.15771484375,-1.31298828125,0.074951171875,0.03955078125,-48.88916015625,83.8623046875,-50.59814453125,0.3012272521371031,-5.375226595104838
2022-06-09 15:29:14.265223680,-0.78466796875,-0.03173828125,-0.322265625,-205.2001953125,-2.01416015625,-34.0576171875,-0.01220703125,0.9228515625,-0.224853515625,-28.25927734375,28.99169921875,16.17431640625,-0.09521484375,0.844482421875,0.108642578125,-50.72021484375,134.1552734375,8.30078125,0.05322265625,-1.021484375,-0.602783203125,186.34033203125,-261.5966796875,195.80078125,-0.2490234375,-0.843505859375,0.36669921875,-41.50390625,-121.27685546875,67.93212890625,-1.431884765625,0.000732421875,0.010986328125,-51.26953125,62.92724609375,-56.15234375,-0.009040064842388063,-5.719992404329041
2022-06-09 15:29:14.275384320,-0.814453125,-0.047607421875,-0.3427734375,-208.43505859375,3.2958984375,-36.56005859375,-0.01611328125,0.92578125,-0.208984375,-26.91650390625,34.48486328125,17.39501953125,-0.1181640625,0.8447265625,0.073974609375,-54.13818359375,140.13671875,15.07568359375,0.046142578125,-1.086669921875,-0.54833984375,183.65478515625,-298.64501953125,197.57080078125,-0.28759765625,-0.84716796875,0.37841796875,-44.25048828125,-120.9716796875,63.17138671875,-1.448974609375,-0.07421875,-0.0263671875,-50.10986328125,40.283203125,-56.21337890625,-0.25825007699336666,-6.035938117395865
2022-06-09 15:29:14.285545472,-0.85205078125,-0.064697265625,-0.35791015625,-211.669921875,7.26318359375,-38.75732421875,-0.04296875,0.9228515625,-0.23681640625,-25.93994140625,38.330078125,19.10400390625,-0.13134765625,0.8505859375,0.041259765625,-57.12890625,148.0712890625,22.3388671875,0.07958984375,-1.26171875,-0.463134765625,181.884765625,-373.71826171875,186.58447265625,-0.327392578125,-0.854736328125,0.3818359375,-46.5087890625,-125.91552734375,57.12890625,-1.3779296875,-0.111572265625,-0.031494140625,-50.1708984375,26.42822265625,-54.62646484375,-0.45708701139224495,-6.32130271837557
2022-06-09 15:29:14.295706368,-0.875244140625,-0.08154296875,-0.366943359375,-214.29443359375,7.080078125,-40.283203125,-0.054443359375,0.927490234375,-0.258056640625,-25.146484375,42.05322265625,20.93505859375,-0.151123046875,0.873046875,0.0078125,-58.59375,157.71484375,29.96826171875,0.02099609375,-1.33544921875,-0.502197265625,179.87060546875,-415.6494140625,178.22265625,-0.36328125,-0.864013671875,0.38037109375,-48.828125,-134.94873046875,50.47607421875,-1.260986328125,-0.0859375,-0.06298828125,-50.23193359375,26.2451171875,-53.22265625,-0.6005809705790863,-6.566892353633179
2022-06-09 15:29:14.305867008,-0.872314453125,-0.103271484375,-0.3681640625,-216.9189453125,5.0048828125,-40.95458984375,-0.080810546875,0.9296875,-0.26025390625,-23.92578125,46.142578125,23.0712890625,-0.16845703125,0.906005859375,-0.021728515625,-60.05859375,168.27392578125,37.353515625,-0.078369140625,-1.404052734375,-0.575439453125,179.01611328125,-457.1533203125,169.61669921875,-0.389892578125,-0.87060546875,0.372802734375,-51.1474609375,-146.97265625,43.212890625,-1.166015625,-0.046875,-0.129150390625,-50.4150390625,34.97314453125,-50.9033203125,-0.6843645737822541,-6.76735301065478
2022-06-09 15:29:14.316027904,-0.857421875,-0.115966796875,-0.36474609375,-218.93310546875,4.5166015625,-40.83251953125,-0.10107421875,0.94140625,-0.2548828125,-22.705078125,48.7060546875,25.7568359375,-0.1787109375,0.93701171875,-0.034423828125,-62.744140625,178.7109375,44.00634765625,-0.24072265625,-1.459228515625,-0.677490234375,180.11474609375,-497.6806640625,161.9873046875,-0.409423828125,-0.871826171875,0.356201171875,-53.3447265625,-160.0341796875,35.70556640625,-1.160400390625,-0.056640625,-0.054931640625,-54.26025390625,43.76220703125,-47.36328125,-0.7058690124354339,-6.928669748069062
2022-06-09 15:29:14.326188544,-0.847412109375,-0.1328125,-0.35595703125,-221.25244140625,6.04248046875,-40.46630859375,-0.052001953125,0.976806640625,-0.23193359375,-21.728515625,50.6591796875,28.9306640625,-0.189697265625,0.957275390625,-0.044189453125,-67.07763671875,188.5986328125,50.537109375,-0.37646484375,-1.524658203125,-0.799072265625,181.884765625,-539.73388671875,153.13720703125,-0.419921875,-0.867919921875,0.334228515625,-55.0537109375,-172.607421875,28.4423828125,-1.2685546875,-0.07861328125,0.02587890625,-59.99755859375,47.8515625,-44.00634765625,-0.6672250303098686,-7.060153045812207
2022-06-09 15:29:14.336349440,-0.8408203125,-0.1455078125,-0.35009765625,-223.20556640625,6.7138671875,-39.73388671875,-0.02587890625,0.9853515625,-0.20556640625,-21.30126953125,52.1240234375,31.55517578125,-0.207275390625,0.9599609375,-0.060546875,-72.81494140625,197.69287109375,56.640625,-0.418701171875,-1.609375,-0.94189453125,181.94580078125,-583.31298828125,140.13671875,-0.42578125,-0.86083984375,0.311767578125,-56.57958984375,-184.326171875,21.54541015625,-1.401611328125,-0.016357421875,0.126220703125,-64.697265625,44.86083984375,-45.22705078125,-0.5728978653191259,-7.170052662236312
2022-06-09 15:29:14.346510336,-0.8251953125,-0.148193359375,-0.345458984375,-224.609375,6.04248046875,-38.75732421875,-0.025390625,0.9697265625,-0.20703125,-20.751953125,52.55126953125,33.447265625,-0.227783203125,0.94287109375,-0.0732421875,-78.79638671875,204.833984375,61.767578125,-0.3798828125,-1.633544921875,-1.129150390625,179.26025390625,-625.18310546875,122.98583984375,-0.427001953125,-0.853271484375,0.2861328125,-58.16650390625,-194.4580078125,15.19775390625,-1.402587890625,0.076171875,0.169921875,-65.00244140625,32.28759765625,-53.28369140625,-0.4264377478576229,-7.26666056294874
2022-06-09 15:29:14.356670976,-0.808349609375,-0.15283203125,-0.345703125,-226.07421875,7.2021484375,-37.78076171875,-0.014404296875,0.9609375,-0.220458984375,-19.8974609375,52.734375,34.5458984375,-0.24853515625,0.916748046875,-0.0869140625,-84.04541015625,210.44921875,66.2841796875,-0.32861328125,-1.530517578125,-1.3056640625,173.4619140625,-658.50830078125,104.55322265625,-0.418701171875,-0.845703125,0.255126953125,-59.38720703125,-202.94189453125,9.6435546875,-1.280029296875,0.21826171875,0.2646484375,-63.53759765625,27.28271484375,-68.17626953125,-0.23347180633752984,-7.353759118551999
2022-06-09 15:29:14.366832128,-0.798828125,-0.148681640625,-0.3466796875,-226.806640625,9.94873046875,-36.9873046875,0.020263671875,0.959716796875,-0.209716796875,-19.10400390625,54.443359375,35.09521484375,-0.271728515625,0.899169921875,-0.09619140625,-88.2568359375,215.576171875,70.556640625,-0.234375,-1.380615234375,-1.474365234375,162.90283203125,-677.55126953125,87.82958984375,-0.40234375,-0.838623046875,0.23095703125,-59.99755859375,-209.47265625,4.8828125,-1.1689453125,0.24560546875,0.48388671875,-75.8056640625,37.78076171875,-82.58056640625,-0.0027688165300325807,-7.4289286566876775
2022-06-09 15:29:14.376992768,-0.791015625,-0.145751953125,-0.356689453125,-227.11181640625,11.90185546875,-36.2548828125,0.041748046875,0.95458984375,-0.238525390625,-19.04296875,55.908203125,34.66796875,-0.29736328125,0.8916015625,-0.0966796875,-91.552734375,221.19140625,74.0966796875,0.045654296875,-1.270263671875,-1.59814453125,149.5361328125,-672.05810546875,72.8759765625,-0.38427734375,-0.835205078125,0.208984375,-59.9365234375,-213.9892578125,1.220703125,-1.0224609375,-0.040771484375,0.614501953125,-85.26611328125,37.17041015625,-90.4541015625,0.254723736739475,-7.489977763203971
2022-06-09 15:29:14.387153664,-0.783935546875,-0.142333984375,-0.373291015625,-227.47802734375,12.87841796875,-36.0107421875,0.037841796875,0.937744140625,-0.274169921875,-19.4091796875,58.2275390625,33.447265625,-0.3154296875,0.896240234375,-0.09814453125,-94.970703125,227.84423828125,76.59912109375,0.310546875,-1.150634765625,-1.626220703125,138.00048828125,-626.0986328125,61.03515625,-0.369384765625,-0.8330078125,0.1904296875,-59.38720703125,-216.24755859375,-1.40380859375,-0.9541015625,0.11767578125,0.6279296875,-72.998046875,27.7099609375,-88.623046875,0.527495265571428,-7.541182399812779
2022-06-09 15:29:14.397314560,-0.77490234375,-0.144287109375,-0.385009765625,-228.21044921875,13.3056640625,-35.94970703125,0.101806640625,0.908447265625,-0.281982421875,-19.53125,61.34033203125,31.18896484375,-0.332275390625,0.9052734375,-0.098388671875,-98.5107421875,235.29052734375,78.4912109375,0.48388671875,-1.010009765625,-1.703369140625,124.45068359375,-553.1005859375,50.35400390625,-0.361328125,-0.8330078125,0.171630859375,-58.53271484375,-216.73583984375,-3.60107421875,-0.89501953125,0.093994140625,0.611572265625,-67.07763671875,31.8603515625,-88.68408203125,0.8077252848421672,-7.589080485250733
2022-06-09 15:29:14.407475200,-0.767333984375,-0.140380859375,-0.402099609375,-229.43115234375,13.427734375,-36.0107421875,0.120849609375,0.89306640625,-0.2890625,-20.3857421875,62.98828125,28.01513671875,-0.34619140625,0.91455078125,-0.0908203125,-102.11181640625,242.37060546875,80.13916015625,0.621337890625,-0.843994140625,-1.747802734375,107.2998046875,-462.58544921875,43.02978515625,-0.35791015625,-0.835205078125,0.151123046875,-57.6171875,-216.064453125,-5.37109375,-0.908935546875,-0.060546875,0.543212890625,-54.87060546875,35.94970703125,-87.0361328125,1.0914586818907281,-7.636879366467454
2022-06-09 15:29:14.417636096,-0.76708984375,-0.129638671875,-0.42919921875,-231.38427734375,14.2822265625,-36.68212890625,0.097900390625,0.8876953125,-0.298095703125,-20.8740234375,61.6455078125,23.3154296875,-0.357177734375,0.920654296875,-0.080322265625,-105.8349609375,247.9248046875,81.54296875,0.6328125,-0.7412109375,-1.65869140625,87.70751953125,-368.0419921875,36.80419921875,-0.354248046875,-0.83642578125,0.13427734375,-56.57958984375,-214.599609375,-6.8359375,-0.980712890625,-0.18408203125,0.5703125,-47.05810546875,26.611328125,-88.0126953125,1.3761353705708252,-7.686396714886342
2022-06-09 15:29:14.427796736,-0.771484375,-0.1240234375,-0.44189453125,-234.0087890625,15.80810546875,-38.0859375,0.091552734375,0.904052734375,-0.292724609375,-23.37646484375,57.55615234375,18.5546875,-0.36376953125,0.92236328125,-0.0654296875,-109.2529296875,251.28173828125,82.763671875,0.537353515625,-0.69873046875,-1.44775390625,68.05419921875,-293.51806640625,32.16552734375,-0.35498046875,-0.836181640625,0.11865234375,-54.99267578125,-212.646484375,-7.8125,-1.08056640625,-0.27880859375,0.55615234375,-45.95947265625,21.6064453125,-94.8486328125,1.6574656206665743,-7.738203800762481
2022-06-09 15:29:14.437957888,-0.781982421875,-0.125,-0.448974609375,-237.4267578125,17.02880859375,-39.85595703125,0.06005859375,0.898681640625,-0.328125,-26.3671875,52.30712890625,13.427734375,-0.368896484375,0.923828125,-0.04931640625,-112.3046875,252.197265625,83.984375,0.677734375,-0.724365234375,-1.250244140625,50.78125,-243.408203125,30.57861328125,-0.35302734375,-0.83935546875,0.105712890625,-53.77197265625,-209.9609375,-8.6669921875,-1.210205078125,-0.260498046875,0.520751953125,-43.02978515625,28.13720703125,-103.82080078125,1.9333627040622758,-7.790458128887394
2022-06-09 15:29:14.448118784,-0.78271484375,-0.12939453125,-0.4423828125,-241.14990234375,16.90673828125,-41.50390625,0.123779296875,0.914306640625,-0.3154296875,-27.2216796875,53.8330078125,8.36181640625,-0.375244140625,0.92626953125,-0.031982421875,-114.8681640625,250.67138671875,85.75439453125,2.22119140625,-1.061279296875,-1.782470703125,25.45166015625,-203.06396484375,19.6533203125,-0.354736328125,-0.856689453125,0.09814453125,-53.16162109375,-206.9091796875,-9.33837890625,-1.333984375,-0.2861328125,0.476318359375,-44.7998046875,38.818359375,-107.666015625,2.2065862394071765,-7.837840885470754
2022-06-09 15:29:14.458279424,-0.774658203125,-0.12939453125,-0.44580078125,-243.408203125,15.44189453125,-42.66357421875,0.177978515625,0.9287109375,-0.292724609375,-30.70068359375,63.720703125,3.47900390625,-0.384521484375,0.931640625,-0.021240234375,-116.69921875,247.0703125,88.43994140625,1.269775390625,-1.066162109375,-1.772216796875,10.80322265625,-208.55712890625,5.43212890625,-0.36328125,-0.87890625,0.087890625,-52.001953125,-204.16259765625,-9.6435546875,-1.351318359375,-0.30224609375,0.399658203125,-46.0205078125,31.1279296875,-98.32763671875,2.475754608179365,-7.870521288325012
2022-06-09 15:29:14.468440320,-0.769287109375,-0.1416015625,-0.47216796875,-245.4833984375,15.68603515625,-43.64013671875,0.12548828125,0.90576171875,-0.340576171875,-38.26904296875,76.72119140625,1.3427734375,-0.39453125,0.939208984375,-0.01806640625,-117.73681640625,241.943359375,91.6748046875,-0.005126953125,-0.832763671875,-1.5888671875,-6.7138671875,-237.1826171875,-0.42724609375,-0.366455078125,-0.899658203125,0.07275390625,-50.1708984375,-202.08740234375,-9.21630859375,-1.192626953125,-0.3046875,0.36572265625,-48.76708984375,8.30078125,-78.61328125,2.7331229288922856,-7.8781464220852975
2022-06-09 15:29:14.478600960,-0.780517578125,-0.16162109375,-0.4892578125,-246.58203125,20.751953125,-45.654296875,0.04052734375,0.904296875,-0.49169921875,-43.45703125,87.646484375,2.0751953125,-0.40576171875,0.947021484375,-0.020263671875,-118.65234375,236.26708984375,94.8486328125,-0.82373046875,-0.756591796875,-1.306396484375,-30.70068359375,-240.17333984375,15.0146484375,-0.366455078125,-0.918212890625,0.041748046875,-48.03466796875,-199.8291015625,-8.4228515625,-1.01806640625,-0.283203125,0.3388671875,-47.7294921875,3.2958984375,-55.17578125,2.9718581875187624,-7.856226891168436
2022-06-09 15:29:14.488761856,-0.818115234375,-0.173828125,-0.482421875,-245.30029296875,28.564453125,-48.2177734375,0.050048828125,0.9189453125,-0.7646484375,-42.3583984375,104.736328125,1.64794921875,-0.410400390625,0.946533203125,-0.030029296875,-119.9951171875,230.712890625,97.71728515625,-0.2724609375,-0.86572265625,-1.244873046875,-27.52685546875,-198.30322265625,40.95458984375,-0.362548828125,-0.945068359375,0.01318359375,-47.7294921875,-196.1669921875,-7.6904296875,-1.002685546875,-0.1845703125,0.285400390625,-42.41943359375,26.4892578125,-34.72900390625,3.1967045637482165,-7.807205215974559
2022-06-09 15:29:14.498922752,-0.85888671875,-0.16796875,-0.4794921875,-240.8447265625,34.60693359375,-49.98779296875,0.014404296875,0.828369140625,-1.247802734375,-36.56005859375,141.41845703125,-0.42724609375,-0.40673828125,0.94482421875,-0.048828125,-120.9716796875,226.07421875,100.28076171875,0.060302734375,-1.499755859375,-1.57763671875,-17.88330078125,-87.46337890625,56.396484375,-0.36083984375,-1.000732421875,-0.0126953125,-48.9501953125,-190.85693359375,-7.080078125,-1.055908203125,-0.07373046875,0.21240234375,-37.7197265625,44.43359375,-19.6533203125,3.4206062204262295,-7.734083392134103
2022-06-09 15:29:14.509083392,-0.896728515625,-0.161376953125,-0.4990234375,-234.2529296875,37.41455078125,-50.9033203125,-0.150146484375,0.8232421875,-1.6767578125,-12.87841796875,270.3857421875,-12.02392578125,-0.404052734375,0.957763671875,-0.073974609375,-120.361328125,223.08349609375,103.08837890625,-0.157470703125,-1.436279296875,-1.55419921875,-26.0009765625,-0.79345703125,66.162109375,-0.36181640625,-1.071533203125,-0.016845703125,-49.74365234375,-184.6923828125,-6.53076171875,-1.01171875,0.015625,0.184326171875,-34.66796875,36.0107421875,-9.033203125,3.6490738104207203,-7.632225330263477
2022-06-09 15:29:14.519244544,-0.93408203125,-0.16259765625,-0.502197265625,-226.62353515625,38.330078125,-50.537109375,-0.25634765625,0.87158203125,-1.55419921875,-0.42724609375,333.67919921875,-18.4326171875,-0.405517578125,0.9833984375,-0.100830078125,-118.2861328125,221.923828125,105.712890625,-0.113525390625,-1.318115234375,-0.8369140625,-37.109375,-4.08935546875,53.77197265625,-0.36328125,-1.149658203125,-0.020263671875,-49.072265625,-178.64990234375,-5.67626953125,-0.874755859375,0.065673828125,0.186767578125,-33.26416015625,22.216796875,-0.06103515625,3.876239671236405,-7.493323391496698
2022-06-09 15:29:14.529405184,-0.97021484375,-0.1826171875,-0.495849609375,-217.7734375,39.36767578125,-48.095703125,-0.43115234375,0.857421875,-1.442138671875,14.16015625,386.04736328125,-25.69580078125,-0.408935546875,1.02099609375,-0.127197265625,-116.14990234375,222.5341796875,107.666015625,-0.081787109375,-1.172607421875,-0.152587890625,-33.69140625,13.36669921875,57.2509765625,-0.36669921875,-1.21044921875,-0.028564453125,-46.2646484375,-173.27880859375,-4.69970703125,-0.76171875,0.096435546875,0.188232421875,-32.71484375,23.49853515625,8.48388671875,4.089891580721925,-7.316592717566511
2022-06-09 15:29:14.539566080,-1.00244140625,-0.169921875,-0.498779296875,-204.40673828125,41.259765625,-44.43359375,-0.51416015625,0.819580078125,-1.236572265625,24.0478515625,438.720703125,-35.33935546875,-0.417724609375,1.060546875,-0.156494140625,-114.3798828125,224.9755859375,109.06982421875,0.003662109375,-1.389892578125,0.4453125,-31.55517578125,47.79052734375,63.29345703125,-0.3642578125,-1.249267578125,-0.02978515625,-41.68701171875,-168.39599609375,-2.9296875,-0.719482421875,0.116455078125,0.181396484375,-34.11865234375,33.447265625,15.380859375,4.2742725706238005,-7.1075334390307425
2022-06-09 15:29:14.549726976,-1.036865234375,-0.1494140625,-0.504638671875,-190.5517578125,44.7998046875,-40.83251953125,-0.423583984375,0.767822265625,-1.152587890625,25.81787109375,487.85400390625,-42.724609375,-0.427001953125,1.093017578125,-0.1806640625,-112.60986328125,229.06494140625,109.92431640625,-0.064453125,-1.8349609375,1.2578125,-24.10888671875,28.01513671875,62.744140625,-0.366455078125,-1.256103515625,-0.040283203125,-36.0107421875,-164.55078125,-0.30517578125,-0.710205078125,0.118896484375,0.159423828125,-36.376953125,37.65869140625,19.775390625,4.413192776068037,-6.871669690849799
2022-06-09 15:29:14.559887616,-1.06103515625,-0.108642578125,-0.4990234375,-175.048828125,47.91259765625,-38.14697265625,-0.191650390625,0.82861328125,-1.21240234375,32.5927734375,518.1884765625,-48.7060546875,-0.43359375,1.107421875,-0.2041015625,-110.90087890625,234.68017578125,110.16845703125,-0.1337890625,-1.63525390625,1.499267578125,-16.357421875,-15.2587890625,63.78173828125,-0.36328125,-1.2236328125,-0.0439453125,-29.60205078125,-161.1328125,2.86865234375,-0.67431640625,0.10546875,0.14697265625,-39.0625,31.73828125,20.751953125,4.494347149899777,-6.614449617007676
2022-06-09 15:29:14.570048512,-1.073974609375,-0.050537109375,-0.510986328125,-159.66796875,46.81396484375,-36.31591796875,-0.164306640625,0.955810546875,-1.288818359375,43.64013671875,535.21728515625,-52.001953125,-0.43798828125,1.10302734375,-0.2314453125,-109.4970703125,242.0654296875,109.4970703125,-0.0400390625,-1.39892578125,0.796630859375,-22.8271484375,-51.7578125,53.40576171875,-0.359619140625,-1.181640625,-0.047119140625,-24.90234375,-157.40966796875,5.4931640625,-0.611083984375,0.0751953125,0.14697265625,-42.1142578125,22.0947265625,18.12744140625,4.520866375739004,-6.343960276902958
2022-06-09 15:29:14.580209152,-1.062744140625,-0.062255859375,-0.54345703125,-148.4375,42.8466796875,-34.423828125,-0.46875,1.08251953125,-1.251220703125,56.45751953125,541.07666015625,-59.2041015625,-0.44580078125,1.08203125,-0.260498046875,-107.7880859375,251.3427734375,108.0322265625,-0.09130859375,-1.1669921875,0.348876953125,-32.2265625,-63.53759765625,40.52734375,-0.3642578125,-1.16064453125,-0.05126953125,-22.8271484375,-152.4658203125,7.080078125,-0.55419921875,0.059814453125,0.143798828125,-44.86083984375,17.63916015625,13.00048828125,4.514269599070673,-6.067938456894883
2022-06-09 15:29:14.590370304,-1.0244140625,-0.012451171875,-0.537353515625,-132.8125,36.9873046875,-29.6630859375,-0.313232421875,1.206787109375,-0.837646484375,65.73486328125,533.5693359375,-69.580078125,-0.45068359375,1.055908203125,-0.29150390625,-104.67529296875,262.39013671875,105.89599609375,0.083251953125,-1.141357421875,0.156982421875,-38.818359375,-55.23681640625,36.9873046875,-0.36328125,-1.168701171875,-0.068603515625,-20.20263671875,-146.1181640625,8.9111328125,-0.534912109375,0.052734375,0.13818359375,-50.1708984375,20.99609375,6.16455078125,4.485904313233746,-5.788167261144427
2022-06-09 15:29:14.600531200,-0.987060546875,0.04345703125,-0.53466796875,-121.03271484375,36.56005859375,-22.5830078125,-0.2119140625,1.004638671875,-0.64892578125,65.97900390625,517.51708984375,-68.78662109375,-0.45361328125,1.040283203125,-0.303955078125,-99.7314453125,274.23095703125,103.1494140625,0.069091796875,-1.1640625,0.0869140625,-38.14697265625,-38.02490234375,34.7900390625,-0.36328125,-1.20947265625,-0.082763671875,-17.7001953125,-139.0380859375,10.009765625,-0.567626953125,0.0625,0.139892578125,-56.21337890625,28.1982421875,0.0,4.437515107269245,-5.50151558009151
2022-06-09 15:29:14.610691840,-0.96044921875,0.03759765625,-0.568359375,-116.39404296875,42.78564453125,-16.845703125,-0.365234375,0.890869140625,-0.52294921875,70.86181640625,508.36181640625,-65.85693359375,-0.456787109375,1.037109375,-0.311279296875,-93.93310546875,285.82763671875,100.28076171875,0.003173828125,-1.238037109375,0.074951171875,-36.865234375,-21.240234375,27.9541015625,-0.3662109375,-1.25439453125,-0.1181640625,-14.6484375,-131.9580078125,10.25390625,-0.6279296875,0.070556640625,0.137451171875,-62.8662109375,32.8369140625,-4.69970703125,4.374673371974978,-5.203871734174598
2022-06-09 15:29:14.620852736,-0.94287109375,0.037109375,-0.590087890625,-113.8916015625,48.2177734375,-13.73291015625,-0.0693359375,0.968994140625,-0.498779296875,74.27978515625,484.619140625,-49.1943359375,-0.470947265625,1.00537109375,-0.293212890625,-81.1767578125,303.7109375,94.970703125,-0.0546875,-1.158447265625,-0.025390625,-32.5927734375,-3.90625,19.71435546875,-0.3544921875,-1.271484375,-0.1640625,-6.65283203125,-125.244140625,11.5966796875,-0.68701171875,0.082275390625,0.12255859375,-68.84765625,33.50830078125,-8.11767578125,4.277990528087294,-4.885913759991794
2022-06-09 15:29:14.631013376,-0.91796875,0.0361328125,-0.58203125,-115.17333984375,47.91259765625,-13.12255859375,-0.3447265625,0.8046875,-0.82177734375,86.73095703125,422.91259765625,-33.8134765625,-0.480224609375,0.974609375,-0.2666015625,-73.79150390625,306.57958984375,93.1396484375,-0.2197265625,-1.04541015625,-0.155517578125,-30.33447265625,2.99072265625,12.75634765625,-0.335205078125,-1.239013671875,-0.205322265625,3.96728515625,-117.00439453125,14.09912109375,-0.71826171875,0.074462890625,0.090087890625,-74.21875,31.67724609375,-11.16943359375,4.112741809900413,-4.5385078134622105
2022-06-09 15:29:14.641174272,-0.887939453125,0.023681640625,-0.552001953125,-119.0185546875,45.34912109375,-15.19775390625,-0.642578125,0.78466796875,-0.748291015625,105.40771484375,365.6005859375,-32.2265625,-0.48974609375,0.930908203125,-0.2265625,-65.4296875,303.7109375,92.1630859375,-0.143310546875,-0.99560546875,-0.1865234375,-27.7099609375,-7.62939453125,8.11767578125,-0.30419921875,-1.17333984375,-0.24853515625,13.18359375,-105.46875,17.02880859375,-0.71142578125,0.063232421875,0.064697265625,-79.28466796875,28.74755859375,-14.6484375,3.8681851974887493,-4.154236862355951
2022-06-09 15:29:14.651335936,-0.864501953125,0.021484375,-0.53173828125,-121.9482421875,46.0205078125,-19.47021484375,-0.40087890625,0.729248046875,-0.5439453125,119.9951171875,310.72998046875,-29.296875,-0.504638671875,0.879638671875,-0.180419921875,-56.57958984375,294.73876953125,92.46826171875,-0.116455078125,-0.99853515625,-0.093505859375,-25.2685546875,-22.216796875,5.55419921875,-0.245849609375,-1.1083984375,-0.28369140625,20.01953125,-90.087890625,20.81298828125,-0.676513671875,0.061279296875,0.033447265625,-83.80126953125,29.35791015625,-19.95849609375,3.5518427366570045,-3.7213156991395593
2022-06-09 15:29:14.661497600,-0.870849609375,0.050048828125,-0.521484375,-122.802734375,49.6826171875,-25.5126953125,-0.211669921875,0.731689453125,-0.45654296875,127.13623046875,283.447265625,-29.9072265625,-0.5224609375,0.81689453125,-0.132080078125,-47.66845703125,279.541015625,93.68896484375,-0.115234375,-1.002197265625,-0.069091796875,-23.681640625,-39.4287109375,4.7607421875,-0.185546875,-1.047119140625,-0.300537109375,24.658203125,-71.10595703125,25.0244140625,-0.648193359375,0.070068359375,0.001220703125,-87.7685546875,34.48486328125,-25.32958984375,3.1741209277819777,-3.22998759499648
2022-06-09 15:29:14.671659008,-0.8955078125,0.086181640625,-0.52197265625,-124.51171875,50.6591796875,-32.16552734375,-0.34423828125,0.738037109375,-0.416748046875,131.7138671875,279.541015625,-36.07177734375,-0.538330078125,0.746337890625,-0.08154296875,-37.90283203125,258.1787109375,95.76416015625,-0.0078125,-1.05419921875,-0.092529296875,-17.39501953125,-60.36376953125,0.42724609375,-0.143310546875,-0.989990234375,-0.301025390625,28.076171875,-49.01123046875,29.47998046875,-0.640625,0.08984375,-0.0126953125,-91.36962890625,43.45703125,-30.57861328125,2.7439331738012243,-2.6707785089045615
2022-06-09 15:29:14.681820672,-0.904541015625,0.118896484375,-0.524169921875,-127.01416015625,45.71533203125,-38.63525390625,-0.447509765625,0.79931640625,-0.2744140625,136.23046875,274.96337890625,-44.43359375,-0.554931640625,0.68310546875,-0.03857421875,-26.91650390625,230.5908203125,98.81591796875,0.05712890625,-1.037109375,-0.072021484375,-14.70947265625,-60.36376953125,-0.732421875,-0.125244140625,-0.942138671875,-0.296875,30.45654296875,-25.634765625,34.3017578125,-0.661865234375,0.114013671875,-0.032470703125,-93.20068359375,53.22265625,-34.66796875,2.266467038960581,-2.0306712680538865
2022-06-09 15:29:14.691982336,-0.883056640625,0.138671875,-0.530517578125,-129.33349609375,36.4990234375,-44.0673828125,-0.361083984375,0.86865234375,-0.104248046875,134.521484375,272.5830078125,-52.1240234375,-0.567626953125,0.63720703125,0.0048828125,-13.671875,196.71630859375,102.60009765625,0.122314453125,-1.0205078125,-0.005859375,-12.451171875,-60.60791015625,-0.18310546875,-0.12060546875,-0.910400390625,-0.28759765625,30.8837890625,-3.72314453125,39.24560546875,-0.700927734375,0.1220703125,-0.064208984375,-94.66552734375,59.75341796875,-37.65869140625,1.749666940359699,-1.2936069381923687
2022-06-09 15:29:14.702144000,-0.849853515625,0.147216796875,-0.53076171875,-131.8359375,29.11376953125,-47.4853515625,-0.295654296875,0.89892578125,0.0087890625,127.685546875,283.8134765625,-58.349609375,-0.57861328125,0.61474609375,0.047607421875,1.220703125,156.67724609375,107.2998046875,0.128173828125,-1.01123046875,0.022216796875,-10.68115234375,-64.88037109375,2.197265625,-0.12744140625,-0.8955078125,-0.273193359375,28.74755859375,14.892578125,43.88427734375,-0.736328125,0.097412109375,-0.088623046875,-96.49658203125,64.27001953125,-38.57421875,1.2087552942311781,-0.44238960079317735
2022-06-09 15:29:14.712305664,-0.822021484375,0.13232421875,-0.516845703125,-134.521484375,26.611328125,-49.9267578125,-0.2890625,0.90185546875,0.049560546875,117.7978515625,307.12890625,-63.4765625,-0.58740234375,0.612548828125,0.090087890625,16.845703125,111.2060546875,112.3046875,0.090576171875,-1.016357421875,-0.0546875,-9.46044921875,-72.93701171875,5.06591796875,-0.1337890625,-0.89990234375,-0.252197265625,24.71923828125,29.35791015625,47.2412109375,-0.762939453125,0.060302734375,-0.083251953125,-97.10693359375,69.2138671875,-36.865234375,0.6636233742625244,0.5346828510636144
2022-06-09 15:29:14.722467072,-0.8017578125,0.0986328125,-0.51416015625,-137.0849609375,25.2685546875,-50.9033203125,-0.339599609375,0.850830078125,0.056640625,106.01806640625,335.38818359375,-66.95556640625,-0.593505859375,0.626708984375,0.113037109375,32.53173828125,62.1337890625,117.5537109375,0.0615234375,-1.01953125,-0.129638671875,-9.70458984375,-83.80126953125,8.7890625,-0.1484375,-0.914794921875,-0.227783203125,19.71435546875,38.9404296875,49.49951171875,-0.78955078125,0.03076171875,-0.088623046875,-98.0224609375,74.21875,-35.0341796875,0.13166032074708056,1.6421096144402725
2022-06-09 15:29:14.732628480,-0.78173828125,0.062255859375,-0.5078125,-139.58740234375,25.81787109375,-50.048828125,-0.414794921875,0.809326171875,0.12744140625,94.970703125,357.91015625,-69.82421875,-0.5986328125,0.655517578125,0.129150390625,47.54638671875,12.8173828125,122.25341796875,0.022705078125,-1.02197265625,-0.152099609375,-10.3759765625,-88.9892578125,10.498046875,-0.173095703125,-0.9306640625,-0.200439453125,14.70947265625,43.88427734375,50.537109375,-0.845703125,0.014404296875,-0.093505859375,-98.69384765625,78.7353515625,-33.99658203125,-0.37618936106780865,2.8768914592913006
2022-06-09 15:29:14.742790144,-0.768798828125,0.002685546875,-0.48291015625,-144.22607421875,29.60205078125,-47.36328125,-0.456787109375,0.78662109375,0.228759765625,82.6416015625,369.62890625,-71.6552734375,-0.6044921875,0.700927734375,0.150390625,62.19482421875,-34.1796875,124.93896484375,-0.064208984375,-0.990234375,-0.225830078125,-8.1787109375,-91.064453125,9.70458984375,-0.2060546875,-0.932861328125,-0.184326171875,10.07080078125,44.37255859375,49.98779296875,-0.9365234375,-0.0185546875,-0.1044921875,-100.40283203125,79.89501953125,-33.447265625,-0.8511566545081415,4.22517559104319
2022-06-09 15:29:14.752951808,-0.7724609375,-0.088623046875,-0.437744140625,-147.4609375,31.55517578125,-42.90771484375,-0.557861328125,0.743896484375,0.292724609375,70.61767578125,368.10302734375,-71.4111328125,-0.608154296875,0.7685546875,0.1884765625,76.0498046875,-77.69775390625,125.3662109375,-0.252197265625,-0.908447265625,-0.346923828125,-8.4228515625,-102.11181640625,9.3994140625,-0.243408203125,-0.926513671875,-0.174560546875,4.82177734375,40.34423828125,48.03466796875,-1.04931640625,-0.10009765625,-0.08447265625,-101.86767578125,73.18115234375,-32.71484375,-1.2808356898749764,5.665452533002252
2022-06-09 15:29:14.763113472,-0.759033203125,-0.164794921875,-0.4091796875,-146.17919921875,28.9306640625,-36.43798828125,-0.614013671875,0.752197265625,0.410400390625,60.11962890625,353.02734375,-69.82421875,-0.606201171875,0.84326171875,0.222412109375,86.48681640625,-117.67578125,124.45068359375,-0.42236328125,-0.811279296875,-0.575439453125,-17.2119140625,-127.0751953125,10.31494140625,-0.281494140625,-0.908203125,-0.166259765625,-1.5869140625,31.73828125,45.47119140625,-1.1455078125,-0.1611328125,-0.053466796875,-96.5576171875,59.02099609375,-30.3955078125,-1.6506312491102584,7.1716629372836636
2022-06-09 15:29:14.773274880,-0.7041015625,-0.212158203125,-0.39794921875,-140.31982421875,25.2685546875,-29.052734375,-0.57763671875,0.816650390625,0.548095703125,47.42431640625,332.21435546875,-66.162109375,-0.596923828125,0.892822265625,0.2177734375,92.46826171875,-153.3203125,121.88720703125,-0.225341796875,-0.82275390625,-0.68212890625,-18.798828125,-144.95849609375,11.04736328125,-0.320556640625,-0.86181640625,-0.168212890625,-17.27294921875,6.89697265625,39.9169921875,-1.209716796875,-0.131591796875,-0.017822265625,-86.7919921875,40.8935546875,-25.69580078125,-1.9097344223767472,8.711444250525886
2022-06-09 15:29:14.783436544,-0.640869140625,-0.222900390625,-0.380126953125,-130.615234375,27.28271484375,-22.0947265625,-0.543212890625,0.829833984375,0.6279296875,32.89794921875,309.63134765625,-60.791015625,-0.568359375,0.90380859375,0.1826171875,96.19140625,-181.640625,116.0888671875,-0.059814453125,-0.864501953125,-0.580810546875,-7.62939453125,-143.98193359375,11.90185546875,-0.328369140625,-0.8388671875,-0.1630859375,-25.81787109375,-6.34765625,37.78076171875,-1.2353515625,-0.1162109375,0.005126953125,-79.77294921875,26.611328125,-18.00537109375,-2.050844319377312,10.247023052290231
2022-06-09 15:29:14.793598208,-0.591552734375,-0.203125,-0.37548828125,-117.1875,36.0107421875,-17.08984375,-0.260009765625,0.841064453125,0.760498046875,19.22607421875,280.3955078125,-54.8095703125,-0.51904296875,0.88720703125,0.1455078125,99.2431640625,-198.73046875,106.201171875,-0.0673828125,-0.923828125,-0.36279296875,1.3427734375,-139.70947265625,13.671875,-0.34130859375,-0.80908203125,-0.15380859375,-33.935546875,-20.32470703125,36.7431640625,-1.23095703125,-0.09619140625,-0.0673828125,-72.44873046875,19.34814453125,-8.7890625,-2.1161022048841467,11.739103109376444
2022-06-09 15:29:14.803759872,-0.572021484375,-0.162353515625,-0.37890625,-101.86767578125,46.69189453125,-14.09912109375,-0.327392578125,0.896240234375,0.782958984375,-0.6103515625,252.74658203125,-46.69189453125,-0.456787109375,0.855712890625,0.143798828125,101.1962890625,-202.20947265625,93.56689453125,0.08984375,-1.115234375,-0.068115234375,5.2490234375,-139.70947265625,10.6201171875,-0.355224609375,-0.7783203125,-0.14453125,-41.8701171875,-35.2783203125,37.2314453125,-1.239990234375,-0.093505859375,-0.168212890625,-73.8525390625,18.1884765625,-1.03759765625,-2.1169719973719197,13.152959270504596
2022-06-09 15:29:14.813921536,-0.567138671875,-0.11767578125,-0.40380859375,-87.890625,51.26953125,-13.12255859375,-3.150390625,0.4482421875,-0.171630859375,5.06591796875,214.4775390625,-98.32763671875,-0.38037109375,0.807373046875,0.15478515625,100.15869140625,-191.95556640625,79.77294921875,0.2470703125,-1.28759765625,0.255859375,7.32421875,-136.65771484375,3.173828125,-0.365966796875,-0.753662109375,-0.138427734375,-49.98779296875,-50.72021484375,39.24560546875,-1.25634765625,-0.149169921875,-0.191650390625,-78.369140625,21.6064453125,3.173828125,-2.063984352592197,14.460466700367064
2022-06-09 15:29:14.824082944,-0.531494140625,-0.066650390625,-0.434326171875,-76.416015625,46.08154296875,-13.24462890625,-4.41015625,1.09716796875,0.766357421875,31.06689453125,97.22900390625,-162.2314453125,-0.31982421875,0.75439453125,0.16845703125,95.39794921875,-170.0439453125,65.185546875,0.31298828125,-1.371337890625,0.498291015625,7.4462890625,-125.18310546875,-4.69970703125,-0.35546875,-0.751953125,-0.135498046875,-58.28857421875,-65.7958984375,42.48046875,-1.314208984375,-0.077392578125,-0.088623046875,-59.99755859375,21.30126953125,0.91552734375,-1.9650278546368902,15.635304542412044
2022-06-09 15:29:14.834244608,-0.45751953125,-0.0322265625,-0.47119140625,-67.87109375,39.9169921875,-13.671875,1.583984375,2.057373046875,-0.531494140625,8.48388671875,-96.74072265625,-128.90625,-0.2705078125,0.68798828125,0.170166015625,87.58544921875,-141.29638671875,49.13330078125,0.289794921875,-1.364501953125,0.4892578125,6.34765625,-111.4501953125,-11.53564453125,-0.331787109375,-0.769287109375,-0.133056640625,-66.650390625,-79.89501953125,46.81396484375,-1.350830078125,-0.04296875,0.061279296875,-47.54638671875,7.9345703125,-0.42724609375,-1.827179372478966,16.649763737684026
2022-06-09 15:29:14.844406016,-0.387451171875,-0.024169921875,-0.498779296875,-62.92724609375,42.1142578125,-14.58740234375,-1.17626953125,2.410400390625,-0.755615234375,13.61083984375,-43.27392578125,-102.1728515625,-0.231689453125,0.63232421875,0.168701171875,80.13916015625,-109.2529296875,31.982421875,0.27294921875,-1.292724609375,0.338623046875,1.89208984375,-97.0458984375,-16.845703125,-0.309814453125,-0.796630859375,-0.129638671875,-73.66943359375,-92.22412109375,51.6357421875,-1.336181640625,-0.126708984375,0.25048828125,-38.2080078125,-11.474609375,3.47900390625,-1.6606706585349755,17.48552445161402
2022-06-09 15:29:14.854567680,-0.3603515625,-0.0390625,-0.531494140625,-61.34033203125,54.26025390625,-16.41845703125,-1.153076171875,2.3564453125,-0.0927734375,10.43701171875,-37.353515625,-83.67919921875,-0.2197265625,0.608154296875,0.1640625,76.96533203125,-76.23291015625,14.892578125,0.30224609375,-1.22314453125,0.18212890625,-1.64794921875,-74.951171875,-19.47021484375,-0.306884765625,-0.8173828125,-0.122802734375,-78.9794921875,-102.1728515625,55.7861328125,-1.249755859375,-0.239013671875,0.382080078125,-31.31103515625,-16.90673828125,15.7470703125,-1.4755437673012857,18.149852678325246
2022-06-09 15:29:14.864729344,-0.382568359375,-0.04833984375,-0.584228515625,-62.43896484375,71.83837890625,-20.01953125,0.20361328125,1.617431640625,0.095947265625,3.662109375,-39.1845703125,-46.44775390625,-0.2197265625,0.633544921875,0.176513671875,78.2470703125,-43.64013671875,-2.13623046875,0.162353515625,-1.145263671875,0.06396484375,-3.0517578125,-56.15234375,-20.20263671875,-0.328857421875,-0.828125,-0.108154296875,-83.31298828125,-110.595703125,58.9599609375,-1.27294921875,-0.338623046875,0.271484375,-30.94482421875,13.73291015625,35.0341796875,-1.2751174588688379,18.665483042200478
2022-06-09 15:29:14.874890752,-0.441162109375,-0.04736328125,-0.61328125,-66.89453125,88.31787109375,-26.06201171875,0.3271484375,1.099609375,0.015625,2.38037109375,7.9345703125,-30.45654296875,-0.223388671875,0.707763671875,0.19189453125,78.2470703125,-12.5732421875,-19.287109375,0.05224609375,-1.031494140625,-0.0224609375,-4.5166015625,-49.8046875,-20.20263671875,-0.369140625,-0.841552734375,-0.089111328125,-87.46337890625,-119.81201171875,60.85205078125,-1.44921875,-0.498046875,0.22265625,-31.8603515625,53.64990234375,54.99267578125,-1.055125461115363,19.04028195390309
2022-06-09 15:29:14.885052416,-0.5009765625,-0.037353515625,-0.6103515625,-74.462890625,97.83935546875,-33.75244140625,0.014892578125,0.658203125,0.00927734375,1.15966796875,41.9921875,-28.9306640625,-0.2412109375,0.794677734375,0.2060546875,74.89013671875,16.54052734375,-34.60693359375,-0.0087890625,-0.936279296875,-0.134765625,-8.9111328125,-59.50927734375,-17.2119140625,-0.402099609375,-0.878173828125,-0.08447265625,-92.28515625,-130.0048828125,60.546875,-1.468017578125,-0.27978515625,0.440673828125,-22.216796875,39.36767578125,62.744140625,-0.801008868519375,19.270149701566105
2022-06-09 15:29:14.895214080,-0.5283203125,-0.031005859375,-0.6181640625,-82.8857421875,93.81103515625,-40.8935546875,-0.150390625,0.49658203125,-0.110595703125,8.1787109375,22.27783203125,-31.67724609375,-0.27490234375,0.8681640625,0.208740234375,70.4345703125,42.05322265625,-46.875,-0.117431640625,-0.90283203125,-0.18310546875,-15.0146484375,-92.4072265625,-9.1552734375,-0.421875,-0.91943359375,-0.088623046875,-96.923828125,-139.70947265625,58.837890625,-1.113037109375,0.009765625,0.388916015625,-31.494140625,-24.23095703125,53.28369140625,-0.4976373206410152,19.36552977406501
2022-06-09 15:29:14.905375744,-0.522216796875,-0.0205078125,-0.626953125,-87.5244140625,85.02197265625,-45.83740234375,-0.0849609375,0.734619140625,-0.1611328125,17.2119140625,1.708984375,-36.80419921875,-0.312744140625,0.921142578125,0.22314453125,67.0166015625,62.31689453125,-57.06787109375,-0.14892578125,-0.8818359375,-0.18115234375,-20.751953125,-137.6953125,-0.8544921875,-0.421630859375,-0.923828125,-0.0986328125,-98.876953125,-148.37646484375,57.9833984375,-0.7822265625,0.014404296875,0.47119140625,-55.72509765625,-45.41015625,41.50390625,-0.15294361553461044,19.34910681378517
2022-06-09 15:29:14.915537408,-0.534912109375,-0.034423828125,-0.664794921875,-90.27099609375,88.9892578125,-47.4853515625,-0.06201171875,0.915283203125,-0.16845703125,18.24951171875,1.3427734375,-35.70556640625,-0.3671875,0.951904296875,0.258544921875,63.3544921875,77.5146484375,-67.07763671875,-0.059326171875,-0.91845703125,-0.2412109375,-26.67236328125,-178.3447265625,3.96728515625,-0.39794921875,-0.878173828125,-0.12841796875,-98.7548828125,-156.79931640625,59.5703125,-0.82763671875,0.1357421875,0.67041015625,-65.0634765625,-3.23486328125,38.6962890625,0.20415170770153068,19.232792206485975
2022-06-09 15:29:14.925698816,-0.600341796875,-0.04638671875,-0.69873046875,-88.623046875,112.548828125,-45.71533203125,-0.110595703125,1.03271484375,-0.201416015625,18.37158203125,7.2021484375,-29.47998046875,-0.446044921875,0.942138671875,0.251708984375,57.6171875,85.87646484375,-78.18603515625,0.114013671875,-1.008056640625,-0.223388671875,-28.74755859375,-191.71142578125,5.31005859375,-0.362548828125,-0.80517578125,-0.14208984375,-99.609375,-163.2080078125,61.95068359375,-1.051513671875,0.2861328125,0.609375,-64.453125,26.30615234375,35.888671875,0.5577991254258201,19.00643884255564
2022-06-09 15:29:14.935860480,-0.721435546875,-0.09716796875,-0.723388671875,-85.02197265625,134.6435546875,-41.6259765625,-0.1357421875,1.0390625,-0.279541015625,18.5546875,9.765625,-23.37646484375,-0.522216796875,0.885498046875,0.20556640625,51.69677734375,83.740234375,-88.37890625,0.178466796875,-1.06396484375,-0.1025390625,-23.681640625,-170.166015625,3.72314453125,-0.33447265625,-0.74755859375,-0.124755859375,-105.52978515625,-164.0625,64.02587890625,-1.177001953125,0.275390625,0.504150390625,-63.41552734375,5.859375,32.28759765625,0.9272871391980075,18.663379299431654
2022-06-09 15:29:14.946022144,-0.845947265625,-0.1435546875,-0.716552734375,-77.08740234375,132.38525390625,-37.109375,-0.112548828125,0.98681640625,-0.319091796875,16.4794921875,9.27734375,-17.39501953125,-0.58544921875,0.813232421875,0.175048828125,50.537109375,70.73974609375,-95.39794921875,0.13623046875,-1.089599609375,-0.029296875,-15.13671875,-131.7138671875,0.6103515625,-0.343505859375,-0.736083984375,-0.114013671875,-117.37060546875,-161.31591796875,68.17626953125,-1.217529296875,0.254150390625,0.502197265625,-58.349609375,-17.822265625,34.5458984375,1.3442026897080694,18.232951295891027
2022-06-09 15:29:14.956183552,-0.873046875,-0.193115234375,-0.707763671875,-71.47216796875,106.75048828125,-35.09521484375,-0.08740234375,0.93359375,-0.2900390625,12.14599609375,6.7138671875,-12.75634765625,-0.6298828125,0.777587890625,0.169189453125,54.931640625,51.08642578125,-100.03662109375,0.13671875,-1.117431640625,-0.005859375,-7.568359375,-94.05517578125,-1.28173828125,-0.3759765625,-0.772705078125,-0.135986328125,-131.2255859375,-162.17041015625,75.439453125,-1.238037109375,0.109619140625,0.50390625,-55.7861328125,-10.6201171875,34.97314453125,1.8166112327341288,17.765201742881437
2022-06-09 15:29:14.966345216,-0.804931640625,-0.242919921875,-0.69140625,-70.1904296875,77.5146484375,-35.5224609375,-0.05029296875,0.908935546875,-0.25390625,8.056640625,5.126953125,-9.33837890625,-0.650146484375,0.79638671875,0.1728515625,60.36376953125,27.34375,-103.94287109375,0.132080078125,-1.105224609375,0.004150390625,-1.708984375,-60.72998046875,-3.0517578125,-0.404541015625,-0.82080078125,-0.180908203125,-142.2119140625,-170.22705078125,82.82470703125,-1.295654296875,0.015869140625,0.44287109375,-47.30224609375,17.02880859375,30.6396484375,2.3290888372067684,17.28977680202307
2022-06-09 15:29:14.976506624,-0.711181640625,-0.280029296875,-0.67529296875,-69.4580078125,58.837890625,-36.62109375,-0.06787109375,0.8798828125,-0.2705078125,5.0048828125,2.44140625,-5.67626953125,-0.645751953125,0.83251953125,0.171630859375,63.1103515625,0.732421875,-106.5673828125,0.119140625,-1.052734375,-0.02294921875,3.662109375,-32.65380859375,-4.8828125,-0.39404296875,-0.85791015625,-0.216064453125,-149.169921875,-181.884765625,88.37890625,-1.3349609375,-0.046142578125,0.372314453125,-45.166015625,22.27783203125,20.8740234375,2.8634024584479754,16.81045385315383
2022-06-09 15:29:14.986668288,-0.63330078125,-0.280029296875,-0.6875,-65.97900390625,51.3916015625,-36.68212890625,-0.055419921875,0.88427734375,-0.285888671875,3.0517578125,-1.708984375,-2.74658203125,-0.634765625,0.85107421875,0.1630859375,62.6220703125,-27.7099609375,-107.7880859375,0.010498046875,-0.99365234375,-0.0419921875,9.033203125,-8.544921875,-6.2255859375,-0.361572265625,-0.89208984375,-0.21044921875,-154.1748046875,-192.81005859375,92.22412109375,-1.2275390625,-0.058837890625,0.349609375,-44.3115234375,2.86865234375,4.94384765625,3.4111969109793208,16.323271532537916
2022-06-09 15:29:14.996829952,-0.58935546875,-0.247802734375,-0.71630859375,-60.9130859375,51.81884765625,-35.09521484375,-0.0126953125,0.965087890625,-0.226806640625,0.0,-2.38037109375,-0.244140625,-0.610595703125,0.830810546875,0.14697265625,59.9365234375,-55.7861328125,-109.55810546875,-0.1591796875,-0.914306640625,-0.082763671875,12.87841796875,5.859375,-7.9345703125,-0.360595703125,-0.93701171875,-0.201904296875,-157.53173828125,-204.16259765625,94.6044921875,-1.034912109375,-0.071044921875,0.34326171875,-46.93603515625,-6.34765625,-14.2822265625,3.97107675735354,15.8177324201124
2022-06-09 15:29:15.006991616,-0.57275390625,-0.198486328125,-0.713134765625,-53.955078125,56.70166015625,-32.3486328125,-0.0751953125,0.983154296875,-0.17333984375,-2.8076171875,0.244140625,4.21142578125,-0.55908203125,0.7998046875,0.150634765625,56.640625,-79.77294921875,-112.3046875,-0.134765625,-0.989990234375,-0.101806640625,11.8408203125,5.126953125,-7.8125,-0.385986328125,-0.980712890625,-0.2060546875,-159.3017578125,-217.71240234375,96.19140625,-0.94287109375,-0.126220703125,0.306640625,-51.513671875,11.5966796875,-31.73828125,4.539803104548255,15.279741692329033
2022-06-09 15:29:15.017153280,-0.5908203125,-0.16796875,-0.69384765625,-45.83740234375,60.791015625,-28.9306640625,-0.10498046875,0.984619140625,-0.180908203125,-2.5634765625,-1.89208984375,9.94873046875,-0.521240234375,0.784912109375,0.169677734375,52.42919921875,-98.0224609375,-114.1357421875,0.044189453125,-1.147216796875,-0.06982421875,10.25390625,-0.244140625,-7.9345703125,-0.389892578125,-1.028564453125,-0.23095703125,-159.60693359375,-232.72705078125,97.65625,-0.96044921875,-0.1572265625,0.25244140625,-52.79541015625,31.982421875,-45.34912109375,5.110208470397122,14.705083584715226
2022-06-09 15:29:15.027314688,-0.613525390625,-0.154541015625,-0.68017578125,-35.58349609375,60.11962890625,-24.96337890625,-0.16748046875,0.944091796875,-0.190185546875,-2.685546875,-3.0517578125,15.68603515625,-0.51416015625,0.8203125,0.23779296875,39.36767578125,-132.6904296875,-111.38916015625,0.079345703125,-1.118896484375,0.018798828125,9.46044921875,-3.90625,-10.8642578125,-0.327392578125,-1.0693359375,-0.30859375,-158.02001953125,-244.5068359375,99.9755859375,-0.9541015625,-0.16748046875,0.223876953125,-52.67333984375,31.06689453125,-56.15234375,5.66821868453771,14.09320702657407
2022-06-09 15:29:15.037476352,-0.626708984375,-0.148193359375,-0.679931640625,-24.7802734375,54.6875,-21.484375,-0.142822265625,0.8564453125,-0.263427734375,-1.3427734375,-7.14111328125,20.20263671875,-0.517822265625,0.85986328125,0.2734375,30.45654296875,-153.62548828125,-108.3984375,-0.007080078125,-1.037109375,0.08984375,8.7890625,-1.77001953125,-14.5263671875,-0.255859375,-1.108154296875,-0.385986328125,-154.4189453125,-246.15478515625,102.5390625,-0.872314453125,-0.185791015625,0.21533203125,-51.94091796875,18.6767578125,-64.88037109375,6.196549239701714,13.453643620874352
2022-06-09 15:29:15.047638016,-0.62939453125,-0.129150390625,-0.68310546875,-15.2587890625,47.66845703125,-19.6533203125,-0.06201171875,0.881103515625,-0.28271484375,-0.06103515625,-11.41357421875,22.216796875,-0.45947265625,0.8994140625,0.263427734375,20.32470703125,-169.5556640625,-105.77392578125,-0.02197265625,-1.022216796875,0.049072265625,7.99560546875,-0.732421875,-16.7236328125,-0.236083984375,-1.141357421875,-0.418701171875,-147.0947265625,-241.943359375,104.18701171875,-0.77685546875,-0.19140625,0.21240234375,-49.98779296875,12.20703125,-70.9228515625,6.678120567669662,12.793606533504487
2022-06-09 15:29:15.057798912,-0.620849609375,-0.107421875,-0.70458984375,-9.09423828125,41.015625,-19.53125,-0.02001953125,0.916015625,-0.241455078125,-1.708984375,-8.23974609375,22.52197265625,-0.358154296875,0.9111328125,0.226318359375,7.9345703125,-171.38671875,-105.1025390625,-0.119384765625,-0.969970703125,-0.029296875,7.080078125,-3.41796875,-21.8505859375,-0.236083984375,-1.15087890625,-0.43212890625,-136.3525390625,-241.0888671875,105.16357421875,-0.72412109375,-0.174560546875,0.197998046875,-47.4853515625,15.56396484375,-72.81494140625,7.094205983571097,12.094224329923165
2022-06-09 15:29:15.067959552,-0.609619140625,-0.083251953125,-0.731689453125,-7.080078125,36.865234375,-20.6298828125,0.01708984375,0.96875,-0.198974609375,-2.74658203125,-5.06591796875,22.52197265625,-0.250732421875,0.885009765625,0.185546875,-7.568359375,-157.16552734375,-105.3466796875,-0.048095703125,-0.9951171875,-0.075927734375,5.2490234375,-9.46044921875,-22.52197265625,-0.197509765625,-1.167724609375,-0.4228515625,-126.0986328125,-241.63818359375,106.5673828125,-0.721435546875,-0.14404296875,0.170654296875,-44.61669921875,20.8740234375,-69.88525390625,7.435305333963587,11.329368054031761
2022-06-09 15:29:15.078120448,-0.6025390625,-0.069580078125,-0.72509765625,-8.7890625,36.68212890625,-22.216796875,0.0224609375,0.984619140625,-0.181640625,-3.5400390625,-0.79345703125,23.01025390625,-0.234375,0.854736328125,0.1416015625,-22.52197265625,-132.6904296875,-104.30908203125,0.052001953125,-0.996826171875,-0.07421875,5.859375,-11.8408203125,-23.0712890625,-0.158203125,-1.199462890625,-0.373046875,-115.53955078125,-236.9384765625,107.177734375,-0.734375,-0.09521484375,0.142578125,-40.8935546875,19.59228515625,-63.90380859375,7.702856675635044,10.494343608309762
2022-06-09 15:29:15.088281088,-0.615234375,-0.063720703125,-0.70556640625,-12.39013671875,37.90283203125,-24.0478515625,0.036376953125,0.9921875,-0.20068359375,-2.44140625,2.50244140625,23.86474609375,-0.107666015625,0.84619140625,0.2001953125,-33.63037109375,-92.1630859375,-104.00390625,0.076416015625,-0.984130859375,-0.07958984375,7.8125,-8.48388671875,-23.49853515625,-0.141357421875,-1.2333984375,-0.286865234375,-102.1728515625,-227.294921875,105.1025390625,-0.73974609375,-0.035888671875,0.133056640625,-36.80419921875,11.1083984375,-56.94580078125,7.8984372349320395,9.602878806390684
2022-06-09 15:29:15.098441984,-0.630859375,-0.046630859375,-0.720703125,-16.17431640625,35.0341796875,-26.0009765625,-0.017822265625,0.972412109375,-0.175537109375,-2.197265625,7.50732421875,24.96337890625,0.05029296875,0.83251953125,0.2734375,-44.98291015625,-24.96337890625,-102.72216796875,0.082275390625,-1.042724609375,-0.099609375,8.11767578125,-3.90625,-23.5595703125,-0.124267578125,-1.240478515625,-0.23388671875,-87.0361328125,-214.9658203125,103.08837890625,-0.71435546875,-0.01318359375,0.13134765625,-33.447265625,2.62451171875,-51.7578125,8.015470842673817,8.66518058326831
2022-06-09 15:29:15.108602880,-0.624267578125,-0.052490234375,-0.7646484375,-20.1416015625,27.9541015625,-27.77099609375,-0.1015625,0.847412109375,-0.2275390625,-2.8076171875,9.82666015625,27.34375,-0.118408203125,0.834716796875,0.345703125,-59.2041015625,54.8095703125,-102.6611328125,0.006591796875,-1.06884765625,-0.04296875,7.6904296875,1.03759765625,-25.2685546875,-0.121337890625,-1.221435546875,-0.226806640625,-73.05908203125,-201.0498046875,103.94287109375,-0.684326171875,-0.013671875,0.143798828125,-28.38134765625,1.03759765625,-50.47607421875,8.040398826234558,7.672149980945925
2022-06-09 15:29:15.118763776,-0.601806640625,-0.06689453125,-0.78515625,-20.751953125,21.66748046875,-28.4423828125,-0.038330078125,0.87646484375,-0.277587890625,0.67138671875,2.62451171875,28.076171875,-0.432861328125,0.81591796875,0.315673828125,-70.80078125,101.1962890625,-109.19189453125,-0.08837890625,-1.02978515625,0.054931640625,6.34765625,2.9296875,-29.1748046875,-0.146484375,-1.16943359375,-0.241943359375,-60.36376953125,-187.68310546875,104.4921875,-0.6826171875,-0.0390625,0.15673828125,-23.5595703125,7.26318359375,-52.55126953125,7.971612020453138,6.588685882650367
2022-06-09 15:29:15.128924672,-0.578857421875,-0.07666015625,-0.781982421875,-18.06640625,19.775390625,-27.2216796875,0.02197265625,0.915283203125,-0.23876953125,-0.06103515625,0.732421875,28.1982421875,-0.66455078125,0.78759765625,0.242431640625,-72.1435546875,90.576171875,-111.02294921875,-0.089111328125,-0.9765625,0.042236328125,4.57763671875,-0.79345703125,-32.89794921875,-0.19384765625,-1.124755859375,-0.245361328125,-51.69677734375,-176.69677734375,103.6376953125,-0.710205078125,-0.080322265625,0.15380859375,-19.83642578125,15.31982421875,-55.5419921875,7.82865064677188,5.439209515812273
2022-06-09 15:29:15.139085312,-0.583984375,-0.081787109375,-0.77099609375,-14.16015625,21.97265625,-24.71923828125,0.020751953125,0.930419921875,-0.228271484375,-1.8310546875,1.708984375,28.80859375,-0.622802734375,0.768310546875,0.15625,-65.0634765625,41.8701171875,-102.84423828125,-0.034423828125,-0.972900390625,-0.076416015625,0.244140625,-8.97216796875,-33.26416015625,-0.230712890625,-1.11572265625,-0.23291015625,-45.8984375,-167.96875,100.89111328125,-0.7431640625,-0.1162109375,0.135986328125,-16.29638671875,19.4091796875,-58.2275390625,7.646750062816443,4.336137014977602
2022-06-09 15:29:15.149246208,-0.614501953125,-0.064208984375,-0.7802734375,-10.92529296875,22.705078125,-21.8505859375,-0.091552734375,0.884765625,-0.20263671875,-4.08935546875,4.2724609375,29.9072265625,-0.471435546875,0.761474609375,0.064208984375,-56.884765625,-6.77490234375,-89.66064453125,0.12060546875,-1.04150390625,-0.126953125,-3.662109375,-14.22119140625,-31.67724609375,-0.267333984375,-1.13525390625,-0.235595703125,-39.794921875,-159.5458984375,96.25244140625,-0.757568359375,-0.142578125,0.1162109375,-13.3056640625,18.9208984375,-59.814453125,7.448283025605219,3.3700928379468493
2022-06-09 15:29:15.159407104,-0.64306640625,-0.058349609375,-0.830810546875,-10.92529296875,18.9208984375,-19.22607421875,0.080810546875,0.970947265625,-0.156982421875,-3.41796875,-1.46484375,32.16552734375,-0.42431640625,0.773193359375,-0.03125,-52.001953125,-31.18896484375,-84.04541015625,0.154296875,-1.060302734375,-0.007080078125,-3.662109375,-10.43701171875,-33.8134765625,-0.302490234375,-1.159912109375,-0.249267578125,-32.2265625,-151.0009765625,91.9189453125,-0.744384765625,-0.155517578125,0.087158203125,-11.5966796875,18.00537109375,-60.302734375,7.2324487387734955,2.524608862602335
2022-06-09 15:29:15.169567744,-0.664794921875,-0.044677734375,-0.894775390625,-10.43701171875,13.3056640625,-17.15087890625,0.083740234375,0.94384765625,-0.192138671875,-7.62939453125,-0.3662109375,33.203125,-0.4033203125,0.810302734375,-0.09130859375,-48.095703125,-37.17041015625,-87.58544921875,0.151611328125,-1.0654296875,-0.02880859375,-1.64794921875,-2.197265625,-35.33935546875,-0.307373046875,-1.171142578125,-0.28515625,-22.76611328125,-142.822265625,87.7685546875,-0.72705078125,-0.146728515625,0.05859375,-10.009765625,19.22607421875,-58.41064453125,6.98535989704218,1.7157634439825884
2022-06-09 15:29:15.179728640,-0.689208984375,-0.0244140625,-0.9501953125,-9.33837890625,8.4228515625,-15.93017578125,0.018798828125,0.900634765625,-0.261474609375,-8.23974609375,-4.2724609375,33.0810546875,-0.3662109375,0.867919921875,-0.123046875,-43.0908203125,-33.87451171875,-89.599609375,0.052001953125,-1.04248046875,-0.115478515625,-2.13623046875,0.8544921875,-35.94970703125,-0.287353515625,-1.14453125,-0.30810546875,-12.0849609375,-133.4228515625,84.16748046875,-0.724365234375,-0.13427734375,0.037109375,-9.21630859375,22.3388671875,-54.0771484375,6.693181116262803,0.9109527221316469
2022-06-09 15:29:15.189889536,-0.72119140625,-0.013427734375,-0.985107421875,-8.48388671875,2.74658203125,-15.07568359375,-0.042724609375,0.88330078125,-0.205322265625,-9.70458984375,-6.40869140625,34.36279296875,-0.342041015625,0.945556640625,-0.062744140625,-39.97802734375,-20.1416015625,-88.7451171875,0.089111328125,-1.0615234375,-0.12744140625,-1.46484375,0.67138671875,-37.04833984375,-0.363525390625,-1.091552734375,-0.27880859375,-4.82177734375,-122.98583984375,80.99365234375,-0.727783203125,-0.113525390625,0.022216796875,-7.75146484375,25.390625,-48.2177734375,6.3595583475194,0.12816654022322282
2022-06-09 15:29:15.200050432,-0.7451171875,0.009521484375,-1.00537109375,-8.30078125,-5.18798828125,-13.97705078125,-0.051513671875,0.876220703125,-0.1884765625,-10.92529296875,-8.23974609375,37.109375,-0.324951171875,1.012939453125,0.03466796875,-44.61669921875,2.44140625,-89.17236328125,0.183349609375,-1.103515625,-0.0947265625,0.42724609375,4.33349609375,-37.65869140625,-0.52783203125,-1.106201171875,-0.224365234375,-5.06591796875,-122.1923828125,77.08740234375,-0.73095703125,-0.080078125,0.009033203125,-5.06591796875,28.076171875,-41.32080078125,6.022998001457788,-0.6494134528147271
2022-06-09 15:29:15.210211328,-0.759033203125,0.017822265625,-1.016357421875,-9.27734375,-12.5732421875,-12.39013671875,0.023193359375,0.93994140625,-0.158447265625,-8.544921875,-9.521484375,39.0625,-0.369140625,1.039794921875,0.10205078125,-53.466796875,22.03369140625,-87.09716796875,0.148193359375,-1.046630859375,-0.097412109375,2.86865234375,8.056640625,-37.29248046875,-0.502197265625,-1.14501953125,-0.180908203125,-1.220703125,-143.49365234375,66.46728515625,-0.71630859375,-0.0498046875,-0.014892578125,-2.9296875,31.25,-34.36279296875,5.722725230866127,-1.4458522521693595
2022-06-09 15:29:15.220371968,-0.78076171875,0.01318359375,-1.019775390625,-8.85009765625,-15.44189453125,-10.009765625,0.036376953125,0.946533203125,-0.1142578125,-7.99560546875,-4.8828125,40.46630859375,-0.500244140625,1.0361328125,0.149169921875,-59.14306640625,20.5078125,-78.91845703125,0.179931640625,-1.035888671875,-0.10107421875,4.39453125,8.97216796875,-35.2783203125,-0.421142578125,-1.137451171875,-0.148193359375,9.82666015625,-172.2412109375,49.25537109375,-0.708740234375,-0.015380859375,-0.03955078125,-1.28173828125,37.4755859375,-28.25927734375,5.469129649887391,-2.22460847471476
2022-06-09 15:29:15.230532864,-0.811767578125,0.0068359375,-1.033203125,-7.87353515625,-14.6484375,-7.080078125,0.10107421875,0.98193359375,-0.119140625,-5.92041015625,-1.89208984375,40.22216796875,-0.598388671875,1.037109375,0.185546875,-59.87548828125,-2.99072265625,-73.3642578125,0.10693359375,-0.99853515625,-0.089111328125,5.4931640625,10.25390625,-33.02001953125,-0.3642578125,-1.13623046875,-0.153564453125,16.66259765625,-199.3408203125,40.6494140625,-0.72265625,0.0283203125,-0.0517578125,-1.28173828125,45.8984375,-23.25439453125,5.244095097428261,-2.9482861744686133
2022-06-09 15:29:15.240693504,-0.842041015625,-0.02490234375,-1.05126953125,-7.50732421875,-15.625,-4.39453125,0.132080078125,0.971923828125,-0.127685546875,-3.173828125,0.48828125,38.57421875,-0.586181640625,1.064697265625,0.266845703125,-59.6923828125,-30.94482421875,-70.86181640625,0.0966796875,-1.00439453125,-0.0517578125,5.859375,11.16943359375,-31.494140625,-0.1728515625,-1.185791015625,-0.01123046875,25.08544921875,-208.80126953125,38.39111328125,-0.75439453125,0.067138671875,-0.0419921875,-2.9296875,53.03955078125,-19.6533203125,5.0007417597748525,-3.6254590682491283
2022-06-09 15:29:15.250854400,-0.8583984375,-0.062744140625,-1.04541015625,-7.50732421875,-20.1416015625,-2.685546875,0.1552734375,0.94287109375,-0.12841796875,-0.6103515625,3.72314453125,36.62109375,-0.574951171875,1.10400390625,0.417724609375,-62.5,-45.95947265625,-67.2607421875,0.156494140625,-1.0517578125,0.02099609375,3.7841796875,11.71875,-30.21240234375,0.04052734375,-1.1865234375,0.240478515625,42.66357421875,-165.46630859375,35.82763671875,-0.787353515625,0.100830078125,-0.015380859375,-6.8359375,56.33544921875,-17.822265625,4.679626838499457,-4.268426475239497
2022-06-09 15:29:15.261015296,-0.8642578125,-0.100830078125,-1.025634765625,-9.27734375,-23.25439453125,-2.44140625,0.133056640625,0.92822265625,-0.13916015625,1.46484375,8.60595703125,34.24072265625,-0.5712890625,1.150390625,0.55078125,-68.603515625,-41.748046875,-66.89453125,0.16552734375,-1.01416015625,0.036376953125,1.15966796875,10.92529296875,-28.4423828125,-0.06396484375,-1.199951171875,0.47021484375,56.0302734375,-86.97509765625,36.56005859375,-0.795166015625,0.1484375,-0.0107421875,-11.71875,55.419921875,-17.822265625,4.2528398908378655,-4.90115412830454
2022-06-09 15:29:15.271176192,-0.873046875,-0.132568359375,-1.029541015625,-10.68115234375,-23.681640625,-3.72314453125,0.091552734375,0.90087890625,-0.19775390625,4.21142578125,10.92529296875,31.25,-0.517333984375,1.13232421875,0.525146484375,-78.0029296875,-26.91650390625,-66.83349609375,0.201904296875,-1.03759765625,0.028076171875,-1.77001953125,8.1787109375,-25.7568359375,-0.26416015625,-1.239990234375,0.639404296875,67.138671875,-11.41357421875,44.98291015625,-0.826171875,0.147216796875,-0.018310546875,-19.1650390625,54.50439453125,-20.01953125,3.7020492272480965,-5.554924242583532
2022-06-09 15:29:15.281337088,-0.874755859375,-0.156982421875,-1.054443359375,-10.1318359375,-26.9775390625,-5.859375,0.14599609375,0.9296875,-0.230224609375,7.62939453125,10.8642578125,27.64892578125,-0.451171875,1.003173828125,0.34228515625,-85.205078125,-13.7939453125,-65.12451171875,0.17919921875,-1.0419921875,0.0458984375,-4.150390625,7.32421875,-23.4375,-0.520263671875,-1.22802734375,0.6328125,75.8056640625,30.57861328125,45.34912109375,-1.029296875,0.160400390625,0.050048828125,-33.447265625,55.72509765625,-30.09033203125,3.045388336431243,-6.225932556369454
2022-06-09 15:29:15.291497728,-0.8515625,-0.166015625,-1.079833984375,-5.615234375,-34.66796875,-7.2021484375,0.235595703125,0.958251953125,-0.218017578125,9.1552734375,12.451171875,24.658203125,-0.443603515625,0.85302734375,0.113037109375,-84.228515625,-9.33837890625,-62.31689453125,0.218994140625,-1.061767578125,0.06640625,-7.26318359375,7.4462890625,-20.8740234375,-0.68505859375,-1.20068359375,0.599853515625,88.31787109375,39.0625,29.78515625,-1.13671875,0.155029296875,0.113037109375,-40.6494140625,49.6826171875,-36.80419921875,2.368641674025522,-6.875357227837011
2022-06-09 15:29:15.301658624,-0.802734375,-0.1572265625,-1.074951171875,3.35693359375,-42.66357421875,-6.7138671875,0.236083984375,0.94287109375,-0.21533203125,9.765625,13.00048828125,21.42333984375,-0.466796875,0.767578125,-0.01611328125,-75.98876953125,-16.54052734375,-57.06787109375,0.22607421875,-1.078369140625,0.072998046875,-9.27734375,9.27734375,-19.04296875,-0.694091796875,-1.126220703125,0.568359375,101.50146484375,41.56494140625,18.12744140625,-1.184326171875,0.1220703125,0.08447265625,-46.142578125,38.4521484375,-42.05322265625,1.7021903585268259,-7.448284522988626
2022-06-09 15:29:15.311819520,-0.75244140625,-0.133056640625,-1.06103515625,14.95361328125,-46.08154296875,-4.150390625,0.235107421875,0.93408203125,-0.220703125,10.55908203125,12.3291015625,17.578125,-0.470947265625,0.757080078125,-0.013671875,-65.24658203125,-31.25,-49.13330078125,0.19873046875,-1.068359375,0.02490234375,-10.68115234375,10.25390625,-17.08984375,-0.671142578125,-1.027587890625,0.495849609375,111.99951171875,46.56982421875,14.2822265625,-1.183349609375,0.093017578125,0.01171875,-46.630859375,28.50341796875,-44.7998046875,1.0100060775403588,-7.89749210577601
2022-06-09 15:29:15.321980160,-0.72607421875,-0.07958984375,-1.0478515625,26.2451171875,-43.64013671875,-1.0986328125,0.207275390625,0.94384765625,-0.217529296875,10.3759765625,13.0615234375,13.85498046875,-0.4111328125,0.783935546875,0.035888671875,-55.5419921875,-40.771484375,-41.259765625,0.23779296875,-1.058349609375,-0.029052734375,-12.5732421875,9.21630859375,-14.404296875,-0.662353515625,-0.921630859375,0.360107421875,114.1357421875,57.67822265625,17.9443359375,-1.16064453125,0.0810546875,-0.046142578125,-45.41015625,28.80859375,-46.142578125,0.273741049967688,-8.208133437320107
2022-06-09 15:29:15.332141056,-0.724365234375,-0.06640625,-1.055908203125,32.3486328125,-37.7197265625,0.8544921875,0.19091796875,0.94482421875,-0.236328125,9.3994140625,14.95361328125,10.25390625,-0.437255859375,0.822509765625,0.069580078125,-48.76708984375,-37.04833984375,-35.21728515625,0.27197265625,-1.022216796875,-0.05712890625,-13.5498046875,8.85009765625,-12.02392578125,-0.705810546875,-0.83935546875,0.219482421875,109.130859375,66.58935546875,17.9443359375,-1.115966796875,0.0888671875,-0.108154296875,-42.724609375,37.2314453125,-47.05810546875,-0.4670118366935032,-8.39949536380134
2022-06-09 15:29:15.342301952,-0.741943359375,-0.05224609375,-1.0634765625,37.2314453125,-33.0810546875,2.0751953125,0.216064453125,0.958984375,-0.231201171875,9.3994140625,16.29638671875,7.4462890625,-0.529052734375,0.852783203125,0.10888671875,-45.41015625,-23.98681640625,-33.447265625,0.28759765625,-1.036865234375,-0.08203125,-13.61083984375,9.1552734375,-8.72802734375,-0.772705078125,-0.78369140625,0.119140625,100.40283203125,63.4765625,15.380859375,-1.05810546875,0.0556640625,-0.13427734375,-41.32080078125,45.59326171875,-46.0205078125,-1.151180473307182,-8.515817391845982
2022-06-09 15:29:15.352462848,-0.76123046875,-0.010498046875,-1.059326171875,39.48974609375,-31.31103515625,1.64794921875,0.20458984375,0.942138671875,-0.215087890625,8.6669921875,17.7001953125,4.5166015625,-0.583251953125,0.86767578125,0.14208984375,-43.51806640625,-11.962890625,-31.92138671875,0.262451171875,-1.062744140625,-0.096435546875,-13.427734375,8.6669921875,-5.18798828125,-0.80224609375,-0.767578125,0.066650390625,88.43994140625,52.42919921875,14.5263671875,-1.07080078125,-0.02392578125,-0.08154296875,-45.59326171875,47.91259765625,-43.39599609375,-1.751116237682691,-8.59068058826362
2022-06-09 15:29:15.362623744,-0.779541015625,0.002197265625,-1.05908203125,36.4990234375,-30.09033203125,-0.67138671875,0.191650390625,0.927001953125,-0.22705078125,7.9345703125,19.4091796875,0.79345703125,-0.6201171875,0.880126953125,0.159912109375,-40.8935546875,-0.54931640625,-31.005859375,0.250732421875,-1.076904296875,-0.0927734375,-13.48876953125,7.568359375,-2.3193359375,-0.810546875,-0.79052734375,0.0546875,76.84326171875,44.3115234375,15.31982421875,-1.18310546875,-0.115966796875,-0.0224609375,-58.2275390625,35.5224609375,-41.50390625,-2.268970183233739,-8.631281949599106
2022-06-09 15:29:15.372784384,-0.810546875,0.015625,-1.066650390625,32.2265625,-27.28271484375,-3.60107421875,0.178466796875,0.96875,-0.194580078125,8.056640625,21.484375,-2.44140625,-0.672607421875,0.899658203125,0.18017578125,-38.39111328125,12.51220703125,-32.958984375,0.235107421875,-1.085205078125,-0.0751953125,-13.61083984375,7.2021484375,-0.1220703125,-0.860595703125,-0.828369140625,0.077392578125,67.93212890625,37.353515625,14.404296875,-1.24462890625,-0.14599609375,0.095703125,-63.720703125,6.77490234375,-44.12841796875,-2.7148066262779906,-8.653129174844803
2022-06-09 15:29:15.382945280,-0.85791015625,0.03515625,-1.085205078125,27.28271484375,-24.2919921875,-6.34765625,0.156005859375,1.030517578125,-0.104736328125,7.75146484375,24.59716796875,-4.0283203125,-0.787109375,0.931884765625,0.220458984375,-37.17041015625,22.64404296875,-34.1796875,0.24658203125,-1.078369140625,-0.07568359375,-13.671875,7.75146484375,1.77001953125,-0.8896484375,-0.856201171875,0.158203125,62.56103515625,26.67236328125,13.24462890625,-1.14697265625,-0.044677734375,0.211669921875,-59.2041015625,-13.427734375,-54.443359375,-3.102728127967131,-8.6707821609294
2022-06-09 15:29:15.393105920,-0.904052734375,0.0517578125,-1.10302734375,23.4375,-23.8037109375,-8.72802734375,0.1259765625,1.079833984375,-0.05810546875,8.544921875,24.4140625,-3.35693359375,-0.919677734375,0.9580078125,0.3046875,-39.55078125,23.193359375,-35.64453125,0.255859375,-1.0673828125,-0.0888671875,-13.427734375,8.6669921875,3.90625,-0.888427734375,-0.87158203125,0.25244140625,59.99755859375,15.5029296875,12.63427734375,-1.059326171875,0.048095703125,0.25,-61.1572265625,4.5166015625,-72.20458984375,-3.455524439938282,-8.696137407035904
2022-06-09 15:29:15.403266816,-0.932861328125,0.037841796875,-1.13037109375,19.53125,-26.42822265625,-9.94873046875,0.13916015625,1.0625,-0.13427734375,12.0849609375,17.9443359375,-3.173828125,-1.02197265625,0.974853515625,0.4248046875,-42.54150390625,10.07080078125,-35.21728515625,0.213134765625,-1.07421875,-0.0810546875,-12.02392578125,11.474609375,5.7373046875,-0.93505859375,-0.89892578125,0.30712890625,56.7626953125,7.99560546875,10.43701171875,-1.198486328125,0.109375,0.35693359375,-72.20458984375,48.88916015625,-93.68896484375,-3.7762023171635084,-8.734369530166033
2022-06-09 15:29:15.413427712,-0.945068359375,0.035888671875,-1.16455078125,17.7001953125,-29.541015625,-9.33837890625,0.195068359375,0.989990234375,-0.231201171875,13.61083984375,16.357421875,-5.615234375,-1.048095703125,0.9970703125,0.518310546875,-42.54150390625,-10.92529296875,-32.470703125,0.15380859375,-1.0966796875,-0.061279296875,-10.31494140625,13.97705078125,6.34765625,-0.938232421875,-0.9326171875,0.357177734375,55.60302734375,5.615234375,8.11767578125,-1.41259765625,0.074462890625,0.45166015625,-84.16748046875,67.87109375,-114.501953125,-4.062580533869452,-8.762534609413004
2022-06-09 15:29:15.423588608,-0.978515625,0.05078125,-1.181396484375,15.56396484375,-23.01025390625,-7.75146484375,0.20458984375,0.923828125,-0.255615234375,14.0380859375,16.6015625,-8.60595703125,-0.97509765625,0.9951171875,0.499755859375,-43.02978515625,-28.4423828125,-30.70068359375,0.125244140625,-1.114990234375,-0.045166015625,-9.09423828125,16.11328125,5.55419921875,-0.9130859375,-0.93994140625,0.39453125,59.6923828125,13.24462890625,6.04248046875,-1.40869140625,0.15087890625,0.364013671875,-76.96533203125,44.5556640625,-127.50244140625,-4.33995563816745,-8.769846475393456
2022-06-09 15:29:15.433749504,-1.064697265625,0.0224609375,-1.194091796875,9.70458984375,-6.77490234375,-6.591796875,0.218017578125,0.9345703125,-0.224609375,14.404296875,17.7001953125,-11.29150390625,-0.8681640625,0.9619140625,0.40771484375,-46.0205078125,-33.02001953125,-29.11376953125,0.15283203125,-1.068359375,-0.05859375,-8.6669921875,17.15087890625,4.39453125,-0.96826171875,-0.9072265625,0.4140625,64.3310546875,30.2734375,5.92041015625,-1.152587890625,0.237548828125,0.3974609375,-63.17138671875,10.68115234375,-126.64794921875,-4.636545468739885,-8.770487738383157
2022-06-09 15:29:15.443910144,-1.183349609375,-0.006103515625,-1.17529296875,3.72314453125,3.173828125,-5.79833984375,0.18798828125,0.899658203125,-0.268310546875,12.75634765625,20.1416015625,-13.7939453125,-0.82080078125,0.834228515625,0.263427734375,-47.7294921875,-22.8271484375,-22.3388671875,0.22705078125,-0.994384765625,-0.091552734375,-8.85009765625,17.7001953125,5.4931640625,-1.076416015625,-0.84716796875,0.395751953125,66.22314453125,44.0673828125,8.23974609375,-0.8818359375,0.035888671875,0.543701171875,-61.34033203125,-0.6103515625,-115.234375,-4.961322401299174,-8.747203291372255
2022-06-09 15:29:15.454071040,-1.270263671875,-0.022705078125,-1.12255859375,-0.54931640625,-2.197265625,-5.37109375,0.0322265625,0.913330078125,-0.2861328125,18.6767578125,16.66259765625,-20.69091796875,-0.821533203125,0.810546875,0.245849609375,-41.6259765625,-23.13232421875,-17.9443359375,0.230712890625,-0.9814453125,-0.106201171875,-7.6904296875,16.78466796875,7.26318359375,-1.155517578125,-0.78173828125,0.354248046875,65.36865234375,43.9453125,7.87353515625,-0.825439453125,-0.075439453125,0.54833984375,-51.33056640625,14.6484375,-106.0791015625,-5.294306367781499,-8.666181583320864
2022-06-09 15:29:15.464232704,-1.2763671875,-0.005859375,-1.012451171875,0.48828125,-20.1416015625,-5.2490234375,0.12451171875,1.026123046875,-0.088623046875,16.29638671875,13.5498046875,-22.03369140625,-0.803955078125,0.826904296875,0.2841796875,-34.1796875,-23.86474609375,-11.41357421875,0.18701171875,-0.997314453125,-0.14501953125,-6.9580078125,15.7470703125,10.07080078125,-1.190673828125,-0.71875,0.331787109375,60.1806640625,30.33447265625,3.47900390625,-0.9560546875,-0.17041015625,0.526123046875,-43.9453125,31.79931640625,-102.783203125,-5.585455123253914,-8.506458819483282
2022-06-09 15:29:15.474394368,-1.198486328125,0.03564453125,-0.86083984375,2.8076171875,-40.71044921875,-5.18798828125,0.155517578125,1.022705078125,-0.124267578125,11.5966796875,13.0615234375,-21.42333984375,-0.777099609375,0.82080078125,0.352294921875,-29.72412109375,-23.0712890625,-2.685546875,0.113037109375,-1.010986328125,-0.1474609375,-6.103515625,15.07568359375,11.8408203125,-1.19384765625,-0.671630859375,0.34033203125,52.06298828125,8.056640625,-1.40380859375,-1.118408203125,-0.249267578125,0.500732421875,-42.54150390625,27.89306640625,-99.42626953125,-5.792260713430849,-8.253894989993901
2022-06-09 15:29:15.484555776,-1.08984375,0.050048828125,-0.779541015625,1.28173828125,-50.84228515625,-4.8828125,0.0908203125,0.966064453125,-0.1953125,8.97216796875,12.87841796875,-16.845703125,-0.793212890625,0.7880859375,0.417236328125,-27.40478515625,-20.08056640625,4.94384765625,0.102294921875,-1.017578125,-0.111083984375,-4.21142578125,14.5263671875,10.3759765625,-1.157958984375,-0.633056640625,0.37158203125,44.61669921875,-15.0146484375,-4.69970703125,-1.205810546875,-0.302001953125,0.5107421875,-46.93603515625,12.3291015625,-96.6796875,-5.910860764592067,-7.917243658811502
2022-06-09 15:29:15.494717440,-1.00732421875,0.051025390625,-0.748779296875,0.48828125,-48.15673828125,-3.7841796875,0.072021484375,0.896484375,-0.249755859375,7.99560546875,11.77978515625,-13.3056640625,-0.82373046875,0.741943359375,0.45947265625,-24.96337890625,-18.9208984375,9.521484375,0.1181640625,-1.03271484375,-0.07861328125,-2.13623046875,13.3056640625,7.87353515625,-1.128173828125,-0.59716796875,0.412353515625,38.4521484375,-34.3017578125,-6.2255859375,-1.25927734375,-0.31689453125,0.4609375,-53.77197265625,12.39013671875,-92.1630859375,-5.960493629984709,-7.5204479047451365
2022-06-09 15:29:15.504879104,-0.9638671875,0.043701171875,-0.6826171875,-1.52587890625,-42.724609375,-2.13623046875,0.06884765625,0.845703125,-0.260498046875,7.6904296875,10.92529296875,-10.31494140625,-0.853271484375,0.677001953125,0.4765625,-23.13232421875,-22.4609375,12.451171875,0.13330078125,-1.041748046875,-0.064208984375,0.0,12.3291015625,5.06591796875,-1.08056640625,-0.562744140625,0.44873046875,34.60693359375,-50.537109375,-5.55419921875,-1.283935546875,-0.266845703125,0.397216796875,-56.82373046875,23.25439453125,-79.833984375,-5.968274093374353,-7.0860427811108
2022-06-09 15:29:15.515040512,-0.910400390625,0.03125,-0.609130859375,-3.662109375,-45.59326171875,-1.15966796875,0.077880859375,0.8056640625,-0.2646484375,7.62939453125,10.25390625,-8.72802734375,-0.84228515625,0.596923828125,0.464599609375,-22.216796875,-28.86962890625,13.427734375,0.09619140625,-1.0556640625,-0.07666015625,2.01416015625,13.00048828125,2.3193359375,-0.99462890625,-0.5302734375,0.459228515625,34.60693359375,-63.232421875,-3.84521484375,-1.243408203125,-0.210693359375,0.3740234375,-59.4482421875,20.69091796875,-60.48583984375,-5.967502994019277,-6.634534412431318
2022-06-09 15:29:15.525202176,-0.829833984375,0.03125,-0.565673828125,-5.615234375,-55.72509765625,-0.732421875,0.0927734375,0.78515625,-0.264892578125,7.62939453125,9.3994140625,-7.9345703125,-0.80078125,0.51708984375,0.443603515625,-21.8505859375,-34.3017578125,13.671875,0.067138671875,-1.064208984375,-0.0673828125,2.9296875,11.3525390625,-0.30517578125,-0.895751953125,-0.485107421875,0.453369140625,37.2314453125,-69.3359375,-2.25830078125,-1.159912109375,-0.10888671875,0.36279296875,-57.4951171875,15.0146484375,-43.64013671875,-5.983983770048113,-6.182356683395248
2022-06-09 15:29:15.535363584,-0.742431640625,0.02099609375,-0.5498046875,-9.46044921875,-64.14794921875,0.06103515625,0.093994140625,0.772216796875,-0.263671875,7.75146484375,8.544921875,-7.6904296875,-0.734375,0.448974609375,0.42333984375,-22.4609375,-36.80419921875,14.22119140625,0.0849609375,-1.0625,-0.05517578125,3.5400390625,8.23974609375,-3.5400390625,-0.807861328125,-0.43896484375,0.44580078125,39.97802734375,-68.9697265625,0.30517578125,-1.106689453125,0.010986328125,0.32763671875,-51.8798828125,22.64404296875,-32.5927734375,-6.030488854906574,-5.736073776710073
2022-06-09 15:29:15.545525248,-0.672607421875,0.002197265625,-0.535888671875,-12.8173828125,-68.603515625,1.220703125,0.091064453125,0.769287109375,-0.255859375,8.85009765625,7.8125,-7.9345703125,-0.66015625,0.38525390625,0.392822265625,-23.98681640625,-38.14697265625,15.31982421875,0.09765625,-1.05322265625,-0.062255859375,3.41796875,6.04248046875,-5.92041015625,-0.7431640625,-0.396728515625,0.44873046875,41.748046875,-66.0400390625,3.96728515625,-1.0849609375,0.058349609375,0.274169921875,-48.03466796875,31.25,-24.47509765625,-6.112021832520444,-5.297356241474478
2022-06-09 15:29:15.555686912,-0.63134765625,-0.005615234375,-0.526123046875,-14.16015625,-71.47216796875,2.685546875,0.099853515625,0.775634765625,-0.248046875,10.009765625,7.01904296875,-8.056640625,-0.609130859375,0.3388671875,0.366943359375,-24.169921875,-37.9638671875,16.41845703125,0.10009765625,-1.04052734375,-0.070068359375,1.953125,2.38037109375,-6.77490234375,-0.69287109375,-0.375244140625,0.442626953125,41.9921875,-65.00244140625,7.32421875,-1.030029296875,0.064697265625,0.248779296875,-45.59326171875,29.11376953125,-16.17431640625,-6.223302301996101,-4.863005731482017
2022-06-09 15:29:15.565848576,-0.619140625,-0.01318359375,-0.53369140625,-13.916015625,-73.66943359375,4.21142578125,0.099365234375,0.7978515625,-0.2490234375,11.1083984375,7.14111328125,-7.6904296875,-0.559814453125,0.320556640625,0.364501953125,-23.49853515625,-32.958984375,15.44189453125,0.14208984375,-1.0322265625,-0.067138671875,0.91552734375,-1.28173828125,-7.2021484375,-0.650634765625,-0.361083984375,0.458740234375,41.68701171875,-66.46728515625,9.6435546875,-0.95263671875,0.062255859375,0.24072265625,-44.49462890625,26.123046875,-5.615234375,-6.352724851749777,-4.4366953193496315
2022-06-09 15:29:15.576010240,-0.631591796875,-0.02197265625,-0.546142578125,-12.75634765625,-75.01220703125,5.18798828125,0.089111328125,0.828369140625,-0.25,12.39013671875,7.14111328125,-6.9580078125,-0.525390625,0.322509765625,0.38134765625,-23.8037109375,-26.79443359375,14.2822265625,0.16845703125,-1.0322265625,-0.0537109375,0.79345703125,-1.03759765625,-7.75146484375,-0.612548828125,-0.36083984375,0.482421875,39.97802734375,-69.64111328125,11.1083984375,-0.9208984375,0.06640625,0.22998046875,-45.71533203125,30.94482421875,5.615234375,-6.487205807656902,-4.029000649539428
2022-06-09 15:29:15.586171648,-0.6650390625,-0.030517578125,-0.560546875,-11.3525390625,-75.62255859375,5.2490234375,0.08154296875,0.850830078125,-0.2412109375,14.16015625,6.16455078125,-6.04248046875,-0.533935546875,0.340576171875,0.412353515625,-24.59716796875,-23.98681640625,14.70947265625,0.166748046875,-1.0244140625,-0.05517578125,0.8544921875,0.48828125,-8.1787109375,-0.577392578125,-0.3828125,0.5068359375,37.4755859375,-72.3876953125,11.29150390625,-0.9443359375,0.07763671875,0.214599609375,-47.91259765625,36.2548828125,12.87841796875,-6.611970413116989,-3.638059715785225
2022-06-09 15:29:15.596333312,-0.71240234375,-0.0361328125,-0.56640625,-10.68115234375,-75.5615234375,4.39453125,0.09228515625,0.87255859375,-0.222412109375,15.2587890625,4.57763671875,-5.0048828125,-0.55859375,0.36669921875,0.457763671875,-25.57373046875,-27.4658203125,15.80810546875,0.16552734375,-1.003173828125,-0.0615234375,0.91552734375,1.15966796875,-8.4228515625,-0.542724609375,-0.421142578125,0.542724609375,35.5224609375,-70.6787109375,9.82666015625,-0.956787109375,0.087646484375,0.193359375,-49.9267578125,32.89794921875,11.962890625,-6.715971634922551,-3.2562131091280264
2022-06-09 15:29:15.606494976,-0.755126953125,-0.04638671875,-0.58056640625,-10.986328125,-74.8291015625,2.8076171875,0.106201171875,0.891357421875,-0.217529296875,15.625,2.44140625,-3.662109375,-0.57470703125,0.406005859375,0.509033203125,-26.2451171875,-35.46142578125,17.08984375,0.15966796875,-0.974853515625,-0.070068359375,0.8544921875,0.732421875,-8.48388671875,-0.5283203125,-0.477783203125,0.56884765625,34.48486328125,-64.14794921875,8.1787109375,-0.919677734375,0.064208984375,0.163818359375,-53.22265625,24.0478515625,4.2724609375,-6.7981241353617,-2.8798068744812966
2022-06-09 15:29:15.616656640,-0.800048828125,-0.066162109375,-0.58837890625,-12.3291015625,-72.81494140625,1.0986328125,0.09765625,0.8955078125,-0.238037109375,16.2353515625,0.67138671875,-2.62451171875,-0.578857421875,0.4521484375,0.55859375,-27.16064453125,-42.8466796875,18.73779296875,0.1611328125,-0.950439453125,-0.0810546875,0.42724609375,-0.30517578125,-7.6904296875,-0.54248046875,-0.540283203125,0.588623046875,34.0576171875,-54.931640625,6.7138671875,-0.858642578125,0.009765625,0.142333984375,-57.12890625,19.6533203125,-4.69970703125,-6.8644140534687255,-2.5066073567754827
2022-06-09 15:29:15.626818304,-0.849609375,-0.08251953125,-0.58544921875,-13.12255859375,-69.7021484375,-0.54931640625,0.07421875,0.880126953125,-0.26953125,17.15087890625,-0.6103515625,-1.953125,-0.586181640625,0.50146484375,0.58740234375,-28.74755859375,-45.0439453125,20.1416015625,0.165771484375,-0.942138671875,-0.080078125,0.42724609375,-1.46484375,-6.591796875,-0.602294921875,-0.59619140625,0.599365234375,33.99658203125,-47.91259765625,5.2490234375,-0.8095703125,-0.038818359375,0.1279296875,-61.1572265625,20.751953125,-10.19287109375,-6.44068001408836,-2.138796274028552
2022-06-09 15:29:15.636979456,-0.891845703125,-0.097412109375,-0.578125,-12.939453125,-67.3828125,-1.89208984375,0.059814453125,0.86328125,-0.288818359375,18.49365234375,-2.50244140625,-1.3427734375,-0.599609375,0.551025390625,0.607666015625,-31.18896484375,-41.32080078125,20.751953125,0.1767578125,-0.94970703125,-0.070556640625,0.48828125,-2.685546875,-5.4931640625,-0.654296875,-0.643798828125,0.609619140625,33.87451171875,-45.7763671875,3.41796875,-0.789306640625,-0.06689453125,0.12060546875,-65.5517578125,23.25439453125,-10.43701171875,-5.976899135460353,-1.7856420507655475
2022-06-09 15:29:15.647141120,-0.923828125,-0.106689453125,-0.56005859375,-11.474609375,-65.73486328125,-2.86865234375,0.07470703125,0.859619140625,-0.28759765625,19.71435546875,-4.45556640625,-0.79345703125,-0.619384765625,0.59228515625,0.609130859375,-34.66796875,-34.60693359375,21.17919921875,0.176025390625,-0.96435546875,-0.060302734375,0.42724609375,-3.7841796875,-4.5166015625,-0.69775390625,-0.677978515625,0.617431640625,33.38623046875,-46.69189453125,0.9765625,-0.79345703125,-0.0771484375,0.130126953125,-69.580078125,25.0244140625,-7.26318359375,-5.534031931640268,-1.4570287798126618
2022-06-09 15:29:15.657302784,-0.948486328125,-0.107177734375,-0.54638671875,-9.033203125,-63.53759765625,-3.84521484375,0.105712890625,0.860595703125,-0.271484375,19.95849609375,-5.79833984375,-0.30517578125,-0.6640625,0.626220703125,0.59423828125,-37.90283203125,-28.99169921875,21.66748046875,0.176025390625,-0.984375,-0.05322265625,0.6103515625,-5.31005859375,-3.7841796875,-0.749267578125,-0.709228515625,0.6220703125,31.67724609375,-49.6826171875,-1.5869140625,-0.807373046875,-0.059814453125,0.124267578125,-72.93701171875,26.4892578125,-3.35693359375,-5.120469966670537,-1.1552563272890044
2022-06-09 15:29:15.667464448,-0.954833984375,-0.09619140625,-0.5361328125,-6.591796875,-62.255859375,-4.638671875,0.1240234375,0.85791015625,-0.259765625,19.59228515625,-5.9814453125,0.18310546875,-0.730224609375,0.655517578125,0.5791015625,-40.71044921875,-28.3203125,21.3623046875,0.16748046875,-0.998046875,-0.0517578125,0.6103515625,-7.62939453125,-3.23486328125,-0.763671875,-0.734619140625,0.615478515625,29.35791015625,-52.001953125,-3.84521484375,-0.808837890625,-0.0341796875,0.106689453125,-76.84326171875,27.34375,-1.0986328125,-4.741812888198345,-0.880668708797641
2022-06-09 15:29:15.677626112,-0.947265625,-0.09130859375,-0.521728515625,-4.8828125,-62.19482421875,-5.43212890625,0.123046875,0.86181640625,-0.25439453125,18.85986328125,-6.2255859375,0.3662109375,-0.75830078125,0.67529296875,0.5712890625,-41.8701171875,-32.40966796875,20.751953125,0.16357421875,-1.012451171875,-0.0546875,0.54931640625,-10.7421875,-2.62451171875,-0.7578125,-0.75439453125,0.612060546875,27.03857421875,-52.001953125,-6.16455078125,-0.777587890625,-0.00244140625,0.08984375,-79.833984375,25.57373046875,-1.5869140625,-4.399250980982496,-0.6318132757023047
2022-06-09 15:29:15.687787520,-0.92919921875,-0.092041015625,-0.50146484375,-4.2724609375,-61.46240234375,-6.28662109375,0.115966796875,0.86865234375,-0.256103515625,17.9443359375,-7.62939453125,0.54931640625,-0.74072265625,0.697265625,0.564697265625,-41.6259765625,-36.92626953125,20.751953125,0.165283203125,-1.025390625,-0.067138671875,0.48828125,-13.7939453125,-2.01416015625,-0.783447265625,-0.777099609375,0.6005859375,23.98681640625,-49.8046875,-7.38525390625,-0.72216796875,0.038330078125,0.080810546875,-81.54296875,22.15576171875,-4.69970703125,-4.091635966030224,-0.3994353339293859
2022-06-09 15:29:15.697949184,-0.9091796875,-0.100830078125,-0.47119140625,-4.21142578125,-59.50927734375,-6.77490234375,0.10888671875,0.876708984375,-0.263427734375,16.9677734375,-9.70458984375,1.15966796875,-0.76953125,0.7197265625,0.564208984375,-41.6259765625,-40.1611328125,20.6298828125,0.164306640625,-1.03125,-0.092041015625,0.18310546875,-16.357421875,-0.9765625,-0.80908203125,-0.800048828125,0.57275390625,20.56884765625,-47.36328125,-6.40869140625,-0.66552734375,0.06884765625,0.06640625,-82.8857421875,20.8740234375,-8.85009765625,-3.810851881408393,-0.17860051271370736
2022-06-09 15:29:15.708110848,-0.896240234375,-0.101806640625,-0.44921875,-3.84521484375,-56.640625,-6.77490234375,0.10107421875,0.878173828125,-0.28076171875,15.869140625,-11.5966796875,1.77001953125,-0.82470703125,0.7255859375,0.57080078125,-41.9921875,-44.61669921875,18.5546875,0.154541015625,-1.029052734375,-0.0986328125,-3.47900390625,-21.3623046875,1.8310546875,-0.820556640625,-0.812255859375,0.55126953125,18.1884765625,-46.81396484375,-4.21142578125,-0.642333984375,0.08349609375,0.05419921875,-83.8623046875,23.681640625,-13.00048828125,-3.5422160896620016,0.020114473211481965
2022-06-09 15:29:15.718272512,-0.885986328125,-0.099609375,-0.439697265625,-3.72314453125,-53.8330078125,-6.28662109375,0.093017578125,0.880615234375,-0.29736328125,14.6484375,-13.5498046875,2.197265625,-0.8349609375,0.719970703125,0.587890625,-41.32080078125,-50.1708984375,15.44189453125,0.18408203125,-1.05078125,-0.082763671875,-6.28662109375,-26.3671875,4.33349609375,-0.843017578125,-0.79052734375,0.524169921875,17.2119140625,-48.828125,-1.3427734375,-0.64892578125,0.082763671875,0.041015625,-85.26611328125,28.50341796875,-16.9677734375,-3.270272736600676,0.18534983236733105
2022-06-09 15:29:15.728434176,-0.872314453125,-0.102783203125,-0.43798828125,-3.60107421875,-53.3447265625,-5.615234375,0.094970703125,0.878173828125,-0.314208984375,13.18359375,-14.83154296875,2.5634765625,-0.814208984375,0.720947265625,0.5810546875,-39.85595703125,-51.7578125,12.51220703125,0.202392578125,-1.047119140625,-0.08544921875,-8.36181640625,-35.09521484375,7.50732421875,-0.8291015625,-0.73974609375,0.523193359375,15.9912109375,-51.57470703125,2.9296875,-0.672119140625,0.066162109375,0.02978515625,-86.97509765625,32.3486328125,-20.81298828125,-2.982931256811035,0.3179549773850283
2022-06-09 15:29:15.738595584,-0.854736328125,-0.11279296875,-0.42578125,-2.3193359375,-54.38232421875,-4.94384765625,0.098388671875,0.876708984375,-0.32861328125,11.53564453125,-15.380859375,2.5634765625,-0.80078125,0.712646484375,0.5625,-39.9169921875,-49.072265625,9.21630859375,0.23486328125,-1.030517578125,-0.022216796875,-10.43701171875,-41.3818359375,9.21630859375,-0.79150390625,-0.69775390625,0.52978515625,13.12255859375,-53.466796875,7.01904296875,-0.713134765625,0.02734375,0.00244140625,-90.88134765625,35.7666015625,-29.9072265625,-2.68170336092855,0.41558490935412173
2022-06-09 15:29:15.748757248,-0.841796875,-0.1171875,-0.396240234375,-0.30517578125,-53.89404296875,-4.45556640625,0.103759765625,0.875,-0.334228515625,9.765625,-14.7705078125,2.44140625,-0.801025390625,0.688720703125,0.54345703125,-41.56494140625,-48.33984375,5.31005859375,0.248779296875,-0.98779296875,-0.034912109375,-5.7373046875,-37.59765625,6.591796875,-0.761962890625,-0.678955078125,0.5322265625,9.765625,-55.0537109375,9.82666015625,-0.735595703125,0.014404296875,-0.01708984375,-92.529296875,39.61181640625,-34.66796875,-2.379121792598668,0.4666929943142897
2022-06-09 15:29:15.758918656,-0.83544921875,-0.1240234375,-0.387451171875,1.46484375,-52.1240234375,-4.57763671875,0.10546875,0.8740234375,-0.330810546875,8.11767578125,-13.24462890625,2.13623046875,-0.794189453125,0.647705078125,0.519287109375,-42.236328125,-53.3447265625,2.3193359375,0.234619140625,-0.931396484375,-0.006591796875,-3.90625,-39.12353515625,6.591796875,-0.744384765625,-0.659423828125,0.53759765625,7.080078125,-55.908203125,12.63427734375,-0.763916015625,-0.012939453125,-0.024658203125,-93.32275390625,45.8984375,-38.4521484375,-2.079497285389858,0.4717999517749458
2022-06-09 15:29:15.769080320,-0.82666015625,-0.126708984375,-0.39453125,3.0517578125,-50.72021484375,-5.2490234375,0.1123046875,0.875732421875,-0.31787109375,6.16455078125,-11.474609375,2.13623046875,-0.754150390625,0.60986328125,0.51416015625,-39.9169921875,-59.75341796875,-0.6103515625,0.168212890625,-0.86474609375,0.047607421875,-2.0751953125,-47.66845703125,7.14111328125,-0.73046875,-0.6328125,0.54248046875,5.126953125,-54.443359375,15.13671875,-0.783935546875,-0.03369140625,-0.05078125,-93.93310546875,52.06298828125,-40.52734375,-1.7798899293145531,0.4458250866067761
2022-06-09 15:29:15.779241984,-0.821044921875,-0.126953125,-0.394287109375,5.18798828125,-47.7294921875,-5.859375,0.117431640625,0.880615234375,-0.3125,4.08935546875,-9.94873046875,2.3193359375,-0.71044921875,0.580078125,0.50390625,-36.80419921875,-63.41552734375,-2.99072265625,0.13232421875,-0.865478515625,0.1044921875,-0.18310546875,-67.19970703125,8.36181640625,-0.715087890625,-0.6044921875,0.533935546875,2.86865234375,-48.33984375,16.90673828125,-0.8017578125,-0.048828125,-0.08447265625,-94.66552734375,57.9833984375,-40.46630859375,-1.4837511632302007,0.40112562369009197
2022-06-09 15:29:15.789403392,-0.83349609375,-0.131103515625,-0.377685546875,6.9580078125,-43.39599609375,-6.40869140625,0.110595703125,0.8818359375,-0.30908203125,2.25830078125,-9.033203125,2.5634765625,-0.70361328125,0.562255859375,0.509033203125,-34.0576171875,-61.1572265625,-5.126953125,0.251220703125,-0.9306640625,0.107177734375,4.638671875,-87.890625,11.3525390625,-0.71630859375,-0.56005859375,0.513427734375,1.64794921875,-39.97802734375,19.59228515625,-0.841552734375,-0.04638671875,-0.09326171875,-95.703125,62.6220703125,-38.9404296875,-1.189123320189299,0.3420092403243675
2022-06-09 15:29:15.799565056,-0.852294921875,-0.140869140625,-0.368896484375,8.4228515625,-41.015625,-6.591796875,0.10791015625,0.887939453125,-0.302978515625,0.42724609375,-8.544921875,2.5634765625,-0.716796875,0.547119140625,0.53564453125,-33.0810546875,-55.35888671875,-8.23974609375,0.329345703125,-0.932373046875,0.06005859375,11.65771484375,-90.8203125,13.0615234375,-0.7080078125,-0.47802734375,0.48388671875,-3.47900390625,-32.28759765625,24.96337890625,-0.911865234375,-0.03515625,-0.07177734375,-96.74072265625,62.744140625,-36.56005859375,-0.8935412203220019,0.2595454738145744
2022-06-09 15:29:15.809726720,-0.8623046875,-0.136474609375,-0.357177734375,10.25390625,-41.07666015625,-6.34765625,0.115966796875,0.915771484375,-0.29638671875,-4.57763671875,-9.33837890625,2.5634765625,-0.728515625,0.503662109375,0.564453125,-34.7900390625,-46.875,-11.77978515625,0.30419921875,-0.981201171875,-0.086181640625,15.869140625,-85.26611328125,12.14599609375,-0.688720703125,-0.470947265625,0.46484375,-7.9345703125,-33.87451171875,25.5126953125,-0.983154296875,-0.05078125,-0.064697265625,-95.88623046875,55.2978515625,-33.447265625,-0.6163899556879229,0.13625877729900004
2022-06-09 15:29:15.819888384,-0.87109375,-0.140625,-0.340576171875,10.498046875,-40.1611328125,-6.2255859375,0.12646484375,0.92724609375,-0.306396484375,-7.14111328125,-9.70458984375,2.01416015625,-0.678466796875,0.4462890625,0.5595703125,-37.53662109375,-33.38623046875,-15.44189453125,0.24267578125,-1.034912109375,-0.222900390625,17.822265625,-80.4443359375,11.5966796875,-0.660888671875,-0.47607421875,0.4501953125,-10.986328125,-35.64453125,26.3671875,-1.021240234375,-0.08251953125,-0.043701171875,-92.7734375,43.02978515625,-28.9306640625,-0.36739507747589295,-0.03919698495522539
2022-06-09 15:29:15.830050048,-0.875,-0.134033203125,-0.335693359375,11.29150390625,-36.43798828125,-6.34765625,0.116455078125,0.91748046875,-0.319091796875,-8.97216796875,-10.25390625,0.67138671875,-0.669677734375,0.421142578125,0.561279296875,-37.7197265625,-20.20263671875,-16.4794921875,0.145263671875,-1.0478515625,-0.403076171875,17.2119140625,-61.70654296875,12.8173828125,-0.6416015625,-0.470703125,0.438720703125,-11.474609375,-36.4990234375,28.01513671875,-1.029052734375,-0.087646484375,-0.000732421875,-88.19580078125,32.2265625,-23.0712890625,-0.12914061118173636,-0.25088768211827883
2022-06-09 15:29:15.840211456,-0.87890625,-0.11572265625,-0.3330078125,12.0849609375,-32.470703125,-7.2021484375,0.102294921875,0.904296875,-0.340087890625,-8.48388671875,-11.41357421875,-1.15966796875,-0.6513671875,0.420654296875,0.531005859375,-37.65869140625,-7.99560546875,-19.47021484375,0.0654296875,-1.056396484375,-0.423095703125,14.7705078125,-44.921875,12.02392578125,-0.625732421875,-0.46728515625,0.43408203125,-11.77978515625,-37.29248046875,27.77099609375,-1.02734375,-0.061279296875,0.03857421875,-80.87158203125,28.3203125,-15.68603515625,0.10323389997857113,-0.48751273565127295
2022-06-09 15:29:15.850373120,-0.87841796875,-0.10205078125,-0.330078125,12.0849609375,-29.1748046875,-8.4228515625,0.095947265625,0.896240234375,-0.337646484375,-5.31005859375,-16.66259765625,-4.82177734375,-0.645751953125,0.394775390625,0.451904296875,-36.43798828125,9.70458984375,-26.2451171875,-0.09619140625,-1.091064453125,-0.3408203125,12.63427734375,-24.47509765625,11.71875,-0.605712890625,-0.470458984375,0.4482421875,-13.73291015625,-39.61181640625,25.634765625,-1.0283203125,-0.031494140625,0.021728515625,-73.42529296875,29.96826171875,-6.89697265625,0.31041018238822415,-0.7698265403923354
2022-06-09 15:29:15.860534784,-0.87255859375,-0.09423828125,-0.322998046875,11.71875,-26.06201171875,-9.70458984375,0.11328125,0.898681640625,-0.264404296875,-3.662109375,-23.0712890625,-7.26318359375,-0.65625,0.37939453125,0.4423828125,-33.8134765625,13.3056640625,-28.01513671875,-0.189453125,-1.2275390625,-0.282470703125,7.87353515625,-9.58251953125,11.90185546875,-0.575927734375,-0.49072265625,0.461669921875,-15.9912109375,-44.7998046875,23.4375,-1.038818359375,-0.003662109375,-0.0263671875,-70.80078125,32.5927734375,2.25830078125,0.47882571048720735,-1.0854891776747024
2022-06-09 15:29:15.870696192,-0.862548828125,-0.0888671875,-0.31298828125,11.65771484375,-22.3388671875,-10.498046875,0.15625,0.89892578125,-0.22216796875,-6.103515625,-21.30126953125,-6.34765625,-0.671630859375,0.380615234375,0.450439453125,-29.541015625,12.0849609375,-30.82275390625,-0.11328125,-1.23291015625,-0.044677734375,3.11279296875,-3.35693359375,9.46044921875,-0.549560546875,-0.502197265625,0.478515625,-14.7705078125,-51.81884765625,22.76611328125,-1.044677734375,-0.003662109375,-0.057373046875,-72.509765625,34.72900390625,10.92529296875,0.6256417464791868,-1.409093883504199
2022-06-09 15:29:15.880857856,-0.85498046875,-0.089111328125,-0.306640625,11.3525390625,-18.49365234375,-10.986328125,0.1884765625,0.856689453125,-0.221435546875,-10.3759765625,-12.451171875,-3.5400390625,-0.6845703125,0.389892578125,0.462646484375,-23.8037109375,3.90625,-33.02001953125,0.02294921875,-1.13525390625,0.0908203125,0.54931640625,-9.8876953125,4.2724609375,-0.517333984375,-0.51220703125,0.501953125,-14.34326171875,-59.326171875,21.54541015625,-1.039794921875,0.001708984375,-0.063232421875,-74.0966796875,39.12353515625,16.6015625,0.7644925075414637,-1.7344567804788618
2022-06-09 15:29:15.891019264,-0.85302734375,-0.09033203125,-0.2998046875,10.986328125,-15.2587890625,-10.986328125,0.150146484375,0.82373046875,-0.25048828125,-12.14599609375,-8.60595703125,0.6103515625,-0.686767578125,0.402587890625,0.464111328125,-17.578125,-9.70458984375,-34.5458984375,0.014892578125,-1.06787109375,0.0986328125,-3.0517578125,-34.36279296875,4.69970703125,-0.46923828125,-0.541015625,0.520263671875,-14.58740234375,-65.73486328125,18.85986328125,-1.05224609375,0.0439453125,-0.095458984375,-72.265625,45.41015625,17.08984375,0.8834471170523743,-2.0509931888867605
2022-06-09 15:29:15.901180928,-0.857177734375,-0.086669921875,-0.293701171875,10.68115234375,-12.63427734375,-10.80322265625,0.136474609375,0.8349609375,-0.245361328125,-11.65771484375,-9.94873046875,1.708984375,-0.665771484375,0.415771484375,0.469482421875,-12.26806640625,-25.390625,-35.400390625,-0.02685546875,-1.048095703125,0.1005859375,-3.60107421875,-61.58447265625,6.89697265625,-0.414794921875,-0.57568359375,0.541015625,-13.61083984375,-68.4814453125,14.58740234375,-1.119384765625,0.089599609375,-0.12158203125,-75.439453125,46.7529296875,13.427734375,0.9735596493369156,-2.3540494480708505
2022-06-09 15:29:15.911342592,-0.876953125,-0.083251953125,-0.288818359375,10.31494140625,-9.6435546875,-10.498046875,0.14404296875,0.837890625,-0.246826171875,-11.23046875,-10.68115234375,1.77001953125,-0.6240234375,0.418701171875,0.466552734375,-8.23974609375,-40.22216796875,-34.5458984375,-0.032958984375,-1.005615234375,-0.026611328125,-4.45556640625,-85.75439453125,4.69970703125,-0.34814453125,-0.603271484375,0.5615234375,-12.20703125,-66.10107421875,10.31494140625,-1.1748046875,0.065185546875,-0.0244140625,-81.6650390625,38.0859375,8.85009765625,1.0349597253332892,-2.6389525633436826
2022-06-09 15:29:15.921504256,-0.909423828125,-0.08447265625,-0.29638671875,9.8876953125,-7.75146484375,-10.1318359375,0.151611328125,0.826904296875,-0.255859375,-10.1318359375,-11.71875,2.3193359375,-0.5595703125,0.4150390625,0.471435546875,-4.150390625,-52.06298828125,-33.14208984375,-0.016357421875,-0.96875,-0.173095703125,-8.056640625,-100.9521484375,0.6103515625,-0.28662109375,-0.614990234375,0.592041015625,-9.1552734375,-56.396484375,7.87353515625,-1.178955078125,-0.00830078125,0.067626953125,-80.87158203125,22.76611328125,6.16455078125,1.082009498609879,-2.899036267169354
2022-06-09 15:29:15.931665920,-0.93603515625,-0.08740234375,-0.30126953125,9.6435546875,-8.4228515625,-9.3994140625,0.137451171875,0.819580078125,-0.26806640625,-8.544921875,-13.61083984375,2.99072265625,-0.499267578125,0.43017578125,0.4931640625,0.6103515625,-59.50927734375,-30.70068359375,0.10791015625,-0.960693359375,-0.1982421875,-11.474609375,-108.2763671875,-3.84521484375,-0.26025390625,-0.617919921875,0.62451171875,-7.2021484375,-38.14697265625,6.9580078125,-1.2041015625,-0.079345703125,0.17578125,-74.76806640625,11.962890625,7.99560546875,1.129526199380757,-3.1253632668009645
2022-06-09 15:29:15.941827328,-0.952880859375,-0.089599609375,-0.30712890625,9.21630859375,-10.68115234375,-8.72802734375,0.103515625,0.830078125,-0.27880859375,-6.77490234375,-15.2587890625,3.0517578125,-0.4580078125,0.46240234375,0.521240234375,4.150390625,-63.65966796875,-26.7333984375,0.18408203125,-0.976318359375,-0.19189453125,-11.16943359375,-107.5439453125,-6.16455078125,-0.29345703125,-0.635498046875,0.65234375,-6.65283203125,-17.08984375,5.859375,-1.32958984375,-0.127685546875,0.3369140625,-66.89453125,14.892578125,16.2353515625,1.174026954271873,-3.3078676021895337
2022-06-09 15:29:15.951988992,-0.9599609375,-0.091552734375,-0.307861328125,8.6669921875,-11.53564453125,-7.9345703125,0.07958984375,0.8623046875,-0.27734375,-5.55419921875,-16.2353515625,2.3193359375,-0.4248046875,0.48095703125,0.55322265625,6.16455078125,-66.22314453125,-23.3154296875,0.21337890625,-0.986328125,-0.161865234375,-9.521484375,-99.18212890625,-7.8125,-0.355712890625,-0.660888671875,0.680908203125,-4.638671875,-1.77001953125,3.11279296875,-1.54638671875,-0.24658203125,0.442626953125,-62.01171875,18.98193359375,32.2265625,1.2087379806553886,-3.4491758999364284
2022-06-09 15:29:15.962150656,-0.9697265625,-0.090087890625,-0.306396484375,7.4462890625,-11.53564453125,-7.38525390625,0.02978515625,0.89306640625,-0.278564453125,-4.94384765625,-16.29638671875,1.40380859375,-0.3984375,0.492431640625,0.580078125,8.48388671875,-68.115234375,-21.6064453125,0.2451171875,-1.00048828125,-0.115966796875,-7.080078125,-85.9375,-10.1318359375,-0.411376953125,-0.68603515625,0.720458984375,-3.23486328125,2.3193359375,-1.64794921875,-1.654296875,-0.402099609375,0.376220703125,-64.453125,17.39501953125,50.59814453125,1.2226471400672874,-3.5620381016979037
2022-06-09 15:29:15.972312320,-0.97412109375,-0.09326171875,-0.3037109375,5.79833984375,-11.962890625,-6.9580078125,-0.003662109375,0.9443359375,-0.27734375,-4.08935546875,-16.17431640625,0.0,-0.359619140625,0.510498046875,0.601806640625,11.3525390625,-69.27490234375,-19.4091796875,0.1884765625,-1.00830078125,-0.086181640625,-4.0283203125,-70.068359375,-11.04736328125,-0.431640625,-0.694580078125,0.76806640625,-0.732421875,-2.13623046875,-3.84521484375,-1.56884765625,-0.461181640625,0.362548828125,-74.462890625,6.53076171875,60.72998046875,1.2193723405249504,-3.649000849352518
2022-06-09 15:29:15.982473728,-0.9755859375,-0.096435546875,-0.298828125,3.96728515625,-11.77978515625,-6.8359375,0.016845703125,0.996337890625,-0.280029296875,-3.72314453125,-15.19775390625,-0.732421875,-0.33447265625,0.53515625,0.6220703125,13.427734375,-70.73974609375,-15.19775390625,0.089599609375,-1.029052734375,-0.0888671875,-1.64794921875,-54.19921875,-9.8876953125,-0.429931640625,-0.67724609375,0.811767578125,3.2958984375,-10.19287109375,-4.150390625,-1.281494140625,-0.244384765625,0.41357421875,-78.18603515625,-16.66259765625,54.38232421875,1.2249767434034697,-3.698823918156325
2022-06-09 15:29:15.992635136,-0.978271484375,-0.09912109375,-0.291259765625,2.5634765625,-10.92529296875,-6.53076171875,0.0673828125,1.0185546875,-0.279052734375,-3.41796875,-12.3291015625,-0.9765625,-0.31884765625,0.553955078125,0.655517578125,14.5263671875,-72.93701171875,-10.55908203125,0.0537109375,-1.05322265625,-0.1044921875,-1.0986328125,-39.61181640625,-8.60595703125,-0.404052734375,-0.681396484375,0.84326171875,4.33349609375,-15.380859375,-5.92041015625,-0.984130859375,-0.121337890625,0.43408203125,-85.87646484375,-23.3154296875,43.88427734375,1.2367802519311017,-3.7042608054162716
2022-06-09 15:29:16.002796800,-0.9814453125,-0.098876953125,-0.289306640625,1.89208984375,-10.68115234375,-6.103515625,0.075439453125,1.010498046875,-0.279052734375,-3.7841796875,-6.103515625,-0.732421875,-0.29833984375,0.569580078125,0.69287109375,15.56396484375,-76.66015625,-5.126953125,0.069580078125,-1.082763671875,-0.093994140625,-1.220703125,-24.35302734375,-7.99560546875,-0.388916015625,-0.7021484375,0.861572265625,5.0048828125,-15.625,-7.4462890625,-0.8896484375,-0.051513671875,0.472900390625,-99.30419921875,-8.056640625,38.14697265625,1.2394159417515236,-3.661611645523292
2022-06-09 15:29:16.012958464,-0.96826171875,-0.094482421875,-0.2939453125,1.46484375,-11.90185546875,-5.4931640625,0.019775390625,1.03271484375,-0.30712890625,-3.2958984375,-1.28173828125,-2.44140625,-0.27099609375,0.594482421875,0.735107421875,16.29638671875,-81.1767578125,1.15966796875,0.124267578125,-1.094482421875,-0.09326171875,-1.15966796875,-9.033203125,-7.62939453125,-0.3798828125,-0.71142578125,0.8720703125,6.8359375,-13.0615234375,-7.9345703125,-0.89697265625,0.034912109375,0.46826171875,-113.76953125,-0.18310546875,31.55517578125,1.2409321749214701,-3.5637992582214504
2022-06-09 15:29:16.023120128,-0.9462890625,-0.092041015625,-0.28759765625,1.15966796875,-12.451171875,-5.0048828125,0.0390625,1.00390625,-0.275390625,-3.72314453125,3.41796875,-2.62451171875,-0.237060546875,0.62109375,0.78759765625,16.29638671875,-83.251953125,6.591796875,0.156005859375,-1.087158203125,-0.067626953125,-0.3662109375,7.2021484375,-8.1787109375,-0.368408203125,-0.704345703125,0.87841796875,8.9111328125,-9.82666015625,-8.4228515625,-0.896240234375,0.09814453125,0.455322265625,-118.34716796875,-6.04248046875,23.98681640625,1.2502716252478066,-3.412873808334318
2022-06-09 15:29:16.033281792,-0.93408203125,-0.090087890625,-0.291015625,1.03759765625,-10.986328125,-4.5166015625,0.05078125,0.9619140625,-0.22412109375,-4.82177734375,8.544921875,-1.28173828125,-0.2119140625,0.654296875,0.836669921875,15.2587890625,-80.26123046875,10.986328125,0.08056640625,-1.060791015625,-0.0478515625,-0.6103515625,14.404296875,-9.21630859375,-0.354248046875,-0.699462890625,0.873779296875,10.3759765625,-6.7138671875,-9.46044921875,-0.89453125,0.144775390625,0.4609375,-113.34228515625,-8.9111328125,21.66748046875,1.264018850074149,-3.221308919649596
2022-06-09 15:29:16.043443200,-0.92822265625,-0.08447265625,-0.296630859375,0.732421875,-9.33837890625,-4.39453125,0.055419921875,0.919921875,-0.202880859375,-5.31005859375,13.36669921875,-1.0986328125,-0.203857421875,0.689697265625,0.87890625,12.451171875,-70.98388671875,13.671875,0.08544921875,-1.03955078125,-0.078369140625,-2.0751953125,7.01904296875,-9.94873046875,-0.32763671875,-0.69287109375,0.861328125,11.5966796875,-3.47900390625,-10.55908203125,-0.94189453125,0.11767578125,0.43798828125,-110.9619140625,1.28173828125,24.35302734375,1.2766097087715322,-3.0082574557023656
2022-06-09 15:29:16.053604864,-0.920166015625,-0.080078125,-0.3037109375,0.06103515625,-9.1552734375,-4.5166015625,0.052978515625,0.8876953125,-0.221435546875,-5.18798828125,20.56884765625,-3.11279296875,-0.21484375,0.7158203125,0.906005859375,7.87353515625,-57.67822265625,15.2587890625,0.14794921875,-1.052490234375,-0.083984375,-3.173828125,0.6103515625,-10.19287109375,-0.30126953125,-0.67578125,0.842529296875,12.8173828125,2.197265625,-11.04736328125,-1.036376953125,0.0126953125,0.383544921875,-109.55810546875,16.4794921875,25.87890625,1.288805370668344,-2.79501826957448
2022-06-09 15:29:16.063766528,-0.91064453125,-0.084716796875,-0.311767578125,-0.8544921875,-9.3994140625,-4.5166015625,0.043701171875,0.877685546875,-0.244384765625,-4.8828125,30.09033203125,-6.40869140625,-0.220703125,0.720458984375,0.92724609375,3.0517578125,-43.15185546875,16.78466796875,0.2373046875,-1.052978515625,-0.094970703125,-2.9296875,3.7841796875,-8.85009765625,-0.298583984375,-0.65673828125,0.8212890625,13.3056640625,10.55908203125,-11.23046875,-1.1259765625,-0.0771484375,0.320068359375,-106.62841796875,22.94921875,23.193359375,1.3010304919884892,-2.5917100191392435
2022-06-09 15:29:16.073928192,-0.90625,-0.088134765625,-0.319580078125,-1.0986328125,-8.60595703125,-4.2724609375,0.049072265625,0.86962890625,-0.261962890625,-5.18798828125,40.10009765625,-9.1552734375,-0.215087890625,0.719970703125,0.927001953125,-1.40380859375,-27.89306640625,18.310546875,0.23779296875,-1.033447265625,-0.147216796875,-2.3193359375,12.02392578125,-6.77490234375,-0.3193359375,-0.644775390625,0.799072265625,12.939453125,18.37158203125,-11.16943359375,-1.186279296875,-0.12451171875,0.30126953125,-104.98046875,21.05712890625,17.4560546875,1.3094782701418195,-2.3982156236616072
2022-06-09 15:29:16.084089856,-0.91064453125,-0.08984375,-0.31689453125,-1.03759765625,-6.7138671875,-3.662109375,0.0625,0.85888671875,-0.2890625,-4.57763671875,48.2177734375,-11.8408203125,-0.2275390625,0.715087890625,0.900634765625,-5.31005859375,-11.65771484375,19.22607421875,0.153076171875,-1.015869140625,-0.172607421875,-1.77001953125,18.73779296875,-4.82177734375,-0.342529296875,-0.6328125,0.771484375,12.39013671875,23.49853515625,-11.16943359375,-1.219482421875,-0.15185546875,0.2763671875,-106.8115234375,21.484375,9.3994140625,1.311013825914777,-2.214918993514079
2022-06-09 15:29:16.094251264,-0.915771484375,-0.092529296875,-0.315673828125,-1.5869140625,-5.615234375,-2.99072265625,0.07080078125,0.85595703125,-0.306884765625,-3.23486328125,54.8095703125,-13.85498046875,-0.2177734375,0.703125,0.852783203125,-8.97216796875,5.126953125,18.798828125,0.11572265625,-1.0048828125,-0.14208984375,-2.01416015625,21.30126953125,-2.685546875,-0.365478515625,-0.62158203125,0.740234375,11.77978515625,26.7333984375,-11.53564453125,-1.22021484375,-0.168701171875,0.232177734375,-109.7412109375,25.57373046875,-0.79345703125,1.3031250669388774,-2.048537235160775
2022-06-09 15:29:16.104412672,-0.915283203125,-0.0888671875,-0.333740234375,-2.9296875,-5.79833984375,-2.50244140625,0.04443359375,0.855224609375,-0.302490234375,-1.40380859375,59.50927734375,-14.95361328125,-0.209716796875,0.685546875,0.806396484375,-12.451171875,21.1181640625,19.10400390625,0.114501953125,-1.012451171875,-0.11328125,-3.47900390625,23.3154296875,-1.89208984375,-0.390625,-0.607666015625,0.713623046875,11.3525390625,29.23583984375,-12.02392578125,-1.155517578125,-0.1767578125,0.2109375,-111.38916015625,23.92578125,-12.75634765625,1.2845206878221078,-1.9008034304300079
2022-06-09 15:29:16.114574336,-0.911376953125,-0.08837890625,-0.346923828125,-3.84521484375,-6.16455078125,-1.89208984375,0.015380859375,0.860595703125,-0.291015625,0.91552734375,59.26513671875,-15.44189453125,-0.2548828125,0.662841796875,0.74462890625,-15.68603515625,34.1796875,18.98193359375,0.092529296875,-1.019775390625,-0.09033203125,-5.43212890625,26.06201171875,-1.3427734375,-0.41748046875,-0.5986328125,0.6923828125,10.07080078125,30.517578125,-12.8173828125,-1.025390625,-0.170654296875,0.21240234375,-112.97607421875,15.13671875,-24.47509765625,1.2515491921491755,-1.7693489380523681
2022-06-09 15:29:16.124736000,-0.908935546875,-0.091552734375,-0.3408203125,-3.96728515625,-5.31005859375,-1.0986328125,0.00732421875,0.880859375,-0.260009765625,4.08935546875,53.466796875,-14.70947265625,-0.312255859375,0.62548828125,0.68359375,-16.78466796875,41.1376953125,16.9677734375,0.092529296875,-1.028564453125,-0.083984375,-7.8125,27.52685546875,-0.732421875,-0.454833984375,-0.591796875,0.67333984375,8.4228515625,30.1513671875,-13.7939453125,-0.89404296875,-0.151123046875,0.212890625,-115.78369140625,9.82666015625,-34.66796875,1.1984626427413103,-1.6583130044455432
2022-06-09 15:29:16.134897664,-0.91015625,-0.092041015625,-0.34814453125,-3.60107421875,-3.96728515625,-0.244140625,0.1181640625,1.001220703125,-0.184326171875,11.1083984375,31.18896484375,-9.27734375,-0.336181640625,0.59521484375,0.63720703125,-15.0146484375,42.54150390625,15.7470703125,0.120849609375,-1.039794921875,-0.089111328125,-9.82666015625,27.2216796875,-0.30517578125,-0.49609375,-0.586669921875,0.65478515625,6.04248046875,27.099609375,-15.19775390625,-0.801025390625,-0.1162109375,0.209228515625,-119.07958984375,9.70458984375,-43.39599609375,1.1194203869106991,-1.5597260729339606
2022-06-09 15:29:16.145059072,-0.920654296875,-0.085693359375,-0.3525390625,-1.52587890625,-2.50244140625,0.30517578125,0.061767578125,0.992431640625,-0.1357421875,14.70947265625,10.25390625,-2.44140625,-0.356689453125,0.577880859375,0.6044921875,-12.51220703125,41.19873046875,16.11328125,0.1455078125,-1.040283203125,-0.101318359375,-11.474609375,25.81787109375,-0.06103515625,-0.532470703125,-0.58154296875,0.641357421875,3.96728515625,21.484375,-15.93017578125,-0.751708984375,-0.080078125,0.208740234375,-122.1923828125,8.7890625,-48.4619140625,1.0188276099981157,-1.4538935789626537
2022-06-09 15:29:16.155220736,-0.935546875,-0.081787109375,-0.355224609375,-1.3427734375,-1.77001953125,0.3662109375,0.11865234375,0.992919921875,-0.122314453125,16.54052734375,-11.23046875,2.99072265625,-0.398681640625,0.568115234375,0.587158203125,-10.009765625,37.9638671875,16.66259765625,0.165283203125,-1.026123046875,-0.103271484375,-12.39013671875,24.2919921875,0.18310546875,-0.5458984375,-0.58203125,0.637451171875,1.953125,15.0146484375,-16.29638671875,-0.7431640625,-0.056640625,0.2060546875,-125.18310546875,7.01904296875,-47.66845703125,0.9022799735960665,-1.3311923755704704
2022-06-09 15:29:16.165382400,-0.940673828125,-0.085205078125,-0.35888671875,-2.8076171875,-2.01416015625,0.1220703125,0.084228515625,1.01708984375,-0.14501953125,14.2822265625,-5.615234375,2.50244140625,-0.44921875,0.561279296875,0.58154296875,-7.32421875,32.28759765625,16.7236328125,0.153564453125,-1.008544921875,-0.096435546875,-12.8173828125,23.74267578125,0.3662109375,-0.558349609375,-0.587646484375,0.642822265625,-0.1220703125,9.8876953125,-16.6015625,-0.751953125,-0.037353515625,0.203369140625,-126.40380859375,4.82177734375,-41.32080078125,0.7712056850123346,-1.1926123683016714
2022-06-09 15:29:16.175544064,-0.939208984375,-0.089111328125,-0.35693359375,-4.45556640625,-2.99072265625,-0.30517578125,-0.00634765625,0.987548828125,-0.242919921875,11.23046875,3.60107421875,3.84521484375,-0.49169921875,0.558349609375,0.591552734375,-4.39453125,24.169921875,16.9677734375,0.12939453125,-0.997314453125,-0.089599609375,-13.36669921875,22.4609375,0.42724609375,-0.56982421875,-0.59521484375,0.65478515625,-2.01416015625,6.77490234375,-16.357421875,-0.772705078125,-0.01025390625,0.194091796875,-125.67138671875,3.90625,-31.982421875,0.628036251248413,-1.0385384847643158
2022-06-09 15:29:16.185705728,-0.931396484375,-0.0869140625,-0.362060546875,-5.859375,-3.11279296875,-0.8544921875,0.02001953125,0.9462890625,-0.31494140625,11.5966796875,-0.48828125,7.01904296875,-0.52685546875,0.55908203125,0.608154296875,-1.64794921875,14.2822265625,17.39501953125,0.123046875,-0.99951171875,-0.09228515625,-13.916015625,19.04296875,0.48828125,-0.57958984375,-0.605224609375,0.66552734375,-3.23486328125,5.859375,-15.56396484375,-0.78369140625,0.03369140625,0.1787109375,-122.74169921875,4.0283203125,-15.19775390625,0.47949245230449145,-0.8673504729296813
2022-06-09 15:29:16.195867136,-0.92724609375,-0.08349609375,-0.362060546875,-6.77490234375,-2.25830078125,-1.220703125,0.0439453125,0.935546875,-0.287353515625,11.5966796875,-0.6103515625,8.11767578125,-0.55224609375,0.569091796875,0.64306640625,0.8544921875,4.39453125,17.333984375,0.131103515625,-1.010498046875,-0.0908203125,-14.34326171875,15.07568359375,0.244140625,-0.59228515625,-0.610107421875,0.672607421875,-3.60107421875,6.89697265625,-14.83154296875,-0.774169921875,0.033935546875,0.178466796875,-122.13134765625,5.43212890625,-10.68115234375,0.3323142409292128,-0.6816391964212656
2022-06-09 15:29:16.206028800,-0.923828125,-0.080810546875,-0.361083984375,-7.2021484375,-1.46484375,-1.5869140625,0.02392578125,0.9326171875,-0.27734375,10.55908203125,3.11279296875,7.26318359375,-0.569580078125,0.577880859375,0.684326171875,2.25830078125,-3.47900390625,16.17431640625,0.131103515625,-1.019775390625,-0.088134765625,-15.0146484375,10.6201171875,-0.30517578125,-0.60009765625,-0.611328125,0.680419921875,-3.72314453125,9.27734375,-14.16015625,-0.7685546875,0.01611328125,0.16748046875,-122.86376953125,10.009765625,-8.7890625,0.18949635629263084,-0.4918835889968465
2022-06-09 15:29:16.216190464,-0.92333984375,-0.075439453125,-0.36279296875,-6.9580078125,-0.67138671875,-1.8310546875,0.05322265625,0.940673828125,-0.35595703125,12.87841796875,-1.3427734375,5.4931640625,-0.589111328125,0.580078125,0.707275390625,2.5634765625,-7.8125,13.7939453125,0.141357421875,-1.03466796875,-0.091796875,-15.13671875,2.01416015625,-1.0986328125,-0.607666015625,-0.61181640625,0.672607421875,-3.72314453125,13.00048828125,-13.24462890625,-0.77587890625,0.0,0.157470703125,-123.291015625,17.63916015625,-8.97216796875,0.052729929326349234,-0.3139105846883963
2022-06-09 15:29:16.226351872,-0.928466796875,-0.070556640625,-0.375732421875,-6.53076171875,0.30517578125,-1.77001953125,0.066650390625,0.942138671875,-0.378173828125,15.56396484375,-4.638671875,3.72314453125,-0.60400390625,0.578125,0.73388671875,2.01416015625,-9.09423828125,11.3525390625,0.13232421875,-1.039794921875,-0.10498046875,-14.7705078125,-0.42724609375,-1.5869140625,-0.62646484375,-0.60498046875,0.661376953125,-3.72314453125,17.15087890625,-12.02392578125,-0.7861328125,-0.02880859375,0.13525390625,-125.18310546875,24.5361328125,-9.94873046875,-0.07562809502974654,-0.158458308232869
2022-06-09 15:29:16.236513536,-0.935302734375,-0.0673828125,-0.387939453125,-6.28662109375,0.6103515625,-1.708984375,0.081787109375,0.95703125,-0.30126953125,14.09912109375,2.44140625,1.89208984375,-0.600341796875,0.568359375,0.7578125,0.244140625,-7.87353515625,9.58251953125,0.124755859375,-1.042236328125,-0.1240234375,-14.2822265625,-2.25830078125,-2.197265625,-0.640380859375,-0.599853515625,0.6494140625,-4.2724609375,20.3857421875,-10.80322265625,-0.784912109375,-0.04443359375,0.114501953125,-127.3193359375,28.50341796875,-10.7421875,-0.19630436699974751,-0.028364951156909513
2022-06-09 15:29:16.246674944,-0.939453125,-0.060791015625,-0.382568359375,-6.16455078125,-0.244140625,-1.52587890625,0.134765625,0.94384765625,-0.26171875,10.92529296875,8.6669921875,2.3193359375,-0.607421875,0.54833984375,0.741943359375,-1.3427734375,-3.96728515625,7.9345703125,0.117431640625,-1.042724609375,-0.14697265625,-13.36669921875,-3.173828125,-2.86865234375,-0.655029296875,-0.59814453125,0.631103515625,-5.126953125,22.0947265625,-9.6435546875,-0.782958984375,-0.04296875,0.077880859375,-130.2490234375,31.92138671875,-10.55908203125,-0.3123371956185539,0.07698205942182135
2022-06-09 15:29:16.256836608,-0.931884765625,-0.0595703125,-0.383056640625,-6.4697265625,-1.5869140625,-1.40380859375,0.162353515625,0.927490234375,-0.245361328125,9.033203125,11.8408203125,3.5400390625,-0.61865234375,0.52880859375,0.70556640625,-2.99072265625,3.47900390625,2.5634765625,0.104736328125,-1.040771484375,-0.17333984375,-12.39013671875,-3.0517578125,-3.41796875,-0.6640625,-0.593505859375,0.622314453125,-5.67626953125,21.728515625,-8.60595703125,-0.789794921875,-0.03662109375,0.04345703125,-132.87353515625,36.0107421875,-8.72802734375,-0.4242847004951191,0.1417985417257066
2022-06-09 15:29:16.266998272,-0.922607421875,-0.0595703125,-0.3876953125,-7.080078125,-1.89208984375,-0.9765625,0.1669921875,0.902099609375,-0.243896484375,7.14111328125,13.00048828125,4.94384765625,-0.59765625,0.52197265625,0.69140625,-3.60107421875,4.5166015625,2.01416015625,0.095703125,-1.035400390625,-0.19140625,-11.5966796875,-2.5634765625,-3.7841796875,-0.66748046875,-0.59228515625,0.614501953125,-6.53076171875,20.01953125,-7.14111328125,-0.814453125,-0.023193359375,0.032958984375,-135.25390625,40.22216796875,-5.31005859375,-0.5309809178329659,0.17302979600559443
2022-06-09 15:29:16.277159168,-0.9169921875,-0.062255859375,-0.395751953125,-8.056640625,-1.64794921875,-0.42724609375,0.169189453125,0.868896484375,-0.2626953125,5.615234375,12.02392578125,5.615234375,-0.58740234375,0.513427734375,0.67919921875,-4.33349609375,4.82177734375,1.3427734375,0.09912109375,-1.0380859375,-0.197998046875,-10.55908203125,-0.79345703125,-4.0283203125,-0.681884765625,-0.598876953125,0.609130859375,-7.2021484375,17.578125,-5.859375,-0.848876953125,-0.003662109375,0.037109375,-138.24462890625,42.48046875,-1.220703125,-0.631937316310722,0.1932905418508266
2022-06-09 15:29:16.287319808,-0.913818359375,-0.06591796875,-0.402587890625,-9.3994140625,-0.91552734375,0.1220703125,0.152099609375,0.8369140625,-0.29833984375,4.94384765625,9.46044921875,5.7373046875,-0.57666015625,0.506591796875,0.666748046875,-4.5166015625,4.5166015625,0.18310546875,0.079345703125,-1.03955078125,-0.20361328125,-9.521484375,2.0751953125,-4.5166015625,-0.684814453125,-0.603271484375,0.607666015625,-7.38525390625,13.97705078125,-4.57763671875,-0.87451171875,0.0146484375,0.044189453125,-141.05224609375,41.50390625,2.38037109375,-0.7254874722284466,0.20074481102468855
2022-06-09 15:29:16.297480704,-0.916259765625,-0.073486328125,-0.40869140625,-9.94873046875,0.244140625,0.3662109375,0.1298828125,0.810546875,-0.3125,4.57763671875,6.591796875,5.31005859375,-0.549560546875,0.500244140625,0.66015625,-4.08935546875,4.5166015625,-0.54931640625,0.07080078125,-1.049072265625,-0.20166015625,-8.60595703125,4.150390625,-4.82177734375,-0.69189453125,-0.60595703125,0.6064453125,-7.568359375,9.70458984375,-3.2958984375,-0.876708984375,0.02392578125,0.033203125,-143.798828125,39.6728515625,4.94384765625,-0.809929292072451,0.1979907826295797
2022-06-09 15:29:16.307641600,-0.920166015625,-0.07421875,-0.406494140625,-10.009765625,0.79345703125,0.54931640625,0.134521484375,0.799072265625,-0.315185546875,3.662109375,4.7607421875,4.69970703125,-0.5166015625,0.499755859375,0.6552734375,-4.2724609375,5.859375,-0.1220703125,0.08447265625,-1.05615234375,-0.1923828125,-7.75146484375,5.7373046875,-5.2490234375,-0.688232421875,-0.611572265625,0.60400390625,-7.6904296875,5.2490234375,-2.01416015625,-0.874755859375,0.02001953125,0.010986328125,-146.05712890625,41.68701171875,6.89697265625,-0.8850059869719431,0.19197527157159922
2022-06-09 15:29:16.317802496,-0.9248046875,-0.0810546875,-0.4013671875,-9.6435546875,0.06103515625,0.8544921875,0.13916015625,0.78857421875,-0.321533203125,2.44140625,3.662109375,3.96728515625,-0.49560546875,0.496337890625,0.648193359375,-4.82177734375,7.8125,0.732421875,0.11962890625,-1.060791015625,-0.18505859375,-7.2021484375,7.14111328125,-5.43212890625,-0.6748046875,-0.622802734375,0.5966796875,-7.38525390625,-1.28173828125,0.30517578125,-0.892822265625,0.001220703125,0.007568359375,-147.76611328125,47.8515625,8.6669921875,-0.9450854940835731,0.18707878762254015
2022-06-09 15:29:16.327963392,-0.918212890625,-0.091064453125,-0.395263671875,-9.21630859375,-1.64794921875,0.9765625,0.1435546875,0.78515625,-0.322021484375,1.708984375,2.38037109375,3.23486328125,-0.500732421875,0.486083984375,0.63525390625,-4.8828125,9.3994140625,0.8544921875,0.150146484375,-1.065673828125,-0.171142578125,-5.9814453125,8.48388671875,-5.92041015625,-0.66064453125,-0.631103515625,0.59814453125,-7.32421875,-3.35693359375,1.220703125,-0.93017578125,-0.0322265625,0.01708984375,-149.10888671875,53.955078125,10.1318359375,-0.9910271813800927,0.18198271431370294
2022-06-09 15:29:16.338124032,-0.90771484375,-0.09375,-0.395263671875,-8.85009765625,-2.62451171875,0.9765625,0.151123046875,0.7880859375,-0.312255859375,0.9765625,1.0986328125,2.685546875,-0.491943359375,0.487060546875,0.624267578125,-4.2724609375,9.1552734375,0.8544921875,0.176513671875,-1.05908203125,-0.154541015625,-4.638671875,9.8876953125,-6.28662109375,-0.654541015625,-0.640869140625,0.60009765625,-7.2021484375,-4.57763671875,2.25830078125,-0.982666015625,-0.05419921875,0.01513671875,-151.55029296875,56.33544921875,11.3525390625,-1.02847336994666,0.17546359114462273
2022-06-09 15:29:16.348284928,-0.909912109375,-0.094482421875,-0.39599609375,-8.85009765625,-1.46484375,0.8544921875,0.155029296875,0.80224609375,-0.30419921875,0.1220703125,0.3662109375,2.25830078125,-0.473388671875,0.487060546875,0.62939453125,-3.11279296875,8.11767578125,2.38037109375,0.191650390625,-1.041259765625,-0.134765625,-3.11279296875,11.41357421875,-6.8359375,-0.643798828125,-0.64892578125,0.60107421875,-6.7138671875,-5.859375,3.11279296875,-1.054443359375,-0.072509765625,0.006103515625,-157.89794921875,51.025390625,12.87841796875,-1.0562118777766787,0.17653600580395334
2022-06-09 15:29:16.358445568,-0.91796875,-0.100341796875,-0.395751953125,-8.9111328125,0.18310546875,0.30517578125,0.1513671875,0.8173828125,-0.29931640625,-0.6103515625,0.0,1.77001953125,-0.46533203125,0.490478515625,0.639892578125,-2.685546875,8.48388671875,3.60107421875,0.1884765625,-1.018310546875,-0.127685546875,-1.708984375,11.5966796875,-7.26318359375,-0.63330078125,-0.656982421875,0.603759765625,-6.103515625,-6.53076171875,3.90625,-1.08154296875,-0.12646484375,0.051513671875,-164.48974609375,36.19384765625,14.892578125,-1.07343842462948,0.18992326796966363
2022-06-09 15:29:16.368606464,-0.927001953125,-0.099853515625,-0.398681640625,-8.056640625,0.42724609375,-0.1220703125,0.13818359375,0.8349609375,-0.294921875,-1.40380859375,0.18310546875,1.28173828125,-0.466552734375,0.495361328125,0.64501953125,-2.8076171875,8.7890625,4.5166015625,0.20703125,-1.001220703125,-0.132080078125,-0.18310546875,10.7421875,-7.32421875,-0.6259765625,-0.660888671875,0.6015625,-5.31005859375,-6.65283203125,4.45556640625,-1.044921875,-0.1357421875,0.1220703125,-164.00146484375,23.193359375,16.845703125,-1.0804048800598056,0.20926525379026018
2022-06-09 15:29:16.378767616,-0.926513671875,-0.1005859375,-0.40576171875,-6.8359375,-1.220703125,-0.67138671875,0.134033203125,0.854736328125,-0.296630859375,-1.89208984375,0.54931640625,0.48828125,-0.47265625,0.503173828125,0.65673828125,-2.74658203125,8.11767578125,5.55419921875,0.193359375,-0.98486328125,-0.14501953125,0.732421875,10.43701171875,-6.9580078125,-0.607421875,-0.656005859375,0.6015625,-4.45556640625,-7.32421875,4.82177734375,-1.021484375,-0.138671875,0.153076171875,-166.748046875,21.3623046875,19.1650390625,-1.0781748717727977,0.2325230573009831
2022-06-09 15:29:16.388928256,-0.925048828125,-0.099853515625,-0.415771484375,-5.18798828125,-2.13623046875,-1.220703125,0.122314453125,0.876953125,-0.29638671875,-2.38037109375,1.03759765625,-0.244140625,-0.472900390625,0.510009765625,0.662841796875,-2.44140625,6.9580078125,6.89697265625,0.180419921875,-0.96728515625,-0.1591796875,1.15966796875,8.97216796875,-6.28662109375,-0.591552734375,-0.650146484375,0.6025390625,-3.7841796875,-7.14111328125,4.82177734375,-1.0166015625,-0.137939453125,0.154296875,-167.1142578125,27.34375,22.705078125,-1.0693609326787845,0.26262113120682073
2022-06-09 15:29:16.399089152,-0.923828125,-0.096435546875,-0.414306640625,-4.150390625,-1.220703125,-1.708984375,0.110595703125,0.894775390625,-0.2939453125,-2.62451171875,1.8310546875,-0.48828125,-0.470947265625,0.5166015625,0.671875,-2.5634765625,6.8359375,8.23974609375,0.18505859375,-0.9599609375,-0.170654296875,1.708984375,6.89697265625,-5.4931640625,-0.583740234375,-0.650146484375,0.598388671875,-4.0283203125,-5.2490234375,4.69970703125,-0.998291015625,-0.0810546875,0.149169921875,-160.2783203125,31.3720703125,25.57373046875,-1.0595871123869152,0.3004688811068732
2022-06-09 15:29:16.409249792,-0.93017578125,-0.097412109375,-0.398193359375,-3.662109375,-0.244140625,-2.01416015625,0.1005859375,0.9091796875,-0.2900390625,-2.86865234375,2.685546875,-0.42724609375,-0.476806640625,0.526123046875,0.680419921875,-3.35693359375,7.6904296875,8.7890625,0.180908203125,-0.956787109375,-0.177490234375,2.38037109375,5.7373046875,-4.638671875,-0.592529296875,-0.652099609375,0.59033203125,-4.5166015625,-3.60107421875,4.57763671875,-0.964599609375,-0.006103515625,0.082275390625,-151.91650390625,33.203125,27.52685546875,-1.0534544515827688,0.33991467069473824
2022-06-09 15:29:16.419410688,-0.92919921875,-0.09912109375,-0.396728515625,-3.2958984375,-0.6103515625,-1.953125,0.09326171875,0.927490234375,-0.281494140625,-2.99072265625,3.173828125,-0.18310546875,-0.482421875,0.536376953125,0.689208984375,-4.45556640625,8.30078125,8.9111328125,0.177734375,-0.958740234375,-0.17578125,2.74658203125,5.06591796875,-3.60107421875,-0.595703125,-0.65576171875,0.579345703125,-5.43212890625,-3.23486328125,4.39453125,-0.941162109375,0.017822265625,0.0400390625,-139.70947265625,38.39111328125,28.50341796875,-1.0537403238708767,0.3732906306738686
2022-06-09 15:29:16.429571584,-0.930908203125,-0.09814453125,-0.4072265625,-2.86865234375,-0.30517578125,-2.01416015625,0.0810546875,0.943603515625,-0.279541015625,-2.99072265625,3.0517578125,-0.06103515625,-0.4853515625,0.55126953125,0.69677734375,-5.18798828125,8.1787109375,9.27734375,0.1826171875,-0.962890625,-0.17041015625,3.23486328125,4.2724609375,-2.74658203125,-0.5947265625,-0.65966796875,0.575927734375,-5.9814453125,-4.08935546875,4.2724609375,-0.972900390625,-0.0302734375,0.05322265625,-126.77001953125,44.7998046875,25.390625,-1.0608786694005765,0.40019091936858686
2022-06-09 15:29:16.439732224,-0.937255859375,-0.095458984375,-0.41162109375,-2.25830078125,0.6103515625,-1.953125,0.0791015625,0.9521484375,-0.276611328125,-3.11279296875,2.25830078125,0.18310546875,-0.48583984375,0.56689453125,0.70458984375,-5.92041015625,7.75146484375,9.82666015625,0.182373046875,-0.970458984375,-0.163330078125,3.662109375,3.90625,-2.0751953125,-0.58935546875,-0.6650390625,0.572265625,-6.9580078125,-4.0283203125,3.96728515625,-1.0791015625,-0.12353515625,0.2197265625,-120.361328125,47.9736328125,16.9677734375,-1.0756198203240175,0.4237384052884261
2022-06-09 15:29:16.449893120,-0.941650390625,-0.09521484375,-0.412841796875,-1.8310546875,-0.732421875,-1.8310546875,0.080810546875,0.9580078125,-0.27294921875,-3.23486328125,1.46484375,0.54931640625,-0.483642578125,0.580322265625,0.720458984375,-6.9580078125,7.8125,10.07080078125,0.17919921875,-0.981689453125,-0.154296875,3.90625,3.72314453125,-1.46484375,-0.593505859375,-0.674072265625,0.562744140625,-7.6904296875,-3.47900390625,3.84521484375,-1.290771484375,-0.23193359375,0.412109375,-126.64794921875,43.02978515625,3.2958984375,-1.0985331749499716,0.4430163422901092
2022-06-09 15:29:16.460054016,-0.9228515625,-0.095947265625,-0.4072265625,-1.46484375,-3.11279296875,-1.77001953125,0.09423828125,0.940185546875,-0.265869140625,-3.7841796875,0.54931640625,1.52587890625,-0.47998046875,0.58544921875,0.719482421875,-8.23974609375,8.85009765625,10.07080078125,0.17431640625,-0.994140625,-0.14794921875,3.96728515625,3.60107421875,-0.91552734375,-0.601318359375,-0.679443359375,0.5615234375,-8.11767578125,-3.5400390625,4.2724609375,-1.492919921875,-0.262939453125,0.494873046875,-139.404296875,27.34375,-17.76123046875,-1.12494753875058,0.45470649122986817
2022-06-09 15:29:16.470214912,-0.8974609375,-0.094482421875,-0.39697265625,-1.15966796875,-3.35693359375,-1.40380859375,0.1015625,0.924560546875,-0.2626953125,-3.84521484375,0.48828125,1.89208984375,-0.4921875,0.583740234375,0.7109375,-8.6669921875,9.70458984375,10.009765625,0.16845703125,-1.002685546875,-0.14208984375,4.0283203125,3.5400390625,-0.6103515625,-0.5791015625,-0.6806640625,0.5810546875,-7.8125,-4.69970703125,4.21142578125,-1.4501953125,-0.24658203125,0.435791015625,-148.13232421875,10.3759765625,-40.4052734375,-1.151090999612022,0.45950094365885885
2022-06-09 15:29:16.480375808,-0.877197265625,-0.09130859375,-0.387939453125,-0.9765625,-0.1220703125,-0.67138671875,0.1044921875,0.91064453125,-0.264404296875,-3.662109375,0.30517578125,2.0751953125,-0.489013671875,0.591552734375,0.712646484375,-7.99560546875,9.21630859375,9.3994140625,0.162353515625,-1.01220703125,-0.1396484375,4.08935546875,3.47900390625,-0.244140625,-0.557373046875,-0.67333984375,0.60498046875,-6.9580078125,-4.7607421875,3.72314453125,-1.136474609375,-0.179443359375,0.437744140625,-148.37646484375,-0.48828125,-54.443359375,-1.1761138572246446,0.460044316888772
2022-06-09 15:29:16.490536448,-0.878173828125,-0.090087890625,-0.378173828125,-0.42724609375,4.39453125,0.42724609375,0.10791015625,0.89990234375,-0.273193359375,-3.41796875,-0.30517578125,2.01416015625,-0.4755859375,0.59521484375,0.707275390625,-8.23974609375,8.6669921875,8.97216796875,0.1533203125,-1.0234375,-0.139892578125,3.90625,3.35693359375,-0.06103515625,-0.547607421875,-0.676025390625,0.617431640625,-6.16455078125,-4.08935546875,3.47900390625,-0.8134765625,-0.10986328125,0.4697265625,-149.5361328125,13.12255859375,-59.326171875,-1.1991125190230087,0.4555174171413565
2022-06-09 15:29:16.500697344,-0.887451171875,-0.083740234375,-0.3671875,0.3662109375,6.77490234375,1.3427734375,0.109130859375,0.889404296875,-0.281982421875,-2.99072265625,-0.3662109375,1.52587890625,-0.457763671875,0.596435546875,0.711181640625,-9.033203125,8.7890625,8.23974609375,0.150390625,-1.032470703125,-0.141357421875,3.90625,3.47900390625,-0.1220703125,-0.538330078125,-0.68212890625,0.627685546875,-4.7607421875,-3.35693359375,3.60107421875,-0.6796875,-0.002197265625,0.4423828125,-152.28271484375,44.49462890625,-59.02099609375,-1.2157430433075742,0.44207588064586467
2022-06-09 15:29:16.510857984,-0.894287109375,-0.081787109375,-0.364990234375,1.220703125,6.9580078125,2.13623046875,0.110595703125,0.87841796875,-0.27978515625,-2.62451171875,-0.1220703125,1.220703125,-0.478515625,0.590576171875,0.690673828125,-9.27734375,8.97216796875,7.32421875,0.14599609375,-1.03564453125,-0.13671875,3.90625,3.60107421875,-0.1220703125,-0.5263671875,-0.683349609375,0.63232421875,-2.38037109375,-2.44140625,3.35693359375,-0.656494140625,0.0615234375,0.426513671875,-157.77587890625,49.86572265625,-51.1474609375,-1.2203862966751036,0.4180613749440054
2022-06-09 15:29:16.521018880,-0.897705078125,-0.082275390625,-0.3642578125,1.8310546875,7.14111328125,2.8076171875,0.114013671875,0.869873046875,-0.285888671875,-2.13623046875,0.18310546875,0.67138671875,-0.492919921875,0.588623046875,0.66455078125,-8.9111328125,9.3994140625,4.69970703125,0.139404296875,-1.038818359375,-0.1328125,3.5400390625,3.23486328125,-0.18310546875,-0.521728515625,-0.6748046875,0.6328125,0.18310546875,-1.03759765625,3.11279296875,-0.63134765625,0.2021484375,0.488525390625,-159.3017578125,32.2265625,-42.90771484375,-1.2104285767021306,0.37862900428532775
2022-06-09 15:29:16.531180032,-0.91259765625,-0.084228515625,-0.360595703125,2.38037109375,8.544921875,3.2958984375,0.114501953125,0.87353515625,-0.28076171875,-1.708984375,0.3662109375,0.0,-0.46923828125,0.589599609375,0.6630859375,-8.11767578125,8.9111328125,3.96728515625,0.141357421875,-1.04052734375,-0.130126953125,3.23486328125,2.685546875,-0.18310546875,-0.521484375,-0.667236328125,0.62841796875,2.25830078125,1.15966796875,2.9296875,-0.660888671875,0.29931640625,0.54345703125,-169.73876953125,18.98193359375,-38.26904296875,-1.1866461515891547,0.3278102729182013
2022-06-09 15:29:16.541340672,-0.931884765625,-0.084716796875,-0.360107421875,2.685546875,9.1552734375,3.7841796875,0.120361328125,0.877197265625,-0.275390625,-1.15966796875,0.48828125,-0.42724609375,-0.442138671875,0.5859375,0.66259765625,-7.62939453125,9.8876953125,4.0283203125,0.142333984375,-1.037353515625,-0.130615234375,2.99072265625,2.38037109375,-0.30517578125,-0.5322265625,-0.662109375,0.62353515625,4.08935546875,3.662109375,2.8076171875,-0.8173828125,0.339599609375,0.573486328125,-179.6875,17.15087890625,-34.24072265625,-1.1509636485899384,0.27828714082159767
2022-06-09 15:29:16.551501568,-0.948974609375,-0.087646484375,-0.3671875,2.74658203125,7.9345703125,4.08935546875,0.119384765625,0.88134765625,-0.269775390625,-0.67138671875,0.67138671875,-0.54931640625,-0.445556640625,0.572021484375,0.6513671875,-7.87353515625,11.53564453125,2.86865234375,0.146240234375,-1.032958984375,-0.130615234375,2.685546875,2.197265625,-0.48828125,-0.549072265625,-0.65869140625,0.622802734375,5.7373046875,5.37109375,2.62451171875,-1.060791015625,0.4287109375,0.5703125,-185.4248046875,18.61572265625,-28.25927734375,-1.1047451353627038,0.22597095156014735
2022-06-09 15:29:16.561662208,-0.9560546875,-0.08837890625,-0.3828125,2.74658203125,6.04248046875,4.21142578125,0.115478515625,0.887939453125,-0.27001953125,-0.48828125,0.6103515625,-0.79345703125,-0.4501953125,0.556640625,0.645263671875,-6.8359375,10.92529296875,1.40380859375,0.1552734375,-1.028564453125,-0.131103515625,2.38037109375,1.953125,-0.42724609375,-0.560791015625,-0.65185546875,0.6240234375,6.8359375,6.34765625,2.44140625,-1.220947265625,0.49755859375,0.474853515625,-190.91796875,19.1650390625,-20.751953125,-1.0506890722206865,0.16578119053325047
2022-06-09 15:29:16.571823104,-0.962158203125,-0.09326171875,-0.390625,2.3193359375,4.45556640625,4.2724609375,0.110107421875,0.891357421875,-0.272705078125,-0.30517578125,0.06103515625,-1.03759765625,-0.445068359375,0.5458984375,0.647216796875,-4.82177734375,8.60595703125,0.6103515625,0.156005859375,-1.018798828125,-0.13330078125,1.89208984375,1.953125,-0.30517578125,-0.567626953125,-0.645751953125,0.626708984375,7.568359375,6.9580078125,2.38037109375,-1.1884765625,0.487060546875,0.379638671875,-194.3359375,20.81298828125,-11.90185546875,-0.9914329985730628,0.10508409728751733
2022-06-09 15:29:16.581984000,-0.9619140625,-0.093505859375,-0.39892578125,2.25830078125,2.99072265625,4.2724609375,0.104736328125,0.894775390625,-0.275146484375,-0.18310546875,-0.42724609375,-1.03759765625,-0.441162109375,0.542236328125,0.6552734375,-2.99072265625,5.67626953125,0.244140625,0.15380859375,-1.01513671875,-0.135986328125,1.3427734375,1.953125,-0.06103515625,-0.572509765625,-0.637939453125,0.630126953125,8.1787109375,7.568359375,2.01416015625,-1.056640625,0.365478515625,0.37158203125,-201.5380859375,24.59716796875,-0.9765625,-0.9292825348102347,0.05062306950192941
2022-06-09 15:29:16.592144640,-0.962158203125,-0.09228515625,-0.404541015625,1.953125,2.0751953125,4.150390625,0.09912109375,0.900390625,-0.281005859375,-0.06103515625,-0.79345703125,-1.03759765625,-0.44140625,0.53662109375,0.671142578125,-1.40380859375,3.173828125,-0.06103515625,0.15478515625,-1.01318359375,-0.136474609375,0.91552734375,1.953125,0.1220703125,-0.575927734375,-0.6318359375,0.6337890625,8.4228515625,7.99560546875,1.64794921875,-0.955810546875,0.255126953125,0.349609375,-208.1298828125,34.11865234375,9.8876953125,-0.8670314238822949,0.003334497084402699
2022-06-09 15:29:16.602305536,-0.96044921875,-0.087646484375,-0.401611328125,2.01416015625,1.40380859375,3.84521484375,0.09912109375,0.90234375,-0.28125,-0.06103515625,-0.91552734375,-0.91552734375,-0.442138671875,0.53076171875,0.68701171875,0.3662109375,1.15966796875,0.0,0.155029296875,-1.009765625,-0.13818359375,0.0,1.5869140625,0.54931640625,-0.57763671875,-0.62939453125,0.62939453125,8.4228515625,8.23974609375,1.03759765625,-0.92431640625,0.147216796875,0.2763671875,-215.39306640625,46.7529296875,17.822265625,-0.8076911491476793,-0.035188857653738026
2022-06-09 15:29:16.612466432,-0.95556640625,-0.084228515625,-0.400634765625,2.01416015625,0.48828125,3.662109375,0.099609375,0.901611328125,-0.276611328125,0.18310546875,-1.03759765625,-0.67138671875,-0.44970703125,0.53125,0.7109375,2.01416015625,-0.06103515625,-0.1220703125,0.1552734375,-1.00732421875,-0.140625,-0.3662109375,1.3427734375,0.6103515625,-0.58251953125,-0.61962890625,0.62939453125,8.1787109375,8.056640625,0.30517578125,-0.92138671875,0.09814453125,0.238525390625,-221.37451171875,49.6826171875,24.47509765625,-0.7543366135805211,-0.06418201474838003
2022-06-09 15:29:16.622627328,-0.94775390625,-0.08349609375,-0.4013671875,1.953125,-0.18310546875,3.5400390625,0.1044921875,0.900146484375,-0.274169921875,0.244140625,-0.79345703125,-0.30517578125,-0.45654296875,0.530517578125,0.7314453125,3.41796875,-1.15966796875,-0.48828125,0.15771484375,-1.005126953125,-0.139404296875,-0.79345703125,1.40380859375,0.732421875,-0.588623046875,-0.616455078125,0.63330078125,7.87353515625,7.62939453125,-0.244140625,-0.8974609375,0.097412109375,0.21240234375,-227.84423828125,44.5556640625,30.76171875,-0.7078675889954995,-0.08666947459283669
2022-06-09 15:29:16.632788224,-0.94091796875,-0.08349609375,-0.399658203125,1.8310546875,-0.06103515625,3.47900390625,0.10400390625,0.902587890625,-0.2705078125,0.30517578125,-0.54931640625,-0.06103515625,-0.46484375,0.5302734375,0.74462890625,4.2724609375,-2.0751953125,-0.79345703125,0.158935546875,-1.002685546875,-0.14208984375,-1.15966796875,1.5869140625,0.732421875,-0.593505859375,-0.613525390625,0.639404296875,7.4462890625,7.080078125,-0.67138671875,-0.8896484375,0.125,0.205078125,-235.3515625,42.48046875,35.400390625,-0.6679137729087571,-0.10566377339915167
2022-06-09 15:29:16.642948864,-0.93603515625,-0.08203125,-0.3994140625,1.52587890625,0.06103515625,3.662109375,0.1044921875,0.901123046875,-0.267822265625,0.42724609375,-0.42724609375,0.06103515625,-0.470703125,0.5302734375,0.746337890625,5.18798828125,-2.74658203125,-1.03759765625,0.15673828125,-1.001953125,-0.14306640625,-1.46484375,1.52587890625,0.8544921875,-0.593017578125,-0.61083984375,0.6435546875,7.14111328125,6.65283203125,-0.91552734375,-0.962890625,0.234130859375,0.17431640625,-252.197265625,48.40087890625,33.935546875,-0.6335403505033229,-0.12209571759574267
2022-06-09 15:29:16.653109760,-0.93017578125,-0.084716796875,-0.393310546875,1.40380859375,0.06103515625,3.7841796875,0.102783203125,0.9013671875,-0.268310546875,0.42724609375,-0.18310546875,0.1220703125,-0.478271484375,0.528076171875,0.7451171875,5.79833984375,-3.47900390625,-1.28173828125,0.15478515625,-1.007080078125,-0.1416015625,-1.5869140625,1.28173828125,0.91552734375,-0.58740234375,-0.60986328125,0.646728515625,6.8359375,6.4697265625,-0.9765625,-0.989013671875,0.2734375,0.155029296875,-260.55908203125,47.54638671875,31.1279296875,-0.6032233025125779,-0.13646468543464607
2022-06-09 15:29:16.663270400,-0.932373046875,-0.079833984375,-0.388427734375,1.46484375,0.48828125,4.0283203125,0.102783203125,0.902099609375,-0.27001953125,0.42724609375,-0.30517578125,0.244140625,-0.478271484375,0.528076171875,0.734619140625,6.34765625,-4.08935546875,-1.52587890625,0.14794921875,-1.015869140625,-0.142333984375,-1.5869140625,0.9765625,0.9765625,-0.580322265625,-0.60498046875,0.6474609375,6.8359375,6.7138671875,-0.9765625,-1.00439453125,0.25830078125,0.119873046875,-268.24951171875,46.9970703125,30.3955078125,-0.5752660918199172,-0.14967183734277345
2022-06-09 15:29:16.673431296,-0.93798828125,-0.078369140625,-0.3876953125,1.40380859375,0.1220703125,4.39453125,0.10205078125,0.90087890625,-0.279541015625,0.54931640625,-0.48828125,0.3662109375,-0.47900390625,0.533935546875,0.705078125,6.7138671875,-4.150390625,-1.8310546875,0.147705078125,-1.023193359375,-0.142822265625,-1.28173828125,0.3662109375,0.79345703125,-0.576904296875,-0.6005859375,0.646484375,6.8359375,7.080078125,-0.79345703125,-1.020263671875,0.197509765625,0.08740234375,-274.47509765625,48.4619140625,32.28759765625,-0.5479251746485416,-0.1625035885022701
2022-06-09 15:29:16.683592960,-0.934814453125,-0.078369140625,-0.387939453125,1.28173828125,-1.64794921875,5.06591796875,0.097900390625,0.897216796875,-0.28173828125,0.6103515625,-0.48828125,0.67138671875,-0.4814453125,0.537109375,0.693359375,7.01904296875,-4.21142578125,-1.89208984375,0.14697265625,-1.0263671875,-0.142333984375,-1.03759765625,0.0,0.54931640625,-0.577392578125,-0.6015625,0.6435546875,6.8359375,7.2021484375,-0.67138671875,-1.02978515625,0.1240234375,0.06103515625,-278.1982421875,48.33984375,35.0341796875,-0.5209322303022603,-0.17467984682110682
2022-06-09 15:29:16.693754624,-0.925537109375,-0.080810546875,-0.389404296875,1.0986328125,-2.99072265625,5.67626953125,0.101318359375,0.8984375,-0.279296875,0.42724609375,-0.42724609375,0.9765625,-0.48779296875,0.536376953125,0.681640625,7.4462890625,-4.33349609375,-1.8310546875,0.1474609375,-1.025146484375,-0.14208984375,-0.8544921875,0.06103515625,0.244140625,-0.58251953125,-0.60009765625,0.63916015625,6.89697265625,6.77490234375,-0.42724609375,-1.02001953125,0.063720703125,0.046875,-280.33447265625,45.7763671875,36.56005859375,-0.4940067988302199,-0.18430514488306748
2022-06-09 15:29:16.703916032,-0.91943359375,-0.080810546875,-0.3896484375,1.03759765625,-3.0517578125,6.40869140625,0.105712890625,0.898193359375,-0.274658203125,0.18310546875,-0.30517578125,1.220703125,-0.493896484375,0.5390625,0.6728515625,7.9345703125,-4.638671875,-1.8310546875,0.147216796875,-1.02099609375,-0.144775390625,-0.67138671875,0.1220703125,-0.1220703125,-0.589111328125,-0.602294921875,0.63818359375,6.7138671875,6.34765625,0.0,-0.99560546875,0.02001953125,0.036865234375,-281.55517578125,44.37255859375,36.92626953125,-0.4667208852811606,-0.190459816818894
2022-06-09 15:29:16.714077696,-0.91796875,-0.08544921875,-0.390380859375,1.46484375,-2.44140625,7.080078125,0.10888671875,0.89501953125,-0.275634765625,0.06103515625,-0.42724609375,1.46484375,-0.4990234375,0.54248046875,0.671630859375,8.36181640625,-5.0048828125,-1.77001953125,0.1484375,-1.022705078125,-0.146728515625,-0.42724609375,0.244140625,-0.30517578125,-0.594970703125,-0.603515625,0.637451171875,6.591796875,5.615234375,0.48828125,-0.978515625,-0.00146484375,0.03369140625,-282.1044921875,45.47119140625,36.7431640625,-0.4387903052860116,-0.19298829716069754
2022-06-09 15:29:16.724239360,-0.921630859375,-0.088134765625,-0.38916015625,2.197265625,-2.197265625,7.50732421875,0.112060546875,0.89306640625,-0.27734375,-0.1220703125,-0.48828125,1.52587890625,-0.49951171875,0.54443359375,0.665283203125,8.544921875,-5.2490234375,-1.77001953125,0.1484375,-1.022705078125,-0.145263671875,-0.18310546875,0.54931640625,-0.3662109375,-0.60009765625,-0.6044921875,0.63427734375,6.53076171875,5.06591796875,1.0986328125,-0.9677734375,-0.014404296875,0.03125,-283.02001953125,46.38671875,36.7431640625,-0.4090747742824583,-0.1926409780186411
2022-06-09 15:29:16.734401024,-0.921875,-0.089599609375,-0.388916015625,2.86865234375,-2.13623046875,7.8125,0.10888671875,0.893798828125,-0.278564453125,-0.244140625,-0.30517578125,1.40380859375,-0.49755859375,0.546142578125,0.663330078125,8.60595703125,-5.2490234375,-1.46484375,0.152587890625,-1.025634765625,-0.142822265625,0.18310546875,0.54931640625,-0.3662109375,-0.601318359375,-0.6064453125,0.6298828125,6.591796875,4.7607421875,1.708984375,-0.956298828125,-0.006103515625,0.02978515625,-284.36279296875,46.38671875,38.2080078125,-0.3764404591574233,-0.18940853607847785
2022-06-09 15:29:16.744562688,-0.925048828125,-0.088623046875,-0.3857421875,3.5400390625,-2.13623046875,8.11767578125,0.10546875,0.896484375,-0.277587890625,-0.18310546875,-0.244140625,1.220703125,-0.505126953125,0.546142578125,0.66162109375,8.60595703125,-4.94384765625,-1.220703125,0.14990234375,-1.023681640625,-0.145751953125,0.3662109375,0.79345703125,-0.6103515625,-0.60009765625,-0.609619140625,0.624267578125,6.7138671875,4.638671875,2.38037109375,-0.9599609375,0.017578125,0.02001953125,-285.888671875,46.7529296875,40.46630859375,-0.33997153971395444,-0.1828995031973415
2022-06-09 15:29:16.754724096,-0.929931640625,-0.087646484375,-0.38037109375,4.33349609375,-2.3193359375,8.4228515625,0.1083984375,0.9033203125,-0.27490234375,-0.3662109375,-0.244140625,1.15966796875,-0.506591796875,0.547119140625,0.6640625,8.544921875,-5.0048828125,-1.220703125,0.148193359375,-1.0234375,-0.14453125,0.67138671875,1.220703125,-0.732421875,-0.600830078125,-0.612060546875,0.6201171875,6.65283203125,4.39453125,2.86865234375,-0.98974609375,0.035400390625,0.0107421875,-287.29248046875,49.13330078125,42.90771484375,-0.30049401842222356,-0.17498538827979626
2022-06-09 15:29:16.764885760,-0.9345703125,-0.089111328125,-0.375732421875,5.06591796875,-2.9296875,8.60595703125,0.106689453125,0.904296875,-0.275146484375,-0.67138671875,0.244140625,1.40380859375,-0.506103515625,0.549072265625,0.670166015625,8.48388671875,-5.43212890625,-0.79345703125,0.14892578125,-1.02587890625,-0.14453125,0.8544921875,1.28173828125,-0.8544921875,-0.601806640625,-0.618408203125,0.6181640625,6.34765625,3.7841796875,3.173828125,-1.037353515625,0.0595703125,-0.006591796875,-287.17041015625,53.22265625,44.86083984375,-0.26081968934467503,-0.1652119559148506
2022-06-09 15:29:16.775047424,-0.9345703125,-0.092041015625,-0.38623046875,4.638671875,-3.662109375,8.48388671875,0.105224609375,0.9052734375,-0.27880859375,-0.8544921875,0.3662109375,1.40380859375,-0.501953125,0.548583984375,0.675048828125,8.1787109375,-6.16455078125,-0.18310546875,0.149658203125,-1.02685546875,-0.1494140625,1.28173828125,1.46484375,-0.91552734375,-0.605224609375,-0.62646484375,0.614990234375,6.103515625,3.0517578125,3.47900390625,-1.09228515625,0.083251953125,-0.02392578125,-285.46142578125,57.18994140625,46.32568359375,-0.2222371006120616,-0.15185603255041347
2022-06-09 15:29:16.785208832,-0.934814453125,-0.091796875,-0.398681640625,3.84521484375,-4.39453125,7.9345703125,0.1064453125,0.899169921875,-0.2822265625,-1.15966796875,0.244140625,1.46484375,-0.49658203125,0.5498046875,0.677490234375,7.4462890625,-6.65283203125,0.244140625,0.15234375,-1.025634765625,-0.1474609375,1.5869140625,1.708984375,-0.91552734375,-0.60595703125,-0.632568359375,0.61572265625,5.92041015625,2.197265625,3.662109375,-1.132080078125,0.076416015625,-0.04052734375,-282.65380859375,59.02099609375,47.36328125,-0.18473864890877878,-0.1368921776900427
2022-06-09 15:29:16.795370496,-0.933349609375,-0.091796875,-0.39111328125,4.5166015625,-4.150390625,7.4462890625,0.107666015625,0.89453125,-0.2822265625,-1.220703125,0.3662109375,1.52587890625,-0.49169921875,0.552001953125,0.6787109375,6.65283203125,-6.89697265625,0.48828125,0.156494140625,-1.020263671875,-0.143798828125,1.77001953125,1.953125,-0.9765625,-0.603759765625,-0.6357421875,0.61474609375,5.79833984375,1.52587890625,3.662109375,-1.13232421875,0.05029296875,-0.052978515625,-278.4423828125,57.4951171875,47.4853515625,-0.14899619577621004,-0.12322291564060706
2022-06-09 15:29:16.805531904,-0.934326171875,-0.08642578125,-0.38232421875,5.67626953125,-4.08935546875,6.89697265625,0.110107421875,0.89453125,-0.275634765625,-1.220703125,0.48828125,1.3427734375,-0.486328125,0.551025390625,0.676025390625,6.103515625,-6.53076171875,0.732421875,0.157958984375,-1.01708984375,-0.140869140625,2.01416015625,1.953125,-0.9765625,-0.603515625,-0.638671875,0.6162109375,5.859375,1.3427734375,3.72314453125,-1.117919921875,0.02001953125,-0.054931640625,-274.71923828125,54.50439453125,46.81396484375,-0.114552179018935,-0.11126596410849832
2022-06-09 15:29:16.815693568,-0.93408203125,-0.07666015625,-0.3828125,7.01904296875,-4.8828125,6.2255859375,0.11328125,0.8916015625,-0.276611328125,-1.15966796875,0.3662109375,1.15966796875,-0.47900390625,0.5537109375,0.671875,5.2490234375,-5.79833984375,0.8544921875,0.158203125,-1.014892578125,-0.13671875,1.953125,2.01416015625,-0.9765625,-0.599609375,-0.640869140625,0.616943359375,6.2255859375,1.77001953125,3.5400390625,-1.1015625,-0.0234375,-0.056884765625,-270.99609375,53.28369140625,45.8984375,-0.08030572284325244,-0.10178178476564081
2022-06-09 15:29:16.825855232,-0.93212890625,-0.072021484375,-0.3828125,8.30078125,-5.92041015625,5.92041015625,0.11669921875,0.889404296875,-0.273193359375,-1.15966796875,0.244140625,1.03759765625,-0.4755859375,0.5537109375,0.667236328125,4.69970703125,-4.82177734375,0.9765625,0.158935546875,-1.015869140625,-0.134521484375,1.953125,2.0751953125,-0.8544921875,-0.595703125,-0.640869140625,0.61865234375,6.7138671875,2.3193359375,3.2958984375,-1.09375,-0.06884765625,-0.05419921875,-267.333984375,54.38232421875,45.0439453125,-0.04581808950101407,-0.09532015174260078
2022-06-09 15:29:16.836016896,-0.9296875,-0.080078125,-0.392822265625,7.01904296875,-6.7138671875,5.615234375,0.115234375,0.89111328125,-0.27294921875,-1.28173828125,0.48828125,0.8544921875,-0.474853515625,0.55224609375,0.661376953125,4.150390625,-3.96728515625,1.15966796875,0.15869140625,-1.01611328125,-0.133056640625,1.77001953125,2.0751953125,-0.67138671875,-0.58447265625,-0.631591796875,0.623779296875,7.75146484375,3.23486328125,2.5634765625,-1.093017578125,-0.118408203125,-0.051513671875,-264.6484375,55.17578125,43.9453125,-0.010666701652479293,-0.09080483656608607
2022-06-09 15:29:16.846178560,-0.925048828125,-0.08447265625,-0.388916015625,4.94384765625,-6.77490234375,5.126953125,0.114990234375,0.8916015625,-0.274169921875,-1.15966796875,0.3662109375,0.67138671875,-0.4765625,0.55126953125,0.66162109375,3.7841796875,-3.60107421875,1.28173828125,0.158447265625,-1.01904296875,-0.132568359375,1.77001953125,1.708984375,-0.42724609375,-0.580322265625,-0.630126953125,0.6240234375,8.23974609375,3.60107421875,2.01416015625,-1.068603515625,-0.171875,-0.0380859375,-262.6953125,53.40576171875,42.8466796875,0.024174849930714837,-0.08774314488379975
2022-06-09 15:29:16.856339968,-0.919189453125,-0.084228515625,-0.380859375,3.23486328125,-6.16455078125,4.57763671875,0.111328125,0.895263671875,-0.275634765625,-1.15966796875,0.18310546875,0.54931640625,-0.47314453125,0.5556640625,0.666259765625,3.60107421875,-3.72314453125,1.52587890625,0.15869140625,-1.020751953125,-0.1318359375,1.5869140625,1.40380859375,-0.18310546875,-0.5732421875,-0.62548828125,0.62255859375,8.6669921875,3.90625,1.52587890625,-1.020263671875,-0.2099609375,-0.025146484375,-260.7421875,49.1943359375,41.748046875,0.05763403272789325,-0.08491208637091674
2022-06-09 15:29:16.866501632,-0.9189453125,-0.083740234375,-0.374755859375,2.197265625,-5.859375,4.150390625,0.108642578125,0.896240234375,-0.276123046875,-1.03759765625,0.06103515625,0.3662109375,-0.471435546875,0.559326171875,0.667236328125,3.35693359375,-4.150390625,1.8310546875,0.157470703125,-1.020263671875,-0.133056640625,1.52587890625,1.220703125,0.0,-0.572509765625,-0.62353515625,0.62060546875,9.09423828125,4.57763671875,1.15966796875,-0.967529296875,-0.224365234375,-0.01953125,-259.46044921875,45.47119140625,40.4052734375,0.09030626947303744,-0.08108986641807014
2022-06-09 15:29:16.876663296,-0.91943359375,-0.081787109375,-0.36474609375,1.953125,-6.4697265625,4.0283203125,0.1103515625,0.8974609375,-0.27734375,-0.9765625,-0.18310546875,0.1220703125,-0.471435546875,0.5634765625,0.669921875,3.11279296875,-4.45556640625,2.3193359375,0.156494140625,-1.021240234375,-0.133544921875,1.40380859375,1.15966796875,0.18310546875,-0.5732421875,-0.621826171875,0.62255859375,9.3994140625,5.126953125,0.91552734375,-0.921875,-0.242431640625,0.00341796875,-257.9345703125,43.5791015625,39.00146484375,0.12282045015926668,-0.07518899272726998
2022-06-09 15:29:16.886824960,-0.915771484375,-0.077392578125,-0.3623046875,2.13623046875,-7.01904296875,3.96728515625,0.110595703125,0.896240234375,-0.275390625,-0.9765625,-0.3662109375,0.06103515625,-0.469970703125,0.5673828125,0.671875,2.685546875,-4.45556640625,2.62451171875,0.155029296875,-1.021240234375,-0.131103515625,1.15966796875,1.15966796875,0.3662109375,-0.580078125,-0.62451171875,0.625,9.521484375,5.2490234375,0.67138671875,-0.88720703125,-0.2373046875,0.017333984375,-254.45556640625,43.76220703125,37.41455078125,0.15472582376811284,-0.06755582934660964
2022-06-09 15:29:16.896986368,-0.918212890625,-0.07470703125,-0.365478515625,2.5634765625,-6.2255859375,4.39453125,0.114013671875,0.89453125,-0.275634765625,-0.91552734375,-0.30517578125,0.1220703125,-0.46875,0.570068359375,0.67529296875,2.13623046875,-4.2724609375,2.9296875,0.15625,-1.018310546875,-0.129150390625,0.8544921875,1.15966796875,0.54931640625,-0.58251953125,-0.624267578125,0.62890625,9.6435546875,5.2490234375,0.6103515625,-0.8720703125,-0.209228515625,0.013427734375,-250.732421875,44.25048828125,35.2783203125,0.18619996487643853,-0.059677262223078564
2022-06-09 15:29:16.907147776,-0.92431640625,-0.073486328125,-0.369140625,3.0517578125,-5.18798828125,4.82177734375,0.11767578125,0.895263671875,-0.272216796875,-0.91552734375,-0.1220703125,-0.06103515625,-0.4697265625,0.57373046875,0.675048828125,1.64794921875,-4.150390625,3.2958984375,0.1611328125,-1.016357421875,-0.12841796875,0.3662109375,1.0986328125,0.6103515625,-0.581787109375,-0.62109375,0.63330078125,9.8876953125,4.8828125,0.48828125,-0.865478515625,-0.190185546875,0.02197265625,-246.09375,43.02978515625,32.89794921875,0.21821533119326442,-0.05131640873991028
2022-06-09 15:29:16.917309440,-0.930908203125,-0.071044921875,-0.37060546875,3.35693359375,-5.2490234375,5.0048828125,0.11328125,0.896728515625,-0.27001953125,-0.732421875,0.3662109375,-0.42724609375,-0.46826171875,0.57421875,0.674072265625,1.220703125,-3.662109375,3.41796875,0.16064453125,-1.015625,-0.129638671875,-0.1220703125,1.0986328125,0.79345703125,-0.574951171875,-0.617431640625,0.635009765625,9.94873046875,4.33349609375,0.30517578125,-0.831298828125,-0.174072265625,0.032470703125,-237.3046875,44.0673828125,30.029296875,0.25014680075363516,-0.04283621507144986
2022-06-09 15:29:16.927471104,-0.92919921875,-0.06787109375,-0.36376953125,3.5400390625,-6.28662109375,5.0048828125,0.11083984375,0.8984375,-0.26806640625,-0.67138671875,0.42724609375,-0.67138671875,-0.46875,0.577392578125,0.6708984375,0.8544921875,-3.173828125,3.60107421875,0.15673828125,-1.0166015625,-0.12646484375,-0.48828125,1.220703125,1.03759765625,-0.572509765625,-0.617431640625,0.6357421875,9.8876953125,4.21142578125,0.1220703125,-0.80322265625,-0.108154296875,0.048095703125,-227.05078125,52.67333984375,26.91650390625,0.28070857241850167,-0.034649377402104165
2022-06-09 15:29:16.937632768,-0.921875,-0.064453125,-0.363037109375,3.23486328125,-6.65283203125,4.8828125,0.107177734375,0.902587890625,-0.26953125,-0.54931640625,0.30517578125,-0.79345703125,-0.470458984375,0.578369140625,0.667236328125,0.42724609375,-2.74658203125,3.7841796875,0.15283203125,-1.016845703125,-0.126953125,-0.79345703125,0.9765625,1.28173828125,-0.568603515625,-0.61572265625,0.6416015625,9.82666015625,4.150390625,0.06103515625,-0.794189453125,-0.0537109375,0.07763671875,-219.7265625,62.98828125,23.8037109375,0.3099028487424649,-0.02647850686590747
2022-06-09 15:29:16.947794432,-0.921142578125,-0.0615234375,-0.359130859375,2.44140625,-5.615234375,4.7607421875,0.1083984375,0.90185546875,-0.270751953125,-0.48828125,0.06103515625,-0.732421875,-0.471435546875,0.576416015625,0.668701171875,0.0,-2.25830078125,4.0283203125,0.155029296875,-1.01806640625,-0.125244140625,-1.15966796875,0.6103515625,1.46484375,-0.56396484375,-0.6103515625,0.644287109375,9.521484375,4.2724609375,0.06103515625,-0.78271484375,-0.01904296875,0.0771484375,-213.43994140625,67.7490234375,19.8974609375,0.3375437378016972,-0.01821081737541963
2022-06-09 15:29:16.957955840,-0.92822265625,-0.058349609375,-0.356201171875,1.708984375,-4.08935546875,4.39453125,0.10986328125,0.90283203125,-0.271728515625,-0.3662109375,-0.1220703125,-0.732421875,-0.47021484375,0.575927734375,0.669677734375,-0.48828125,-1.77001953125,4.21142578125,0.15673828125,-1.019775390625,-0.126953125,-1.40380859375,0.42724609375,1.5869140625,-0.56494140625,-0.60986328125,0.650634765625,8.97216796875,4.21142578125,0.06103515625,-0.783447265625,-0.001708984375,0.05712890625,-211.0595703125,69.88525390625,15.5029296875,0.36214081472998627,-0.00997710728033141
2022-06-09 15:29:16.968117504,-0.934814453125,-0.056884765625,-0.357666015625,0.8544921875,-3.35693359375,3.96728515625,0.1083984375,0.90185546875,-0.2734375,-0.30517578125,-0.42724609375,-0.79345703125,-0.468505859375,0.574951171875,0.669921875,-1.0986328125,-1.28173828125,4.33349609375,0.157958984375,-1.017333984375,-0.13037109375,-1.708984375,0.48828125,1.64794921875,-0.566650390625,-0.609619140625,0.655517578125,8.72802734375,4.150390625,0.244140625,-0.796630859375,0.015625,0.042236328125,-210.9375,72.20458984375,9.70458984375,0.3845370393901155,-0.002770481436103367
2022-06-09 15:29:16.978279168,-0.937744140625,-0.0576171875,-0.35888671875,0.1220703125,-3.0517578125,3.5400390625,0.1083984375,0.899169921875,-0.2724609375,-0.30517578125,-0.54931640625,-0.8544921875,-0.46826171875,0.571044921875,0.669921875,-1.64794921875,-0.732421875,4.39453125,0.154541015625,-1.015625,-0.13330078125,-2.13623046875,0.30517578125,1.708984375,-0.56494140625,-0.60546875,0.658935546875,8.30078125,4.08935546875,0.3662109375,-0.81298828125,0.055419921875,0.02587890625,-211.85302734375,72.265625,2.01416015625,0.4056111916706877,0.0026867778414363386
2022-06-09 15:29:16.988440832,-0.939208984375,-0.05712890625,-0.360107421875,0.0,-2.9296875,3.23486328125,0.107666015625,0.8984375,-0.27197265625,-0.42724609375,-0.3662109375,-0.91552734375,-0.470703125,0.567626953125,0.671142578125,-2.0751953125,-0.6103515625,4.39453125,0.152099609375,-1.017578125,-0.13623046875,-2.50244140625,0.1220703125,1.77001953125,-0.568603515625,-0.60498046875,0.661376953125,7.62939453125,4.2724609375,0.48828125,-0.84130859375,0.083984375,0.028076171875,-214.84375,68.359375,-6.65283203125,0.4237036390880138,0.006293042218364242
2022-06-09 15:29:16.998602496,-0.942138671875,-0.056884765625,-0.356689453125,0.06103515625,-2.86865234375,2.9296875,0.10986328125,0.89599609375,-0.272216796875,-0.42724609375,-0.244140625,-0.8544921875,-0.473388671875,0.56396484375,0.675537109375,-2.44140625,-0.79345703125,4.5166015625,0.149658203125,-1.0166015625,-0.13818359375,-2.685546875,-0.06103515625,1.89208984375,-0.568603515625,-0.602783203125,0.661865234375,7.080078125,4.638671875,0.48828125,-0.89306640625,0.0693359375,0.04345703125,-218.3837890625,61.70654296875,-14.16015625,0.4379780530924111,0.00877381051606907
2022-06-09 15:29:17.008763904,-0.94189453125,-0.05322265625,-0.354248046875,0.30517578125,-2.9296875,2.50244140625,0.11181640625,0.8935546875,-0.27001953125,-0.1220703125,-0.06103515625,-0.8544921875,-0.474365234375,0.56494140625,0.67724609375,-2.86865234375,-0.79345703125,4.39453125,0.152099609375,-1.017333984375,-0.139404296875,-2.74658203125,-0.30517578125,2.0751953125,-0.57470703125,-0.602294921875,0.662841796875,6.34765625,5.126953125,0.3662109375,-1.00830078125,0.032470703125,0.142333984375,-219.23828125,55.17578125,-18.98193359375,0.4473666303458259,0.009559491325295433
2022-06-09 15:29:17.018925312,-0.942626953125,-0.05126953125,-0.35302734375,0.06103515625,-2.9296875,2.01416015625,0.113037109375,0.89013671875,-0.273681640625,-0.30517578125,0.18310546875,-0.8544921875,-0.471923828125,0.56396484375,0.676025390625,-3.35693359375,-0.6103515625,4.33349609375,0.152099609375,-1.0166015625,-0.138427734375,-2.5634765625,-0.244140625,2.01416015625,-0.587158203125,-0.599609375,0.66259765625,5.7373046875,5.2490234375,0.48828125,-1.23095703125,0.013671875,0.2783203125,-218.505859375,42.41943359375,-19.8974609375,0.452208908876238,0.007457971153161047
2022-06-09 15:29:17.029086976,-0.940185546875,-0.050048828125,-0.354248046875,-0.30517578125,-2.86865234375,1.46484375,0.11328125,0.888671875,-0.2705078125,-0.244140625,0.30517578125,-0.9765625,-0.4697265625,0.561279296875,0.673583984375,-3.662109375,-0.30517578125,4.33349609375,0.150390625,-1.013427734375,-0.139404296875,-2.685546875,-0.30517578125,1.89208984375,-0.5966796875,-0.598388671875,0.660888671875,5.0048828125,5.126953125,0.6103515625,-1.440185546875,-0.133056640625,0.387451171875,-215.51513671875,18.37158203125,-13.73291015625,0.45355059610630555,0.0032249776057398094
2022-06-09 15:29:17.039248640,-0.942626953125,-0.052490234375,-0.352294921875,-0.732421875,-2.685546875,0.9765625,0.11328125,0.890869140625,-0.2734375,-0.30517578125,0.18310546875,-0.9765625,-0.464599609375,0.5595703125,0.677734375,-3.96728515625,0.244140625,4.2724609375,0.15234375,-1.012939453125,-0.13916015625,-2.8076171875,-0.30517578125,2.01416015625,-0.598876953125,-0.590576171875,0.660400390625,3.90625,4.69970703125,0.91552734375,-1.40966796875,-0.350341796875,0.386962890625,-204.345703125,7.568359375,6.65283203125,0.4505456896029565,-0.002820425730405418
2022-06-09 15:29:17.049410304,-0.947021484375,-0.0556640625,-0.348876953125,-0.9765625,-3.0517578125,0.3662109375,0.110107421875,0.8935546875,-0.275390625,-0.48828125,0.244140625,-1.03759765625,-0.46142578125,0.5576171875,0.679931640625,-4.638671875,0.8544921875,4.2724609375,0.150634765625,-1.013427734375,-0.142578125,-2.74658203125,-0.18310546875,1.953125,-0.604736328125,-0.58642578125,0.656005859375,2.99072265625,4.33349609375,1.28173828125,-1.1513671875,-0.46484375,0.36279296875,-197.69287109375,18.4326171875,39.306640625,0.44362083262658025,-0.011710269314336053
2022-06-09 15:29:17.059571712,-0.9482421875,-0.056396484375,-0.3466796875,-1.0986328125,-3.5400390625,0.0,0.1103515625,0.89208984375,-0.273193359375,-0.6103515625,0.244140625,-1.0986328125,-0.458984375,0.55419921875,0.67626953125,-4.94384765625,1.46484375,4.33349609375,0.14794921875,-1.016845703125,-0.1455078125,-2.74658203125,0.0,1.77001953125,-0.60498046875,-0.581787109375,0.655029296875,2.13623046875,4.21142578125,1.40380859375,-0.88671875,-0.428466796875,0.35546875,-198.91357421875,29.9072265625,61.70654296875,0.433057524968242,-0.022881789001481856
2022-06-09 15:29:17.069733376,-0.949462890625,-0.05712890625,-0.345703125,-1.0986328125,-4.08935546875,-0.06103515625,0.111328125,0.895263671875,-0.27392578125,-0.8544921875,0.244140625,-1.03759765625,-0.457275390625,0.553466796875,0.675048828125,-5.126953125,1.953125,4.45556640625,0.146484375,-1.01953125,-0.14599609375,-2.685546875,-0.18310546875,1.77001953125,-0.602783203125,-0.57861328125,0.64892578125,1.52587890625,4.150390625,1.5869140625,-0.72900390625,-0.220703125,0.333251953125,-195.37353515625,37.04833984375,71.2890625,0.4193312824462283,-0.0345845974762522
2022-06-09 15:29:17.079895040,-0.950927734375,-0.054443359375,-0.338134765625,-0.9765625,-4.39453125,0.06103515625,0.107666015625,0.896484375,-0.273193359375,-1.03759765625,0.18310546875,-1.03759765625,-0.459228515625,0.5556640625,0.6787109375,-5.31005859375,2.197265625,4.7607421875,0.147705078125,-1.02099609375,-0.14404296875,-2.50244140625,-0.18310546875,1.64794921875,-0.6044921875,-0.573974609375,0.647705078125,0.9765625,4.150390625,1.708984375,-0.711669921875,0.02734375,0.205322265625,-189.14794921875,41.56494140625,75.37841796875,0.4035848053816875,-0.04552295791328298
2022-06-09 15:29:17.090056704,-0.95263671875,-0.05419921875,-0.337646484375,-1.220703125,-4.8828125,0.3662109375,0.10693359375,0.898681640625,-0.275634765625,-1.28173828125,0.244140625,-0.9765625,-0.462646484375,0.5576171875,0.681884765625,-5.18798828125,2.01416015625,5.0048828125,0.148681640625,-1.02099609375,-0.144775390625,-2.25830078125,0.06103515625,1.52587890625,-0.60498046875,-0.572265625,0.64453125,0.30517578125,4.0283203125,1.89208984375,-0.798583984375,0.175537109375,0.22705078125,-184.326171875,42.96875,73.79150390625,0.38568354462552135,-0.05439126892314672
2022-06-09 15:29:17.100218368,-0.947998046875,-0.052490234375,-0.3427734375,-0.91552734375,-5.7373046875,0.79345703125,0.10595703125,0.89697265625,-0.275146484375,-1.40380859375,0.30517578125,-0.732421875,-0.463623046875,0.556884765625,0.688720703125,-5.0048828125,1.708984375,5.18798828125,0.1455078125,-1.01953125,-0.14697265625,-2.01416015625,0.06103515625,1.3427734375,-0.61181640625,-0.57080078125,0.6376953125,-0.3662109375,3.60107421875,2.01416015625,-1.1494140625,0.172119140625,0.27880859375,-174.31640625,39.1845703125,45.34912109375,0.3652564836625021,-0.06073366710580874
2022-06-09 15:29:17.110379776,-0.941650390625,-0.046875,-0.348388671875,-0.54931640625,-5.67626953125,1.15966796875,0.10693359375,0.895751953125,-0.272216796875,-1.77001953125,0.8544921875,-0.42724609375,-0.463134765625,0.560791015625,0.691650390625,-4.94384765625,1.3427734375,5.43212890625,0.14501953125,-1.01611328125,-0.14599609375,-1.8310546875,-0.1220703125,1.220703125,-0.61376953125,-0.57373046875,0.635498046875,-0.8544921875,2.99072265625,2.13623046875,-1.349609375,0.07177734375,0.256591796875,-167.1142578125,41.3818359375,25.45166015625,0.34271555879204607,-0.06463775853006037
2022-06-09 15:29:17.120541440,-0.936279296875,-0.046875,-0.338134765625,-0.6103515625,-5.18798828125,1.64794921875,0.107177734375,0.896728515625,-0.270751953125,-1.8310546875,1.03759765625,-0.48828125,-0.4609375,0.56201171875,0.69287109375,-4.8828125,1.15966796875,5.67626953125,0.146728515625,-1.01416015625,-0.1494140625,-1.64794921875,-0.06103515625,1.03759765625,-0.619873046875,-0.572509765625,0.6357421875,-0.6103515625,2.86865234375,2.44140625,-1.425537109375,-0.070068359375,0.241455078125,-160.400390625,38.87939453125,9.46044921875,0.3218676664051787,-0.06605604839647405
2022-06-09 15:29:17.130702848,-0.931640625,-0.050537109375,-0.33203125,-0.8544921875,-4.7607421875,2.3193359375,0.10791015625,0.900634765625,-0.27099609375,-1.8310546875,1.28173828125,-0.54931640625,-0.458984375,0.56298828125,0.69775390625,-4.7607421875,1.220703125,5.859375,0.147216796875,-1.013427734375,-0.151611328125,-1.46484375,-0.06103515625,0.91552734375,-0.6259765625,-0.570068359375,0.630859375,-0.67138671875,2.74658203125,2.8076171875,-1.334716796875,-0.208984375,0.2412109375,-158.935546875,32.16552734375,1.0986328125,0.3050398033522894,-0.06501130022751234
2022-06-09 15:29:17.140864512,-0.929443359375,-0.05126953125,-0.33056640625,-0.9765625,-4.150390625,2.74658203125,0.106689453125,0.9052734375,-0.266357421875,-1.8310546875,1.46484375,-0.6103515625,-0.45654296875,0.563720703125,0.701171875,-4.82177734375,1.40380859375,6.103515625,0.149658203125,-1.01611328125,-0.1494140625,-1.220703125,-0.06103515625,0.732421875,-0.628173828125,-0.5693359375,0.62646484375,-0.3662109375,2.74658203125,3.23486328125,-1.1640625,-0.279052734375,0.262939453125,-159.36279296875,30.1513671875,-2.38037109375,0.29284254085192307,-0.061753593830434994
2022-06-09 15:29:17.151026176,-0.932861328125,-0.051025390625,-0.3349609375,-1.3427734375,-3.41796875,3.23486328125,0.1025390625,0.908203125,-0.266357421875,-1.708984375,1.40380859375,-0.732421875,-0.454345703125,0.566650390625,0.698486328125,-4.8828125,1.03759765625,6.40869140625,0.147705078125,-1.0185546875,-0.14990234375,-0.9765625,-0.18310546875,0.732421875,-0.629150390625,-0.568359375,0.623779296875,-0.1220703125,2.86865234375,3.2958984375,-1.05615234375,-0.268310546875,0.2705078125,-160.58349609375,39.55078125,-5.31005859375,0.2851310127880864,-0.05617410514461252
2022-06-09 15:29:17.161187584,-0.938720703125,-0.0546875,-0.33349609375,-1.52587890625,-2.62451171875,3.662109375,0.105224609375,0.90380859375,-0.269775390625,-1.708984375,1.40380859375,-0.67138671875,-0.447265625,0.562255859375,0.690673828125,-4.94384765625,-0.18310546875,7.080078125,0.147705078125,-1.021484375,-0.1513671875,-0.6103515625,-0.18310546875,0.67138671875,-0.6279296875,-0.570068359375,0.62109375,0.30517578125,3.0517578125,3.5400390625,-1.03759765625,-0.223388671875,0.26220703125,-163.26904296875,48.7060546875,-10.1318359375,0.28160502090676065,-0.046364502910393846
2022-06-09 15:29:17.171349248,-0.944580078125,-0.05419921875,-0.329345703125,-1.28173828125,-2.50244140625,4.150390625,0.10791015625,0.9013671875,-0.2685546875,-1.5869140625,1.46484375,-0.54931640625,-0.434814453125,0.555908203125,0.68798828125,-4.2724609375,-1.77001953125,7.50732421875,0.14697265625,-1.01904296875,-0.1484375,-0.3662109375,-0.1220703125,0.67138671875,-0.631591796875,-0.570068359375,0.61767578125,0.6103515625,3.47900390625,3.662109375,-0.9970703125,-0.142333984375,0.263916015625,-164.97802734375,41.9921875,-17.578125,0.2827009749956497,-0.029894940588961916
2022-06-09 15:29:17.181510912,-0.951416015625,-0.052490234375,-0.32470703125,-0.54931640625,-2.5634765625,4.5166015625,0.108642578125,0.89599609375,-0.264404296875,-1.3427734375,1.46484375,-0.54931640625,-0.425537109375,0.55712890625,0.690185546875,-3.41796875,-2.197265625,7.62939453125,0.14892578125,-1.0185546875,-0.149658203125,-0.06103515625,0.06103515625,0.6103515625,-0.633544921875,-0.57177734375,0.61669921875,0.732421875,3.47900390625,3.72314453125,-0.897705078125,-0.062255859375,0.25830078125,-167.1142578125,26.123046875,-25.5126953125,0.28669775300219014,-0.006841773261197837
2022-06-09 15:29:17.191672576,-0.95361328125,-0.05517578125,-0.323486328125,0.1220703125,-2.86865234375,4.94384765625,0.112548828125,0.891845703125,-0.259033203125,-0.91552734375,1.5869140625,-0.244140625,-0.426025390625,0.561279296875,0.69140625,-3.173828125,-0.6103515625,7.50732421875,0.1494140625,-1.0166015625,-0.14794921875,0.1220703125,0.18310546875,0.42724609375,-0.63720703125,-0.576416015625,0.6142578125,1.15966796875,3.2958984375,3.662109375,-0.794921875,-0.010498046875,0.233154296875,-167.6025390625,15.93017578125,-29.6630859375,0.2933588288351734,0.019276807917398386
2022-06-09 15:29:17.201834240,-0.9560546875,-0.052734375,-0.32275390625,0.67138671875,-3.5400390625,5.0048828125,0.11083984375,0.895263671875,-0.2548828125,-0.732421875,1.46484375,-0.1220703125,-0.42919921875,0.56298828125,0.690185546875,-3.41796875,1.220703125,7.38525390625,0.148193359375,-1.017578125,-0.14697265625,0.244140625,0.244140625,0.244140625,-0.637939453125,-0.578125,0.615478515625,1.3427734375,2.685546875,3.47900390625,-0.737548828125,0.021240234375,0.20654296875,-166.56494140625,16.54052734375,-30.1513671875,0.30200653143056577,0.04457566484388931
2022-06-09 15:29:17.211995648,-0.954833984375,-0.0537109375,-0.32568359375,0.67138671875,-3.96728515625,4.8828125,0.10791015625,0.8994140625,-0.255615234375,-0.54931640625,0.8544921875,-0.30517578125,-0.434326171875,0.562744140625,0.694580078125,-3.2958984375,1.5869140625,7.4462890625,0.147705078125,-1.016845703125,-0.146484375,0.244140625,0.3662109375,0.244140625,-0.638671875,-0.58203125,0.615966796875,1.64794921875,2.197265625,3.173828125,-0.747314453125,0.014892578125,0.181640625,-166.07666015625,25.57373046875,-29.47998046875,0.31133816040331297,0.0695480746537509
2022-06-09 15:29:17.222157312,-0.95068359375,-0.0537109375,-0.3251953125,0.6103515625,-3.7841796875,4.638671875,0.1083984375,0.90283203125,-0.259033203125,-0.48828125,0.06103515625,-0.244140625,-0.43505859375,0.564697265625,0.698974609375,-2.5634765625,1.220703125,7.32421875,0.144287109375,-1.018310546875,-0.1435546875,0.42724609375,0.48828125,0.244140625,-0.6357421875,-0.5849609375,0.6181640625,2.01416015625,2.13623046875,2.86865234375,-0.80126953125,-0.01416015625,0.162841796875,-163.4521484375,36.62109375,-28.80859375,0.32155201943968814,0.09668939167374546
2022-06-09 15:29:17.232318976,-0.953125,-0.05908203125,-0.32470703125,0.48828125,-3.662109375,4.2724609375,0.10546875,0.900390625,-0.263671875,-0.244140625,-0.67138671875,-0.244140625,-0.434326171875,0.563720703125,0.7001953125,-2.0751953125,0.732421875,7.2021484375,0.142822265625,-1.0224609375,-0.14306640625,0.42724609375,0.3662109375,0.06103515625,-0.629150390625,-0.583984375,0.623779296875,2.5634765625,2.44140625,2.5634765625,-0.859619140625,-0.052490234375,0.1396484375,-159.1796875,43.15185546875,-28.1982421875,0.33349416485229044,0.1261372967326091
2022-06-09 15:29:17.242480640,-0.951904296875,-0.053955078125,-0.32763671875,0.67138671875,-3.60107421875,4.08935546875,0.10546875,0.898681640625,-0.26904296875,-0.18310546875,-1.28173828125,-0.18310546875,-0.433837890625,0.56396484375,0.699951171875,-1.89208984375,0.54931640625,6.89697265625,0.146240234375,-1.022216796875,-0.14404296875,0.67138671875,0.244140625,-0.06103515625,-0.622802734375,-0.585205078125,0.625244140625,3.35693359375,2.8076171875,2.25830078125,-0.886962890625,-0.101318359375,0.118408203125,-155.21240234375,41.93115234375,-27.587890625,0.348657608017382,0.15569432626298685
2022-06-09 15:29:17.252642048,-0.947021484375,-0.047607421875,-0.328125,1.03759765625,-3.662109375,3.90625,0.1044921875,0.897705078125,-0.2734375,-0.06103515625,-1.46484375,-0.1220703125,-0.43994140625,0.563232421875,0.703369140625,-1.64794921875,0.244140625,6.34765625,0.146728515625,-1.0234375,-0.141845703125,0.79345703125,0.18310546875,-0.244140625,-0.62109375,-0.5830078125,0.629638671875,3.90625,3.173828125,1.89208984375,-0.881591796875,-0.152587890625,0.1201171875,-150.69580078125,36.376953125,-26.3671875,0.3668578371968403,0.18288404791221957
2022-06-09 15:29:17.262803456,-0.93994140625,-0.04248046875,-0.32958984375,1.40380859375,-3.41796875,3.84521484375,0.107421875,0.8955078125,-0.2734375,0.1220703125,-1.220703125,-0.1220703125,-0.44580078125,0.56103515625,0.70361328125,-1.3427734375,0.0,5.67626953125,0.14599609375,-1.0205078125,-0.142578125,0.79345703125,0.1220703125,-0.3662109375,-0.6220703125,-0.585693359375,0.631103515625,4.39453125,3.662109375,1.5869140625,-0.87451171875,-0.197021484375,0.128173828125,-144.95849609375,33.38623046875,-24.96337890625,0.3871094972071889,0.20644835726909339
2022-06-09 15:29:17.272965120,-0.93408203125,-0.036865234375,-0.33203125,1.8310546875,-2.62451171875,3.90625,0.109130859375,0.8896484375,-0.2724609375,0.3662109375,-0.8544921875,0.0,-0.449951171875,0.560791015625,0.701171875,-0.9765625,-0.30517578125,4.82177734375,0.146728515625,-1.019775390625,-0.143310546875,0.8544921875,0.1220703125,-0.42724609375,-0.62109375,-0.58740234375,0.631591796875,4.7607421875,3.96728515625,1.28173828125,-0.882568359375,-0.23828125,0.120849609375,-138.5498046875,34.97314453125,-23.3154296875,0.4090716940624999,0.22537923832683404
2022-06-09 15:29:17.283126784,-0.931640625,-0.03173828125,-0.333740234375,2.0751953125,-1.77001953125,3.84521484375,0.110107421875,0.888671875,-0.267822265625,0.3662109375,-0.42724609375,0.0,-0.451416015625,0.556640625,0.698486328125,-0.3662109375,-0.6103515625,3.90625,0.146484375,-1.017578125,-0.14501953125,0.91552734375,0.18310546875,-0.6103515625,-0.622802734375,-0.585693359375,0.63037109375,5.126953125,4.21142578125,0.9765625,-0.901123046875,-0.271240234375,0.11328125,-131.591796875,36.92626953125,-21.05712890625,0.4323490207120937,0.23940196245964174
2022-06-09 15:29:17.293288448,-0.928466796875,-0.03271484375,-0.3330078125,1.77001953125,-1.15966796875,3.72314453125,0.1103515625,0.8916015625,-0.268798828125,0.3662109375,-0.30517578125,-0.06103515625,-0.450439453125,0.555908203125,0.6943359375,0.18310546875,-0.91552734375,3.23486328125,0.1455078125,-1.018310546875,-0.143798828125,0.91552734375,0.244140625,-0.54931640625,-0.62255859375,-0.584228515625,0.63134765625,5.37109375,4.45556640625,0.79345703125,-0.9140625,-0.267333984375,0.125732421875,-124.51171875,35.64453125,-19.4091796875,0.4569782309983532,0.24983028735231105
2022-06-09 15:29:17.303450112,-0.9267578125,-0.030517578125,-0.331787109375,1.40380859375,-0.48828125,3.5400390625,0.111083984375,0.89208984375,-0.268798828125,0.48828125,0.0,-0.1220703125,-0.442626953125,0.55029296875,0.68798828125,0.732421875,-1.28173828125,2.685546875,0.1484375,-1.017578125,-0.143310546875,0.79345703125,0.244140625,-0.6103515625,-0.618408203125,-0.58349609375,0.6298828125,5.37109375,4.5166015625,0.6103515625,-0.90625,-0.24365234375,0.131591796875,-119.0185546875,31.67724609375,-19.04296875,0.48214721246720815,0.25813499922971506
2022-06-09 15:29:17.313611520,-0.9287109375,-0.03125,-0.3291015625,0.67138671875,0.732421875,3.11279296875,0.110107421875,0.893798828125,-0.267822265625,0.48828125,0.06103515625,-0.18310546875,-0.435791015625,0.5517578125,0.68603515625,1.40380859375,-1.64794921875,2.3193359375,0.148193359375,-1.019287109375,-0.14208984375,0.6103515625,0.244140625,-0.6103515625,-0.6181640625,-0.583984375,0.6337890625,5.18798828125,4.5166015625,0.48828125,-0.87255859375,-0.205810546875,0.133056640625,-114.31884765625,27.7099609375,-19.95849609375,0.5065956924232222,0.265942540113957
2022-06-09 15:29:17.323773184,-0.935302734375,-0.030517578125,-0.328125,0.18310546875,1.64794921875,2.685546875,0.107666015625,0.895751953125,-0.268310546875,0.42724609375,0.06103515625,-0.244140625,-0.42822265625,0.5517578125,0.684814453125,1.89208984375,-1.708984375,2.13623046875,0.14697265625,-1.022216796875,-0.142578125,0.6103515625,0.30517578125,-0.6103515625,-0.616943359375,-0.58251953125,0.638427734375,5.18798828125,4.45556640625,0.244140625,-0.833740234375,-0.156494140625,0.1318359375,-110.4736328125,27.52685546875,-21.91162109375,0.5300872422646812,0.2746863792422092
2022-06-09 15:29:17.333934848,-0.93994140625,-0.031982421875,-0.331787109375,-0.30517578125,1.64794921875,2.197265625,0.10595703125,0.8984375,-0.27001953125,0.3662109375,0.1220703125,-0.30517578125,-0.424560546875,0.55322265625,0.684814453125,2.3193359375,-1.77001953125,1.953125,0.146484375,-1.017578125,-0.14013671875,0.6103515625,0.244140625,-0.54931640625,-0.61279296875,-0.5810546875,0.64306640625,5.18798828125,4.21142578125,0.0,-0.8134765625,-0.099365234375,0.116943359375,-107.23876953125,30.2734375,-23.5595703125,0.552799469908837,0.284537550225326
2022-06-09 15:29:17.344096512,-0.94091796875,-0.028564453125,-0.32958984375,-0.6103515625,1.15966796875,1.8310546875,0.108154296875,0.89453125,-0.26953125,0.30517578125,0.06103515625,-0.18310546875,-0.426025390625,0.554931640625,0.688232421875,2.5634765625,-1.953125,1.77001953125,0.1484375,-1.015869140625,-0.138916015625,0.48828125,0.244140625,-0.42724609375,-0.611083984375,-0.57958984375,0.644775390625,4.7607421875,3.84521484375,-0.244140625,-0.805419921875,-0.0478515625,0.09326171875,-105.95703125,33.26416015625,-24.71923828125,0.5732661999254862,0.2948563273239584
2022-06-09 15:29:17.354258176,-0.934814453125,-0.028076171875,-0.328125,-0.67138671875,1.3427734375,1.64794921875,0.1083984375,0.89501953125,-0.2685546875,0.244140625,0.244140625,-0.06103515625,-0.429931640625,0.557861328125,0.690185546875,2.74658203125,-2.197265625,1.64794921875,0.14892578125,-1.0146484375,-0.140625,0.3662109375,0.1220703125,-0.42724609375,-0.610595703125,-0.578125,0.6416015625,4.45556640625,3.5400390625,-0.42724609375,-0.81103515625,-0.01513671875,0.088134765625,-105.46875,35.94970703125,-24.59716796875,0.5906857186233436,0.3052793586079705
2022-06-09 15:29:17.364419584,-0.9384765625,-0.02978515625,-0.32958984375,-0.79345703125,2.38037109375,1.46484375,0.1083984375,0.894775390625,-0.269775390625,0.1220703125,0.18310546875,0.0,-0.434326171875,0.5595703125,0.6904296875,3.0517578125,-2.38037109375,1.64794921875,0.15185546875,-1.013427734375,-0.141845703125,0.06103515625,0.18310546875,-0.30517578125,-0.609130859375,-0.5751953125,0.643310546875,4.150390625,3.35693359375,-0.48828125,-0.8291015625,0.00927734375,0.08056640625,-105.8349609375,39.6728515625,-23.8037109375,0.6061620187850738,0.31676180254474495
2022-06-09 15:29:17.374580992,-0.943115234375,-0.03076171875,-0.327392578125,-0.91552734375,3.2958984375,1.28173828125,0.10546875,0.895751953125,-0.274169921875,0.1220703125,0.06103515625,-0.1220703125,-0.438720703125,0.561767578125,0.690673828125,2.99072265625,-2.25830078125,1.3427734375,0.14990234375,-1.0166015625,-0.1435546875,-0.18310546875,0.0,0.0,-0.6083984375,-0.57763671875,0.648193359375,3.5400390625,3.2958984375,-0.6103515625,-0.858642578125,0.015380859375,0.0654296875,-107.2998046875,44.61669921875,-23.01025390625,0.6188447952034357,0.3278805913534164
2022-06-09 15:29:17.384742656,-0.94287109375,-0.0302734375,-0.326171875,-1.03759765625,3.0517578125,1.28173828125,0.10595703125,0.898193359375,-0.27001953125,0.0,-0.06103515625,-0.1220703125,-0.442626953125,0.565185546875,0.6875,2.86865234375,-2.25830078125,1.3427734375,0.1474609375,-1.017578125,-0.139404296875,-0.30517578125,-0.06103515625,0.1220703125,-0.607421875,-0.57470703125,0.650146484375,3.11279296875,3.41796875,-0.79345703125,-0.884033203125,0.013916015625,0.052490234375,-108.2763671875,50.72021484375,-22.03369140625,0.6278422875625393,0.3375622628720363
2022-06-09 15:29:17.394904320,-0.944580078125,-0.028564453125,-0.326416015625,-0.8544921875,2.9296875,1.15966796875,0.10546875,0.900634765625,-0.27197265625,-0.06103515625,0.0,-0.06103515625,-0.44384765625,0.56591796875,0.68896484375,2.74658203125,-2.25830078125,1.220703125,0.148193359375,-1.01904296875,-0.137451171875,-0.6103515625,0.06103515625,0.30517578125,-0.607666015625,-0.574462890625,0.649169921875,2.685546875,3.60107421875,-0.732421875,-0.912353515625,-0.00537109375,0.02880859375,-109.86328125,55.23681640625,-21.30126953125,0.6344581149488788,0.34647121890253896
2022-06-09 15:29:17.405065984,-0.9462890625,-0.02880859375,-0.3251953125,-0.79345703125,3.11279296875,1.0986328125,0.106689453125,0.901611328125,-0.269287109375,-0.1220703125,0.0,-0.06103515625,-0.44189453125,0.5693359375,0.690673828125,2.8076171875,-2.25830078125,1.15966796875,0.1484375,-1.018310546875,-0.14111328125,-0.732421875,-0.06103515625,0.42724609375,-0.6103515625,-0.5732421875,0.64599609375,2.13623046875,3.84521484375,-0.67138671875,-0.939453125,-0.029541015625,0.01123046875,-109.4970703125,56.21337890625,-20.81298828125,0.6391654070736847,0.35482333984351566
2022-06-09 15:29:17.415227392,-0.948486328125,-0.02587890625,-0.325439453125,-0.6103515625,2.8076171875,1.03759765625,0.10888671875,0.901123046875,-0.264892578125,-0.244140625,0.0,-0.06103515625,-0.443115234375,0.574462890625,0.6875,2.8076171875,-2.197265625,0.9765625,0.14990234375,-1.014892578125,-0.13916015625,-0.91552734375,-0.18310546875,0.30517578125,-0.612060546875,-0.57373046875,0.643310546875,1.64794921875,4.0283203125,-0.6103515625,-0.979736328125,-0.0625,-0.01025390625,-108.2763671875,58.77685546875,-19.59228515625,0.6417448871283464,0.36268220156963427
2022-06-09 15:29:17.425389056,-0.947021484375,-0.0263671875,-0.328125,-0.67138671875,2.0751953125,1.03759765625,0.113037109375,0.89892578125,-0.263427734375,-0.30517578125,0.1220703125,0.18310546875,-0.442138671875,0.575927734375,0.68701171875,2.5634765625,-2.0751953125,0.79345703125,0.150390625,-1.014404296875,-0.1416015625,-1.0986328125,-0.06103515625,0.42724609375,-0.61474609375,-0.574462890625,0.64208984375,1.15966796875,4.08935546875,-0.54931640625,-1.03662109375,-0.093505859375,-0.015625,-105.95703125,59.2041015625,-19.4091796875,0.6424137268563599,0.3687486708175447
2022-06-09 15:29:17.435550720,-0.944580078125,-0.031005859375,-0.330078125,-0.8544921875,1.5869140625,1.03759765625,0.111328125,0.899169921875,-0.2626953125,-0.48828125,0.18310546875,0.30517578125,-0.443359375,0.576171875,0.6875,2.25830078125,-1.8310546875,0.67138671875,0.1484375,-1.013427734375,-0.141845703125,-1.220703125,-0.1220703125,0.48828125,-0.618408203125,-0.575439453125,0.638427734375,0.732421875,3.90625,-0.48828125,-1.09423828125,-0.121337890625,-0.0126953125,-103.33251953125,55.84716796875,-20.1416015625,0.6413715574071057,0.3725140173243826
2022-06-09 15:29:17.445712384,-0.94189453125,-0.0322265625,-0.337646484375,-1.0986328125,1.8310546875,1.0986328125,0.103759765625,0.896240234375,-0.27099609375,-0.42724609375,-0.06103515625,0.244140625,-0.440673828125,0.57666015625,0.689697265625,2.01416015625,-1.52587890625,0.54931640625,0.1474609375,-1.01416015625,-0.145263671875,-1.3427734375,-0.18310546875,0.48828125,-0.619384765625,-0.573974609375,0.639892578125,0.30517578125,3.72314453125,-0.67138671875,-1.12255859375,-0.14208984375,-0.01513671875,-99.30419921875,48.4619140625,-21.66748046875,0.6378866809422878,0.3742416248853422
2022-06-09 15:29:17.455874048,-0.944580078125,-0.0322265625,-0.338623046875,-1.46484375,2.38037109375,0.67138671875,0.104248046875,0.8974609375,-0.274169921875,-0.54931640625,0.06103515625,0.18310546875,-0.4375,0.580810546875,0.68896484375,1.8310546875,-1.220703125,0.42724609375,0.14794921875,-1.01708984375,-0.14453125,-1.40380859375,-0.244140625,0.6103515625,-0.62255859375,-0.575439453125,0.634033203125,-0.06103515625,3.41796875,-0.67138671875,-1.122802734375,-0.158935546875,-0.01025390625,-95.458984375,41.015625,-24.10888671875,0.6319226500461599,0.3742339914288326
2022-06-09 15:29:17.466035456,-0.945068359375,-0.03466796875,-0.33740234375,-2.01416015625,2.50244140625,0.244140625,0.1044921875,0.89990234375,-0.271728515625,-0.48828125,0.1220703125,0.18310546875,-0.434326171875,0.579345703125,0.68603515625,1.52587890625,-0.8544921875,0.3662109375,0.147216796875,-1.02099609375,-0.142578125,-1.52587890625,-0.18310546875,0.6103515625,-0.624755859375,-0.57568359375,0.631591796875,-0.30517578125,3.11279296875,-0.732421875,-1.11865234375,-0.179931640625,0.010009765625,-92.1630859375,37.53662109375,-27.40478515625,0.6245506854698744,0.3726013517783482
2022-06-09 15:29:17.476197120,-0.93994140625,-0.03271484375,-0.3359375,-2.50244140625,2.01416015625,-0.1220703125,0.108154296875,0.9013671875,-0.268310546875,-0.3662109375,0.18310546875,0.30517578125,-0.432373046875,0.5771484375,0.68603515625,1.0986328125,-0.48828125,0.42724609375,0.146240234375,-1.022705078125,-0.141357421875,-1.52587890625,-0.1220703125,0.54931640625,-0.625244140625,-0.572509765625,0.63134765625,-0.6103515625,3.0517578125,-0.9765625,-1.12939453125,-0.1982421875,0.01513671875,-89.17236328125,37.78076171875,-30.76171875,0.6150383844563967,0.36952914891878486
2022-06-09 15:29:17.486358528,-0.936767578125,-0.03173828125,-0.335205078125,-2.62451171875,1.77001953125,-0.42724609375,0.109130859375,0.901123046875,-0.263916015625,-0.30517578125,0.3662109375,0.42724609375,-0.431884765625,0.57568359375,0.686767578125,0.91552734375,-0.06103515625,0.3662109375,0.146240234375,-1.024169921875,-0.14599609375,-1.40380859375,-0.18310546875,0.42724609375,-0.630859375,-0.571533203125,0.628173828125,-0.91552734375,2.74658203125,-1.03759765625,-1.162109375,-0.206787109375,-0.017822265625,-86.97509765625,40.22216796875,-34.36279296875,0.6031575200362114,0.36530447426835533
2022-06-09 15:29:17.496519680,-0.935546875,-0.031982421875,-0.3388671875,-2.25830078125,1.8310546875,-0.6103515625,0.10888671875,0.899658203125,-0.263671875,-0.244140625,0.48828125,0.42724609375,-0.430908203125,0.566650390625,0.68505859375,0.54931640625,0.18310546875,0.42724609375,0.145751953125,-1.02099609375,-0.144775390625,-1.28173828125,-0.1220703125,0.3662109375,-0.633544921875,-0.570556640625,0.62646484375,-1.15966796875,2.0751953125,-1.03759765625,-1.19775390625,-0.21484375,-0.025146484375,-85.38818359375,38.818359375,-38.14697265625,0.5900151917113701,0.3600455763072503
2022-06-09 15:29:17.506680320,-0.933837890625,-0.0361328125,-0.33935546875,-2.13623046875,1.953125,-0.42724609375,0.109130859375,0.900390625,-0.262451171875,-0.18310546875,0.48828125,0.54931640625,-0.4287109375,0.567138671875,0.687744140625,0.6103515625,0.06103515625,0.48828125,0.145263671875,-1.018798828125,-0.14453125,-1.3427734375,0.0,0.30517578125,-0.634033203125,-0.571533203125,0.625,-1.64794921875,1.3427734375,-1.03759765625,-1.2099609375,-0.211181640625,-0.0478515625,-83.251953125,33.69140625,-41.3818359375,0.5751670121142403,0.3548857367692415
2022-06-09 15:29:17.516841216,-0.928955078125,-0.03955078125,-0.340576171875,-2.62451171875,2.5634765625,-0.6103515625,0.1103515625,0.89697265625,-0.26220703125,0.0,0.3662109375,0.42724609375,-0.4287109375,0.5703125,0.689208984375,0.3662109375,0.0,0.48828125,0.148193359375,-1.018310546875,-0.143798828125,-1.3427734375,0.18310546875,0.244140625,-0.634765625,-0.575927734375,0.622802734375,-1.953125,0.8544921875,-0.91552734375,-1.203857421875,-0.18896484375,-0.08837890625,-82.51953125,30.1513671875,-43.3349609375,0.5588067398793863,0.3498647794675609
2022-06-09 15:29:17.527001856,-0.93408203125,-0.039306640625,-0.3486328125,-3.173828125,3.173828125,-0.91552734375,0.10693359375,0.896484375,-0.263916015625,0.1220703125,0.1220703125,0.42724609375,-0.42578125,0.5712890625,0.6884765625,0.244140625,0.30517578125,0.54931640625,0.1484375,-1.01611328125,-0.14697265625,-1.3427734375,0.1220703125,0.1220703125,-0.63623046875,-0.580322265625,0.625732421875,-2.13623046875,0.30517578125,-0.79345703125,-1.20263671875,-0.186279296875,-0.133056640625,-83.1298828125,30.6396484375,-44.3115234375,0.5423908226741139,0.3445118036802821
2022-06-09 15:29:17.537162752,-0.9345703125,-0.04296875,-0.340576171875,-3.2958984375,3.47900390625,-1.15966796875,0.107177734375,0.898681640625,-0.267822265625,0.18310546875,-0.06103515625,0.3662109375,-0.425048828125,0.5693359375,0.6865234375,-0.06103515625,0.732421875,0.6103515625,0.1474609375,-1.01513671875,-0.147705078125,-1.40380859375,0.0,0.06103515625,-0.6337890625,-0.580078125,0.6279296875,-2.13623046875,-0.30517578125,-0.79345703125,-1.21337890625,-0.1767578125,-0.17041015625,-81.11572265625,35.70556640625,-45.166015625,0.5264770052645456,0.33892374884013776
2022-06-09 15:29:17.547323648,-0.93408203125,-0.04052734375,-0.333251953125,-2.86865234375,2.62451171875,-1.52587890625,0.106201171875,0.898193359375,-0.27294921875,0.30517578125,-0.244140625,0.244140625,-0.4296875,0.56982421875,0.685791015625,-0.48828125,1.3427734375,0.54931640625,0.14599609375,-1.015380859375,-0.146484375,-1.28173828125,0.0,0.0,-0.626953125,-0.5791015625,0.62841796875,-2.197265625,-0.3662109375,-0.79345703125,-1.339599609375,-0.125244140625,-0.015625,-80.50537109375,41.3818359375,-49.072265625,0.5109981781140989,0.331782392005735
2022-06-09 15:29:17.557484288,-0.9306640625,-0.036376953125,-0.338134765625,-1.708984375,2.01416015625,-1.64794921875,0.106689453125,0.900390625,-0.266845703125,0.42724609375,-0.18310546875,0.06103515625,-0.430419921875,0.570556640625,0.68603515625,-0.732421875,1.8310546875,0.48828125,0.148681640625,-1.017822265625,-0.147216796875,-1.220703125,0.0,0.06103515625,-0.62109375,-0.581298828125,0.6240234375,-2.0751953125,-0.244140625,-0.8544921875,-1.43603515625,-0.042724609375,0.1123046875,-83.19091796875,44.37255859375,-54.6875,0.49611137993380927,0.32270933532786117
2022-06-09 15:29:17.567645184,-0.927001953125,-0.03515625,-0.34521484375,-0.42724609375,2.3193359375,-1.52587890625,0.107421875,0.89990234375,-0.264404296875,0.42724609375,0.0,0.0,-0.434814453125,0.568115234375,0.685546875,-0.8544921875,2.25830078125,0.48828125,0.146484375,-1.019287109375,-0.145263671875,-1.15966796875,0.0,0.0,-0.619384765625,-0.578369140625,0.624267578125,-1.953125,-0.18310546875,-0.9765625,-1.496826171875,-0.010986328125,0.313232421875,-94.78759765625,39.73388671875,-63.1103515625,0.48196982810548183,0.31274658062708394
2022-06-09 15:29:17.577806080,-0.927734375,-0.043212890625,-0.3544921875,-0.6103515625,3.23486328125,-1.3427734375,0.109375,0.901611328125,-0.26318359375,0.54931640625,0.0,-0.1220703125,-0.439208984375,0.5693359375,0.682861328125,-0.8544921875,2.3193359375,0.42724609375,0.145263671875,-1.021484375,-0.147705078125,-1.15966796875,-0.06103515625,-0.06103515625,-0.620361328125,-0.575927734375,0.625244140625,-2.0751953125,0.0,-1.0986328125,-1.47021484375,-0.006591796875,0.45458984375,-106.0791015625,31.67724609375,-70.73974609375,0.46748295779981985,0.30251861774154065
2022-06-09 15:29:17.587966976,-0.928466796875,-0.044921875,-0.353271484375,-1.40380859375,4.39453125,-1.40380859375,0.112060546875,0.900390625,-0.265625,0.732421875,0.0,-0.1220703125,-0.4423828125,0.569580078125,0.68310546875,-0.732421875,2.25830078125,0.1220703125,0.150390625,-1.020751953125,-0.150390625,-1.03759765625,-0.30517578125,-0.06103515625,-0.62353515625,-0.58056640625,0.624755859375,-2.25830078125,-0.1220703125,-1.28173828125,-1.341552734375,0.02294921875,0.59716796875,-117.37060546875,20.93505859375,-72.93701171875,0.4513507526313072,0.2913146912972193
2022-06-09 15:29:17.598127872,-0.930908203125,-0.0439453125,-0.34423828125,-2.01416015625,5.43212890625,-1.64794921875,0.1123046875,0.899658203125,-0.263916015625,0.8544921875,-0.06103515625,-0.18310546875,-0.4423828125,0.57177734375,0.684326171875,-0.54931640625,2.0751953125,-0.06103515625,0.149169921875,-1.019775390625,-0.14990234375,-0.91552734375,-0.3662109375,-0.1220703125,-0.624755859375,-0.582275390625,0.624267578125,-2.38037109375,-0.244140625,-1.3427734375,-1.14501953125,-0.00537109375,0.58984375,-124.3896484375,12.8173828125,-67.87109375,0.43379858597564747,0.27908476455418896
2022-06-09 15:29:17.608288512,-0.93359375,-0.042236328125,-0.339599609375,-2.62451171875,5.615234375,-2.0751953125,0.1123046875,0.89990234375,-0.261474609375,0.9765625,-0.1220703125,-0.30517578125,-0.4404296875,0.5712890625,0.68017578125,-0.6103515625,2.01416015625,-0.18310546875,0.147216796875,-1.019287109375,-0.15087890625,-0.732421875,-0.30517578125,-0.1220703125,-0.625244140625,-0.580078125,0.626220703125,-2.44140625,-0.244140625,-1.28173828125,-0.93115234375,0.068359375,0.4912109375,-112.4267578125,15.625,-57.31201171875,0.4161551142269184,0.2662024826489322
2022-06-09 15:29:17.618449408,-0.93603515625,-0.039794921875,-0.339111328125,-2.99072265625,4.82177734375,-2.50244140625,0.109619140625,0.897705078125,-0.2646484375,1.0986328125,-0.42724609375,-0.244140625,-0.442138671875,0.57080078125,0.67919921875,-0.6103515625,2.01416015625,-0.3662109375,0.146728515625,-1.01611328125,-0.14892578125,-0.79345703125,-0.18310546875,-0.1220703125,-0.626220703125,-0.58154296875,0.628173828125,-2.3193359375,-0.18310546875,-1.220703125,-0.755859375,0.095703125,0.486083984375,-99.12109375,27.16064453125,-43.88427734375,0.3997031147576102,0.2522284675599238
2022-06-09 15:29:17.628610048,-0.93896484375,-0.03857421875,-0.336181640625,-2.74658203125,4.57763671875,-2.5634765625,0.10791015625,0.894287109375,-0.26953125,1.15966796875,-0.67138671875,-0.3662109375,-0.442626953125,0.5732421875,0.68017578125,-0.42724609375,2.0751953125,-0.42724609375,0.147705078125,-1.01513671875,-0.147705078125,-0.79345703125,-0.06103515625,-0.1220703125,-0.625732421875,-0.58642578125,0.628173828125,-2.44140625,-0.06103515625,-1.28173828125,-0.673828125,-0.032470703125,0.497802734375,-89.4775390625,38.330078125,-30.1513671875,0.38376658915785056,0.23808138802026857
2022-06-09 15:29:17.638770944,-0.94091796875,-0.032470703125,-0.347412109375,-2.38037109375,5.18798828125,-2.38037109375,0.10791015625,0.890380859375,-0.274169921875,1.28173828125,-0.79345703125,-0.42724609375,-0.439208984375,0.572265625,0.683349609375,-0.3662109375,2.0751953125,-0.6103515625,0.148193359375,-1.011474609375,-0.15087890625,-0.67138671875,-0.1220703125,-0.06103515625,-0.626708984375,-0.5859375,0.6279296875,-2.50244140625,-0.06103515625,-1.3427734375,-0.703857421875,-0.06982421875,0.57275390625,-78.79638671875,47.2412109375,-24.10888671875,0.3672869422216345,0.2239435171265134
2022-06-09 15:29:17.648932096,-0.945556640625,-0.0361328125,-0.3544921875,-2.685546875,5.31005859375,-2.3193359375,0.1103515625,0.889892578125,-0.27392578125,1.3427734375,-0.67138671875,-0.54931640625,-0.437744140625,0.572021484375,0.68505859375,-0.18310546875,2.13623046875,-0.79345703125,0.150390625,-1.012451171875,-0.1494140625,-0.6103515625,0.0,-0.06103515625,-0.623291015625,-0.583251953125,0.626220703125,-2.50244140625,-0.06103515625,-1.3427734375,-0.822998046875,-0.108154296875,0.55810546875,-73.73046875,56.09130859375,-28.6865234375,0.35095950190031067,0.20930337695130863
2022-06-09 15:29:17.659092736,-0.951416015625,-0.038818359375,-0.3505859375,-2.62451171875,4.638671875,-2.3193359375,0.109619140625,0.892333984375,-0.271240234375,1.46484375,-0.48828125,-0.6103515625,-0.436279296875,0.57470703125,0.6875,-0.1220703125,2.01416015625,-0.91552734375,0.150390625,-1.01513671875,-0.14453125,-0.732421875,0.1220703125,-0.06103515625,-0.622802734375,-0.5830078125,0.62744140625,-2.685546875,-0.244140625,-1.52587890625,-0.998046875,-0.169677734375,0.5341796875,-73.66943359375,57.861328125,-41.93115234375,0.3339514400101291,0.19445840733359265
2022-06-09 15:29:17.669253632,-0.948974609375,-0.04052734375,-0.353515625,-2.44140625,3.47900390625,-2.38037109375,0.10791015625,0.8974609375,-0.267822265625,1.77001953125,-0.30517578125,-0.79345703125,-0.4365234375,0.57421875,0.68896484375,-0.06103515625,1.89208984375,-1.0986328125,0.149169921875,-1.01904296875,-0.1484375,-0.79345703125,0.06103515625,0.06103515625,-0.622314453125,-0.583251953125,0.625,-3.0517578125,-0.3662109375,-1.64794921875,-1.1552734375,-0.258544921875,0.52099609375,-75.01220703125,44.189453125,-57.92236328125,0.3145822920445056,0.17911700716013712
2022-06-09 15:29:17.679414272,-0.942138671875,-0.03955078125,-0.35595703125,-2.197265625,2.8076171875,-2.50244140625,0.1083984375,0.897216796875,-0.2666015625,1.77001953125,-0.244140625,-0.91552734375,-0.431884765625,0.57080078125,0.689453125,0.1220703125,1.708984375,-1.0986328125,0.14794921875,-1.020751953125,-0.146728515625,-0.79345703125,0.0,0.06103515625,-0.619384765625,-0.5830078125,0.623046875,-3.173828125,-0.48828125,-1.8310546875,-1.20458984375,-0.342529296875,0.4814453125,-75.0732421875,21.91162109375,-71.96044921875,0.2930981756036628,0.16416099483864688
2022-06-09 15:29:17.689575168,-0.93505859375,-0.040283203125,-0.35595703125,-2.25830078125,2.99072265625,-2.5634765625,0.110595703125,0.8994140625,-0.266357421875,1.77001953125,-0.244140625,-0.8544921875,-0.426513671875,0.569091796875,0.6884765625,0.30517578125,1.64794921875,-1.03759765625,0.14697265625,-1.020263671875,-0.146484375,-0.48828125,0.0,0.1220703125,-0.620361328125,-0.58203125,0.625,-3.35693359375,-0.54931640625,-1.89208984375,-1.146484375,-0.39892578125,0.452880859375,-75.927734375,4.39453125,-78.9794921875,0.270391949568781,0.15103765687371862
2022-06-09 15:29:17.699736064,-0.930908203125,-0.04150390625,-0.35595703125,-2.3193359375,3.5400390625,-2.50244140625,0.10888671875,0.90380859375,-0.26220703125,1.8310546875,-0.42724609375,-0.6103515625,-0.4248046875,0.56787109375,0.6865234375,0.3662109375,1.77001953125,-0.91552734375,0.1455078125,-1.020263671875,-0.148193359375,-0.48828125,-0.18310546875,0.0,-0.6220703125,-0.585205078125,0.626708984375,-3.60107421875,-0.732421875,-1.77001953125,-1.065673828125,-0.38232421875,0.449462890625,-74.3408203125,0.42724609375,-75.927734375,0.24719211783885386,0.14003569184695408
2022-06-09 15:29:17.709896704,-0.9296875,-0.04248046875,-0.35791015625,-2.50244140625,4.150390625,-2.38037109375,0.10791015625,0.904052734375,-0.26513671875,1.708984375,-0.732421875,-0.42724609375,-0.42626953125,0.569091796875,0.687255859375,0.3662109375,2.01416015625,-0.6103515625,0.146484375,-1.016845703125,-0.14892578125,-0.732421875,-0.18310546875,-0.06103515625,-0.622314453125,-0.584228515625,0.63037109375,-3.84521484375,-0.91552734375,-1.8310546875,-1.027099609375,-0.28955078125,0.4287109375,-70.4345703125,8.7890625,-66.162109375,0.2232911589044786,0.13178969427322418
2022-06-09 15:29:17.720057600,-0.928466796875,-0.041259765625,-0.360107421875,-2.5634765625,4.5166015625,-2.38037109375,0.10546875,0.90087890625,-0.27197265625,1.708984375,-1.15966796875,-0.42724609375,-0.4296875,0.568359375,0.6884765625,0.30517578125,2.01416015625,-0.48828125,0.1455078125,-1.017822265625,-0.15087890625,-0.8544921875,-0.18310546875,-0.244140625,-0.622802734375,-0.585693359375,0.63232421875,-3.72314453125,-0.9765625,-1.708984375,-1.045166015625,-0.17431640625,0.387451171875,-65.97900390625,20.263671875,-54.26025390625,0.19995036165201308,0.12597230017939776
2022-06-09 15:29:17.730218496,-0.930419921875,-0.041748046875,-0.364990234375,-2.74658203125,4.5166015625,-2.5634765625,0.104248046875,0.8974609375,-0.27587890625,1.708984375,-1.220703125,-0.3662109375,-0.432861328125,0.571533203125,0.69140625,0.42724609375,1.77001953125,-0.30517578125,0.146728515625,-1.01806640625,-0.148681640625,-0.9765625,-0.244140625,-0.244140625,-0.62060546875,-0.586669921875,0.629638671875,-3.5400390625,-0.8544921875,-1.5869140625,-1.0615234375,-0.0927734375,0.349609375,-62.255859375,25.5126953125,-43.15185546875,0.17931186600267734,0.12234440830556004
2022-06-09 15:29:17.740379392,-0.930419921875,-0.03955078125,-0.365478515625,-2.62451171875,4.33349609375,-2.685546875,0.10546875,0.89697265625,-0.274169921875,1.89208984375,-1.0986328125,-0.30517578125,-0.437744140625,0.573486328125,0.693115234375,0.42724609375,1.64794921875,-0.30517578125,0.1484375,-1.01708984375,-0.14697265625,-1.03759765625,-0.18310546875,-0.18310546875,-0.6201171875,-0.585205078125,0.626708984375,-3.47900390625,-0.67138671875,-1.52587890625,-1.004638671875,-0.029052734375,0.322265625,-57.373046875,19.95849609375,-32.470703125,0.1609150611882706,0.1205490911355005
2022-06-09 15:29:17.750540288,-0.932373046875,-0.0400390625,-0.36376953125,-2.74658203125,4.150390625,-2.685546875,0.1064453125,0.897216796875,-0.274658203125,2.01416015625,-0.8544921875,-0.3662109375,-0.442138671875,0.575927734375,0.6953125,0.30517578125,1.708984375,-0.3662109375,0.1474609375,-1.016357421875,-0.146728515625,-1.0986328125,-0.1220703125,-0.1220703125,-0.621337890625,-0.58349609375,0.62548828125,-3.47900390625,-0.6103515625,-1.5869140625,-0.89306640625,0.01513671875,0.2958984375,-52.490234375,13.97705078125,-20.81298828125,0.14278149400811868,0.11892447568175513
2022-06-09 15:29:17.760700928,-0.934814453125,-0.0400390625,-0.3642578125,-2.3193359375,4.08935546875,-2.44140625,0.106689453125,0.89697265625,-0.27001953125,2.01416015625,-0.6103515625,-0.3662109375,-0.44580078125,0.572509765625,0.692138671875,0.18310546875,1.953125,-0.54931640625,0.1474609375,-1.01806640625,-0.1474609375,-1.0986328125,-0.244140625,-0.06103515625,-0.6201171875,-0.587646484375,0.6279296875,-3.72314453125,-0.67138671875,-1.64794921875,-0.82080078125,0.012451171875,0.274658203125,-48.27880859375,19.775390625,-9.70458984375,0.12317656390277198,0.11635603799404493
2022-06-09 15:29:17.770861824,-0.937744140625,-0.040283203125,-0.364013671875,-2.01416015625,3.90625,-2.197265625,0.107421875,0.903076171875,-0.26513671875,1.953125,-0.54931640625,-0.3662109375,-0.44287109375,0.573486328125,0.689208984375,0.244140625,2.197265625,-0.67138671875,0.14697265625,-1.0205078125,-0.1484375,-0.9765625,-0.244140625,-0.244140625,-0.6201171875,-0.587646484375,0.63037109375,-3.84521484375,-0.9765625,-1.708984375,-0.822509765625,-0.007080078125,0.248779296875,-43.76220703125,29.96826171875,-0.79345703125,0.10173135942212674,0.11301963753094935
2022-06-09 15:29:17.781022464,-0.93994140625,-0.04150390625,-0.366943359375,-1.8310546875,3.60107421875,-1.89208984375,0.1064453125,0.904541015625,-0.269287109375,1.8310546875,-0.9765625,-0.244140625,-0.444091796875,0.57373046875,0.68798828125,0.1220703125,2.3193359375,-0.67138671875,0.14501953125,-1.020263671875,-0.150390625,-0.9765625,-0.18310546875,-0.244140625,-0.62255859375,-0.588623046875,0.627197265625,-3.90625,-1.40380859375,-1.708984375,-0.838623046875,-0.031494140625,0.216552734375,-39.306640625,31.73828125,4.8828125,0.07935803506999806,0.10969478047776526
2022-06-09 15:29:17.791183360,-0.94140625,-0.043701171875,-0.36474609375,-1.708984375,3.41796875,-1.708984375,0.1044921875,0.901611328125,-0.27197265625,1.77001953125,-1.15966796875,-0.06103515625,-0.44384765625,0.5751953125,0.685546875,0.244140625,2.25830078125,-0.79345703125,0.147216796875,-1.0185546875,-0.14892578125,-0.91552734375,-0.18310546875,-0.30517578125,-0.62060546875,-0.591552734375,0.62548828125,-3.7841796875,-1.64794921875,-1.708984375,-0.837890625,-0.06201171875,0.2041015625,-34.60693359375,26.55029296875,6.7138671875,0.057172936666408214,0.10649106438669698
2022-06-09 15:29:17.801344512,-0.9384765625,-0.04345703125,-0.365478515625,-1.52587890625,2.99072265625,-1.5869140625,0.103759765625,0.897705078125,-0.27490234375,1.89208984375,-1.0986328125,0.0,-0.44482421875,0.57421875,0.68310546875,0.30517578125,2.01416015625,-0.67138671875,0.14404296875,-1.018310546875,-0.1494140625,-0.9765625,-0.18310546875,-0.3662109375,-0.617431640625,-0.591796875,0.6240234375,-3.72314453125,-1.708984375,-1.64794921875,-0.82763671875,-0.098876953125,0.201171875,-30.517578125,21.17919921875,5.06591796875,0.035849996320520106,0.10434505267969918
2022-06-09 15:29:17.811505152,-0.93994140625,-0.0419921875,-0.365478515625,-1.3427734375,2.62451171875,-1.52587890625,0.102783203125,0.894775390625,-0.278564453125,1.8310546875,-0.9765625,0.1220703125,-0.443603515625,0.574951171875,0.684326171875,0.42724609375,1.64794921875,-0.48828125,0.14697265625,-1.0166015625,-0.152099609375,-1.03759765625,-0.18310546875,-0.30517578125,-0.619873046875,-0.59033203125,0.618896484375,-3.662109375,-1.5869140625,-1.52587890625,-0.812255859375,-0.1435546875,0.2041015625,-28.1982421875,18.1884765625,1.5869140625,0.01566612516173871,0.10453754233424206
2022-06-09 15:29:17.821666048,-0.941162109375,-0.04541015625,-0.35791015625,-1.708984375,2.5634765625,-1.46484375,0.10693359375,0.8935546875,-0.27880859375,1.708984375,-0.8544921875,0.1220703125,-0.445556640625,0.574951171875,0.684814453125,0.48828125,1.28173828125,-0.54931640625,0.150634765625,-1.015625,-0.15380859375,-1.03759765625,-0.244140625,-0.30517578125,-0.619873046875,-0.593017578125,0.619873046875,-3.5400390625,-1.46484375,-1.5869140625,-0.783203125,-0.167236328125,0.205078125,-27.587890625,17.15087890625,-2.3193359375,-0.0035843657620056035,0.10625251878386788
2022-06-09 15:29:17.831826688,-0.935791015625,-0.0498046875,-0.365478515625,-1.953125,2.13623046875,-1.3427734375,0.107666015625,0.896484375,-0.275146484375,1.52587890625,-0.54931640625,0.06103515625,-0.44921875,0.574462890625,0.68359375,0.48828125,1.220703125,-0.67138671875,0.148193359375,-1.017578125,-0.150634765625,-0.91552734375,-0.244140625,-0.30517578125,-0.618408203125,-0.59521484375,0.617431640625,-3.2958984375,-1.3427734375,-1.64794921875,-0.73974609375,-0.172119140625,0.200439453125,-28.38134765625,16.66259765625,-5.79833984375,-0.021928896176744983,0.10784784604014597
2022-06-09 15:29:17.841987584,-0.9306640625,-0.048095703125,-0.379638671875,-1.64794921875,1.708984375,-1.28173828125,0.106201171875,0.899169921875,-0.2763671875,1.52587890625,-0.42724609375,0.0,-0.451904296875,0.572021484375,0.685302734375,0.42724609375,1.46484375,-0.67138671875,0.145751953125,-1.01904296875,-0.15283203125,-0.8544921875,-0.1220703125,-0.18310546875,-0.61767578125,-0.594970703125,0.617919921875,-3.2958984375,-1.15966796875,-1.64794921875,-0.680419921875,-0.15283203125,0.20166015625,-28.9306640625,16.2353515625,-8.23974609375,-0.0395527505770521,0.10927662141026673
2022-06-09 15:29:17.852148480,-0.9287109375,-0.044677734375,-0.384033203125,-1.5869140625,2.0751953125,-1.52587890625,0.106201171875,0.898681640625,-0.274658203125,1.46484375,-0.48828125,-0.1220703125,-0.45166015625,0.5703125,0.68505859375,0.42724609375,1.5869140625,-0.732421875,0.1455078125,-1.020751953125,-0.14990234375,-0.732421875,-0.1220703125,-0.30517578125,-0.617919921875,-0.59765625,0.61669921875,-3.35693359375,-1.15966796875,-1.77001953125,-0.6259765625,-0.101806640625,0.19287109375,-29.47998046875,17.39501953125,-10.19287109375,-0.05774067514664383,0.11080800505610178
2022-06-09 15:29:17.862309120,-0.924072265625,-0.045166015625,-0.367919921875,-1.77001953125,2.38037109375,-1.64794921875,0.107177734375,0.8974609375,-0.274169921875,1.3427734375,-0.48828125,0.0,-0.44970703125,0.56982421875,0.68359375,0.48828125,1.5869140625,-0.79345703125,0.146484375,-1.021240234375,-0.150634765625,-0.732421875,-0.18310546875,-0.30517578125,-0.61669921875,-0.6025390625,0.611572265625,-2.9296875,-1.15966796875,-1.8310546875,-0.59716796875,-0.032958984375,0.183349609375,-30.70068359375,21.54541015625,-12.26806640625,-0.07527589379321697,0.11248704016592104
2022-06-09 15:29:17.872470016,-0.92138671875,-0.04833984375,-0.35693359375,-2.13623046875,2.25830078125,-1.64794921875,0.105712890625,0.896484375,-0.27392578125,1.28173828125,-0.54931640625,-0.06103515625,-0.448486328125,0.570556640625,0.682373046875,0.54931640625,1.40380859375,-0.8544921875,0.1484375,-1.02001953125,-0.15087890625,-0.6103515625,-0.1220703125,-0.30517578125,-0.61669921875,-0.60400390625,0.612548828125,-2.685546875,-0.91552734375,-1.89208984375,-0.6015625,0.0146484375,0.167724609375,-33.8134765625,26.42822265625,-14.58740234375,-0.09092083232044934,0.11446772015919127
2022-06-09 15:29:17.882630912,-0.92041015625,-0.047119140625,-0.362060546875,-2.0751953125,2.5634765625,-1.64794921875,0.10791015625,0.896728515625,-0.27587890625,1.3427734375,-0.42724609375,-0.06103515625,-0.4482421875,0.571044921875,0.684326171875,0.54931640625,1.28173828125,-0.8544921875,0.147705078125,-1.019287109375,-0.15380859375,-0.6103515625,-0.06103515625,-0.30517578125,-0.614990234375,-0.60498046875,0.61181640625,-2.44140625,-0.67138671875,-1.953125,-0.624755859375,0.04541015625,0.156494140625,-35.94970703125,29.052734375,-16.6015625,-0.10534331173374945,0.1168745365450814
2022-06-09 15:29:17.892791808,-0.92138671875,-0.047607421875,-0.37255859375,-2.01416015625,3.5400390625,-1.40380859375,0.108154296875,0.89501953125,-0.275146484375,1.3427734375,-0.3662109375,-0.1220703125,-0.44677734375,0.57275390625,0.68408203125,0.67138671875,1.15966796875,-0.732421875,0.1494140625,-1.018798828125,-0.151611328125,-0.48828125,-0.18310546875,-0.30517578125,-0.616455078125,-0.60546875,0.611328125,-2.13623046875,-0.3662109375,-2.01416015625,-0.64453125,0.0625,0.14892578125,-38.39111328125,28.74755859375,-18.85986328125,-0.11837983218174264,0.12067959050835153
2022-06-09 15:29:17.902953472,-0.925537109375,-0.05029296875,-0.376708984375,-1.89208984375,4.33349609375,-1.28173828125,0.109130859375,0.8935546875,-0.2744140625,1.220703125,-0.3662109375,-0.18310546875,-0.446044921875,0.57373046875,0.677490234375,0.42724609375,1.77001953125,-0.79345703125,0.1494140625,-1.018310546875,-0.1533203125,-0.48828125,-0.06103515625,-0.3662109375,-0.61474609375,-0.60498046875,0.612060546875,-1.89208984375,-0.1220703125,-2.0751953125,-0.6572265625,0.05908203125,0.12890625,-42.1142578125,27.52685546875,-20.69091796875,-0.1300828404284693,0.12499347220848644
2022-06-09 15:29:17.913115136,-0.93017578125,-0.054443359375,-0.369873046875,-1.40380859375,4.45556640625,-1.220703125,0.108154296875,0.89404296875,-0.274658203125,1.28173828125,-0.3662109375,-0.18310546875,-0.447998046875,0.573486328125,0.67724609375,0.1220703125,2.13623046875,-0.8544921875,0.148681640625,-1.016845703125,-0.15380859375,-0.42724609375,0.0,-0.244140625,-0.61279296875,-0.60498046875,0.612548828125,-1.77001953125,0.1220703125,-2.197265625,-0.662353515625,0.051025390625,0.111083984375,-44.86083984375,27.40478515625,-22.5830078125,-0.14134677051978461,0.12793067554106763
2022-06-09 15:29:17.923276544,-0.932373046875,-0.05615234375,-0.36669921875,-0.79345703125,4.08935546875,-1.220703125,0.10791015625,0.89111328125,-0.2744140625,1.3427734375,-0.244140625,-0.244140625,-0.44775390625,0.57275390625,0.674560546875,0.06103515625,2.44140625,-0.8544921875,0.148681640625,-1.013916015625,-0.152587890625,-0.48828125,0.0,-0.244140625,-0.615234375,-0.60498046875,0.61474609375,-1.5869140625,0.244140625,-2.38037109375,-0.672119140625,0.054931640625,0.094970703125,-47.7294921875,29.72412109375,-24.59716796875,-0.15287884196014945,0.1302477998039988
2022-06-09 15:29:17.933437952,-0.932861328125,-0.05712890625,-0.370849609375,-0.42724609375,3.662109375,-1.28173828125,0.1064453125,0.895263671875,-0.275390625,1.46484375,-0.3662109375,-0.244140625,-0.44921875,0.571044921875,0.672607421875,0.06103515625,2.86865234375,-0.8544921875,0.151123046875,-1.017822265625,-0.15234375,-0.48828125,-0.1220703125,-0.18310546875,-0.61083984375,-0.606201171875,0.614990234375,-1.28173828125,0.42724609375,-2.38037109375,-0.700439453125,0.06494140625,0.09326171875,-51.33056640625,35.15625,-26.7333984375,-0.16362905966786223,0.1330095838225125
2022-06-09 15:29:17.943599616,-0.933837890625,-0.060302734375,-0.36962890625,-0.42724609375,3.47900390625,-1.3427734375,0.1064453125,0.89892578125,-0.27734375,1.46484375,-0.6103515625,-0.3662109375,-0.451171875,0.571044921875,0.671630859375,0.0,2.99072265625,-0.8544921875,0.149658203125,-1.019287109375,-0.1533203125,-0.30517578125,-0.06103515625,-0.06103515625,-0.611083984375,-0.60546875,0.615234375,-0.9765625,0.79345703125,-2.50244140625,-0.730224609375,0.066650390625,0.083740234375,-55.5419921875,41.93115234375,-29.23583984375,-0.17296577269991809,0.13621729426827223
2022-06-09 15:29:17.953761280,-0.933837890625,-0.0595703125,-0.369384765625,-0.244140625,3.35693359375,-1.3427734375,0.106689453125,0.900634765625,-0.27685546875,1.28173828125,-0.67138671875,-0.42724609375,-0.450439453125,0.570068359375,0.67236328125,0.1220703125,2.99072265625,-0.79345703125,0.1484375,-1.02099609375,-0.1533203125,-0.244140625,-0.1220703125,0.0,-0.6103515625,-0.60693359375,0.616943359375,-0.8544921875,1.0986328125,-2.62451171875,-0.745361328125,0.062744140625,0.052978515625,-57.31201171875,48.15673828125,-31.494140625,-0.1820075681953468,0.14043763939204368
2022-06-09 15:29:17.963922944,-0.931640625,-0.0576171875,-0.372802734375,0.18310546875,3.173828125,-1.15966796875,0.105712890625,0.899658203125,-0.27490234375,1.28173828125,-0.732421875,-0.42724609375,-0.4482421875,0.570556640625,0.673828125,0.0,3.0517578125,-0.8544921875,0.149658203125,-1.021484375,-0.150390625,-0.3662109375,-0.18310546875,0.06103515625,-0.609130859375,-0.60693359375,0.614013671875,-0.67138671875,1.220703125,-2.74658203125,-0.754150390625,0.048583984375,0.00927734375,-58.16650390625,55.0537109375,-33.87451171875,-0.19123527609197155,0.14521805403151689
2022-06-09 15:29:17.974084352,-0.9248046875,-0.058837890625,-0.374755859375,0.244140625,2.99072265625,-1.220703125,0.106201171875,0.896728515625,-0.276123046875,1.28173828125,-0.79345703125,-0.54931640625,-0.451416015625,0.572998046875,0.67431640625,0.0,3.173828125,-0.8544921875,0.148193359375,-1.018798828125,-0.15087890625,-0.54931640625,-0.244140625,0.1220703125,-0.61083984375,-0.60888671875,0.6162109375,-0.54931640625,1.3427734375,-2.86865234375,-0.7685546875,0.02490234375,0.0087890625,-58.16650390625,62.80517578125,-36.1328125,-0.2006973128874634,0.14995366850043812
2022-06-09 15:29:17.984246016,-0.919189453125,-0.0595703125,-0.376953125,0.244140625,3.173828125,-1.28173828125,0.105224609375,0.897216796875,-0.275146484375,1.3427734375,-0.67138671875,-0.48828125,-0.454833984375,0.57421875,0.67431640625,-0.06103515625,3.23486328125,-0.6103515625,0.1484375,-1.016357421875,-0.150146484375,-0.42724609375,-0.18310546875,0.0,-0.60986328125,-0.609130859375,0.61767578125,-0.48828125,1.3427734375,-2.99072265625,-0.78076171875,0.006103515625,0.01220703125,-56.94580078125,71.35009765625,-37.53662109375,-0.2108350421828924,0.1561366949182763
2022-06-09 15:29:17.994407680,-0.9150390625,-0.059326171875,-0.375244140625,0.30517578125,3.84521484375,-1.40380859375,0.107177734375,0.8935546875,-0.277587890625,1.28173828125,-0.42724609375,-0.48828125,-0.453857421875,0.573974609375,0.6708984375,-0.1220703125,3.41796875,-0.42724609375,0.149658203125,-1.01708984375,-0.152587890625,-0.54931640625,-0.1220703125,0.18310546875,-0.609130859375,-0.60986328125,0.616943359375,-0.244140625,1.40380859375,-3.0517578125,-0.777587890625,-0.050048828125,0.005859375,-55.17578125,79.65087890625,-37.29248046875,-0.22103101859062035,0.16440891492943877
2022-06-09 15:29:18.004569344,-0.916259765625,-0.056884765625,-0.3759765625,0.42724609375,4.7607421875,-1.64794921875,0.109130859375,0.8916015625,-0.27587890625,1.40380859375,-0.42724609375,-0.67138671875,-0.454833984375,0.571044921875,0.67529296875,-0.244140625,4.0283203125,-0.42724609375,0.14794921875,-1.0166015625,-0.1494140625,-0.6103515625,-0.244140625,0.30517578125,-0.6064453125,-0.6103515625,0.615966796875,0.06103515625,1.52587890625,-3.173828125,-0.884765625,-0.07763671875,-0.077392578125,-51.025390625,94.1162109375,-34.85107421875,-0.23047216192115516,0.17351492734876794
2022-06-09 15:29:18.014731008,-0.91943359375,-0.0556640625,-0.374755859375,0.79345703125,5.37109375,-1.64794921875,0.107177734375,0.8935546875,-0.278076171875,1.40380859375,-0.48828125,-0.6103515625,-0.4580078125,0.57080078125,0.67578125,-0.6103515625,4.7607421875,-0.42724609375,0.149658203125,-1.015869140625,-0.150146484375,-0.732421875,-0.30517578125,0.30517578125,-0.60498046875,-0.61083984375,0.615966796875,0.3662109375,1.8310546875,-3.23486328125,-1.064453125,-0.159423828125,-0.0361328125,-51.513671875,91.552734375,-32.89794921875,-0.23895481075873004,0.1818543411383735
2022-06-09 15:29:18.024892416,-0.921875,-0.05224609375,-0.373779296875,1.220703125,5.67626953125,-1.46484375,0.10546875,0.895263671875,-0.27587890625,1.40380859375,-0.54931640625,-0.67138671875,-0.4580078125,0.569580078125,0.6787109375,-0.8544921875,5.31005859375,-0.42724609375,0.1484375,-1.017333984375,-0.1494140625,-0.79345703125,-0.30517578125,0.48828125,-0.60595703125,-0.611572265625,0.61572265625,0.48828125,2.25830078125,-3.47900390625,-1.2529296875,-0.2197265625,0.011962890625,-47.79052734375,78.7353515625,-30.45654296875,-0.24758387174189944,0.18911308771587887
2022-06-09 15:29:18.035054080,-0.93017578125,-0.050048828125,-0.37353515625,1.40380859375,5.79833984375,-1.64794921875,0.1044921875,0.8955078125,-0.2783203125,1.52587890625,-0.6103515625,-0.732421875,-0.4609375,0.5673828125,0.679931640625,-1.0986328125,5.615234375,-0.48828125,0.147705078125,-1.015869140625,-0.15234375,-0.91552734375,-0.30517578125,0.48828125,-0.60498046875,-0.611083984375,0.61669921875,0.6103515625,2.5634765625,-3.662109375,-1.383544921875,-0.182373046875,0.04736328125,-42.236328125,61.279296875,-26.2451171875,-0.2574744267982003,0.19532788263892842
2022-06-09 15:29:18.045215488,-0.939453125,-0.05126953125,-0.37451171875,1.15966796875,5.4931640625,-2.01416015625,0.106201171875,0.89697265625,-0.28076171875,1.52587890625,-0.6103515625,-0.79345703125,-0.4609375,0.564453125,0.6787109375,-1.28173828125,5.31005859375,-0.6103515625,0.151123046875,-1.0146484375,-0.149658203125,-0.9765625,-0.3662109375,0.54931640625,-0.606201171875,-0.60986328125,0.614013671875,0.67138671875,2.5634765625,-3.7841796875,-1.452392578125,-0.116455078125,0.034423828125,-39.55078125,43.0908203125,-19.775390625,-0.2683978111231392,0.20009870503693294
2022-06-09 15:29:18.055377152,-0.94189453125,-0.050048828125,-0.37890625,1.0986328125,4.2724609375,-2.197265625,0.10791015625,0.895263671875,-0.279052734375,1.46484375,-0.67138671875,-0.79345703125,-0.455810546875,0.56298828125,0.67822265625,-1.52587890625,4.7607421875,-0.732421875,0.151611328125,-1.015869140625,-0.153564453125,-1.0986328125,-0.3662109375,0.732421875,-0.60888671875,-0.608642578125,0.61279296875,0.54931640625,2.44140625,-3.90625,-1.44970703125,-0.03369140625,-0.041259765625,-42.48046875,30.76171875,-13.3056640625,-0.2809769925825779,0.203121341568135
2022-06-09 15:29:18.065538816,-0.939208984375,-0.04833984375,-0.37744140625,0.79345703125,3.11279296875,-2.5634765625,0.10693359375,0.8955078125,-0.281005859375,1.52587890625,-0.6103515625,-0.8544921875,-0.456298828125,0.560791015625,0.67578125,-1.5869140625,4.638671875,-0.9765625,0.1484375,-1.017333984375,-0.150146484375,-1.220703125,-0.3662109375,0.79345703125,-0.612060546875,-0.609375,0.61572265625,0.42724609375,2.25830078125,-4.150390625,-1.37841796875,0.02294921875,-0.118408203125,-52.3681640625,25.634765625,-9.1552734375,-0.2963017923226673,0.20411175603432152
2022-06-09 15:29:18.075700224,-0.9375,-0.050537109375,-0.381591796875,0.48828125,2.9296875,-2.99072265625,0.106689453125,0.895263671875,-0.279541015625,1.40380859375,-0.54931640625,-0.8544921875,-0.4560546875,0.560791015625,0.67431640625,-1.77001953125,4.638671875,-1.15966796875,0.150146484375,-1.016845703125,-0.1513671875,-1.220703125,-0.30517578125,0.79345703125,-0.6142578125,-0.60888671875,0.61767578125,0.3662109375,2.0751953125,-4.33349609375,-1.2763671875,0.029296875,-0.191162109375,-61.5234375,27.83203125,-8.48388671875,-0.3143855068884265,0.20290574136306416
2022-06-09 15:29:18.085861888,-0.938232421875,-0.05126953125,-0.38671875,0.732421875,3.0517578125,-3.41796875,0.10400390625,0.895263671875,-0.279296875,1.40380859375,-0.42724609375,-0.8544921875,-0.45703125,0.560546875,0.6728515625,-1.64794921875,4.5166015625,-1.28173828125,0.144775390625,-1.015380859375,-0.153076171875,-1.40380859375,-0.30517578125,0.91552734375,-0.614501953125,-0.611328125,0.622314453125,0.1220703125,1.5869140625,-4.39453125,-1.238525390625,0.068603515625,-0.1494140625,-64.5751953125,35.7666015625,-9.6435546875,-0.33496600421623046,0.20048045682858362
2022-06-09 15:29:18.096023552,-0.936279296875,-0.05078125,-0.387939453125,0.54931640625,2.86865234375,-3.60107421875,0.101806640625,0.891845703125,-0.281982421875,1.46484375,-0.6103515625,-0.91552734375,-0.457275390625,0.563232421875,0.671630859375,-1.5869140625,4.39453125,-1.52587890625,0.147216796875,-1.01513671875,-0.150146484375,-1.46484375,-0.18310546875,0.8544921875,-0.611328125,-0.61181640625,0.62451171875,-0.1220703125,1.15966796875,-4.57763671875,-1.298828125,0.2099609375,-0.02880859375,-60.4248046875,33.203125,-12.39013671875,-0.35867778884288815,0.1971695911651632
2022-06-09 15:29:18.106185216,-0.93408203125,-0.05078125,-0.386474609375,0.3662109375,2.44140625,-3.7841796875,0.103759765625,0.8955078125,-0.28564453125,1.40380859375,-0.6103515625,-0.732421875,-0.458740234375,0.565185546875,0.676513671875,-1.46484375,4.08935546875,-1.64794921875,0.146484375,-1.016845703125,-0.150634765625,-1.5869140625,0.0,0.8544921875,-0.6103515625,-0.60791015625,0.62744140625,-0.244140625,0.732421875,-4.7607421875,-1.298583984375,0.25732421875,0.12353515625,-64.8193359375,12.14599609375,-12.20703125,-0.3855630595601959,0.1929411994485073
2022-06-09 15:29:18.116346880,-0.935302734375,-0.050048828125,-0.3876953125,0.54931640625,2.197265625,-3.84521484375,0.104736328125,0.896484375,-0.28369140625,1.40380859375,-0.67138671875,-0.732421875,-0.461669921875,0.5693359375,0.67822265625,-1.28173828125,3.72314453125,-1.708984375,0.14697265625,-1.01806640625,-0.150634765625,-1.64794921875,0.0,0.91552734375,-0.608642578125,-0.603759765625,0.630126953125,-0.42724609375,0.48828125,-4.82177734375,-1.14794921875,0.0810546875,0.19775390625,-76.11083984375,-3.7841796875,-5.4931640625,-0.4149712586035148,0.18888816468689162
2022-06-09 15:29:18.126508288,-0.93310546875,-0.050048828125,-0.388916015625,0.67138671875,1.8310546875,-3.84521484375,0.1025390625,0.89453125,-0.28076171875,1.46484375,-0.6103515625,-0.732421875,-0.459716796875,0.568359375,0.68017578125,-1.28173828125,3.173828125,-1.8310546875,0.143798828125,-1.015625,-0.1513671875,-1.77001953125,-0.1220703125,0.79345703125,-0.607666015625,-0.6044921875,0.63037109375,-0.732421875,0.3662109375,-4.8828125,-1.063720703125,-0.069091796875,0.242919921875,-72.8759765625,10.43701171875,6.40869140625,-0.4470938542544246,0.1846938670339915
2022-06-09 15:29:18.136669952,-0.930419921875,-0.051025390625,-0.38818359375,0.42724609375,1.52587890625,-3.72314453125,0.1025390625,0.8955078125,-0.277099609375,1.3427734375,-0.30517578125,-0.6103515625,-0.45751953125,0.570068359375,0.683837890625,-1.15966796875,2.86865234375,-1.8310546875,0.142333984375,-1.018310546875,-0.151611328125,-1.8310546875,-0.30517578125,0.732421875,-0.607177734375,-0.60205078125,0.62841796875,-0.91552734375,0.3662109375,-4.94384765625,-1.17919921875,-0.127197265625,0.44677734375,-65.12451171875,41.1376953125,21.17919921875,-0.48194277683043085,0.18045637782645274
2022-06-09 15:29:18.146831616,-0.929443359375,-0.050537109375,-0.389404296875,0.1220703125,1.3427734375,-3.47900390625,0.10205078125,0.89794921875,-0.2822265625,1.220703125,-0.30517578125,-0.42724609375,-0.45703125,0.56884765625,0.684326171875,-1.15966796875,2.8076171875,-1.953125,0.14501953125,-1.017578125,-0.15625,-1.8310546875,-0.54931640625,0.732421875,-0.609130859375,-0.602783203125,0.62646484375,-1.0986328125,0.42724609375,-4.94384765625,-1.3056640625,-0.090087890625,0.5927734375,-57.12890625,42.48046875,33.69140625,-0.5188958457587728,0.17615407404290107
2022-06-09 15:29:18.156993024,-0.926025390625,-0.053466796875,-0.38818359375,-0.18310546875,1.0986328125,-3.2958984375,0.1015625,0.8974609375,-0.281982421875,1.28173828125,-0.48828125,-0.3662109375,-0.4541015625,0.569091796875,0.68603515625,-1.28173828125,2.9296875,-1.953125,0.143798828125,-1.02001953125,-0.156982421875,-1.8310546875,-0.3662109375,0.6103515625,-0.607666015625,-0.601806640625,0.62744140625,-1.15966796875,0.244140625,-4.8828125,-1.24267578125,-0.062744140625,0.64306640625,-51.3916015625,11.16943359375,42.3583984375,-0.5571351481753506,0.1711240348742078
2022-06-09 15:29:18.167154688,-0.92236328125,-0.05712890625,-0.38232421875,-0.42724609375,0.8544921875,-3.173828125,0.102294921875,0.89794921875,-0.28125,1.220703125,-0.54931640625,-0.244140625,-0.45068359375,0.56689453125,0.687255859375,-1.40380859375,3.11279296875,-1.77001953125,0.143798828125,-1.019287109375,-0.158203125,-2.01416015625,-0.30517578125,0.54931640625,-0.60498046875,-0.600830078125,0.627197265625,-1.40380859375,0.0,-4.69970703125,-1.07958984375,-0.29638671875,0.566162109375,-63.96484375,-5.18798828125,50.29296875,-0.5962615429201663,0.16635265330577154
2022-06-09 15:29:18.177316096,-0.921142578125,-0.055419921875,-0.380859375,-0.42724609375,0.67138671875,-2.99072265625,0.101318359375,0.896240234375,-0.285888671875,1.220703125,-0.48828125,-0.1220703125,-0.450927734375,0.568115234375,0.685546875,-1.46484375,3.23486328125,-1.708984375,0.145263671875,-1.0185546875,-0.156494140625,-2.13623046875,-0.1220703125,0.48828125,-0.606689453125,-0.60205078125,0.62109375,-1.5869140625,-0.48828125,-4.5166015625,-0.98779296875,-0.33251953125,0.5830078125,-75.13427734375,6.04248046875,52.490234375,-0.636287917776563,0.1622228103640322
2022-06-09 15:29:18.187477760,-0.917724609375,-0.0546875,-0.381591796875,-0.67138671875,0.48828125,-2.9296875,0.101806640625,0.898681640625,-0.28125,1.15966796875,-0.3662109375,0.0,-0.45263671875,0.56787109375,0.6845703125,-1.64794921875,3.35693359375,-1.5869140625,0.146728515625,-1.017822265625,-0.154052734375,-2.01416015625,0.0,0.48828125,-0.607421875,-0.602294921875,0.619140625,-1.77001953125,-0.79345703125,-4.21142578125,-0.9208984375,-0.1337890625,0.598876953125,-80.9326171875,8.36181640625,48.4619140625,-0.6765523145628584,0.15823529913218648
2022-06-09 15:29:18.197639424,-0.91748046875,-0.054931640625,-0.377197265625,-0.6103515625,0.54931640625,-2.8076171875,0.1005859375,0.89599609375,-0.279541015625,1.15966796875,-0.18310546875,0.06103515625,-0.456298828125,0.564697265625,0.68212890625,-1.64794921875,3.11279296875,-1.5869140625,0.14306640625,-1.014404296875,-0.156982421875,-2.0751953125,0.1220703125,0.3662109375,-0.605712890625,-0.6025390625,0.615478515625,-1.8310546875,-0.9765625,-3.96728515625,-0.86669921875,-0.054443359375,0.5380859375,-87.0361328125,6.591796875,43.8232421875,-0.716371685681779,0.15418308871894482
2022-06-09 15:29:18.207801088,-0.91650390625,-0.056884765625,-0.374755859375,-0.732421875,0.732421875,-2.62451171875,0.101806640625,0.89599609375,-0.275390625,1.0986328125,-0.1220703125,0.0,-0.457275390625,0.5654296875,0.6826171875,-1.5869140625,2.8076171875,-1.5869140625,0.1455078125,-1.016845703125,-0.1572265625,-2.0751953125,0.0,0.3662109375,-0.605712890625,-0.60400390625,0.614501953125,-1.77001953125,-1.03759765625,-3.7841796875,-0.888427734375,0.058349609375,0.513916015625,-86.12060546875,14.0380859375,37.353515625,-0.7552907393302151,0.15007161499926314
2022-06-09 15:29:18.217962752,-0.9189453125,-0.062255859375,-0.37890625,-1.220703125,0.9765625,-2.44140625,0.102783203125,0.8994140625,-0.278564453125,1.03759765625,-0.3662109375,0.1220703125,-0.459228515625,0.56494140625,0.67919921875,-1.52587890625,2.5634765625,-1.52587890625,0.145263671875,-1.01611328125,-0.15576171875,-2.0751953125,-0.06103515625,0.30517578125,-0.6044921875,-0.606689453125,0.612060546875,-1.8310546875,-1.0986328125,-3.60107421875,-1.007080078125,0.15478515625,0.473876953125,-82.94677734375,22.8271484375,27.83203125,-0.7934738165321715,0.14631823726719562
2022-06-09 15:29:18.228124160,-0.9208984375,-0.065185546875,-0.394775390625,-1.89208984375,0.9765625,-2.44140625,0.102294921875,0.900390625,-0.283447265625,1.0986328125,-0.48828125,0.18310546875,-0.461181640625,0.563720703125,0.677978515625,-1.52587890625,2.3193359375,-1.46484375,0.145263671875,-1.01513671875,-0.157958984375,-1.8310546875,-0.06103515625,0.30517578125,-0.60400390625,-0.6044921875,0.609375,-1.89208984375,-1.03759765625,-3.2958984375,-1.16015625,0.18017578125,0.474609375,-73.974609375,26.611328125,19.775390625,-0.8308925837057265,0.14327344215693438
2022-06-09 15:29:18.238285824,-0.919677734375,-0.0625,-0.405517578125,-2.5634765625,0.6103515625,-2.62451171875,0.102294921875,0.898681640625,-0.28173828125,1.0986328125,-0.6103515625,0.244140625,-0.4619140625,0.5625,0.677001953125,-1.64794921875,2.197265625,-1.5869140625,0.142822265625,-1.015625,-0.161865234375,-1.8310546875,-0.30517578125,0.244140625,-0.60546875,-0.6103515625,0.611572265625,-1.708984375,-0.91552734375,-3.11279296875,-1.272216796875,0.18310546875,0.447998046875,-64.208984375,26.91650390625,14.34326171875,-0.8667399209745891,0.13989399774374256
2022-06-09 15:29:18.248447488,-0.917236328125,-0.06103515625,-0.38525390625,-2.01416015625,0.67138671875,-2.5634765625,0.10302734375,0.897705078125,-0.2802734375,1.03759765625,-0.67138671875,0.30517578125,-0.464599609375,0.564697265625,0.677001953125,-1.64794921875,2.0751953125,-1.708984375,0.144775390625,-1.01806640625,-0.16455078125,-1.708984375,-0.3662109375,0.30517578125,-0.608154296875,-0.609130859375,0.607666015625,-1.5869140625,-0.79345703125,-2.9296875,-1.29541015625,0.126220703125,0.370361328125,-60.546875,23.37646484375,5.31005859375,-0.8360872693681198,0.13533735244150558
2022-06-09 15:29:18.258609152,-0.912353515625,-0.06005859375,-0.371337890625,-0.79345703125,0.30517578125,-2.25830078125,0.101806640625,0.896240234375,-0.283447265625,0.9765625,-0.6103515625,0.244140625,-0.467041015625,0.5654296875,0.679443359375,-1.5869140625,1.8310546875,-1.708984375,0.144287109375,-1.015869140625,-0.165771484375,-1.40380859375,-0.18310546875,0.244140625,-0.61083984375,-0.61083984375,0.60791015625,-1.3427734375,-0.54931640625,-2.74658203125,-1.186279296875,0.085693359375,0.35498046875,-56.5185546875,15.68603515625,-10.986328125,-0.7811645409183808,0.13036387831906326
2022-06-09 15:29:18.268770816,-0.906494140625,-0.058349609375,-0.392822265625,1.28173828125,-0.3662109375,-1.953125,0.102294921875,0.89453125,-0.282470703125,0.91552734375,-0.42724609375,0.244140625,-0.46923828125,0.565185546875,0.67822265625,-1.52587890625,1.46484375,-1.89208984375,0.145263671875,-1.01513671875,-0.16357421875,-1.40380859375,0.0,0.18310546875,-0.612548828125,-0.61572265625,0.605712890625,-1.220703125,-0.244140625,-2.44140625,-1.0400390625,0.011474609375,0.356689453125,-56.15234375,15.31982421875,-27.9541015625,-0.7300439887278987,0.12460133095309445
2022-06-09 15:29:18.278931968,-0.90576171875,-0.05859375,-0.398681640625,1.8310546875,0.732421875,-1.40380859375,0.10595703125,0.892822265625,-0.280517578125,0.9765625,-0.244140625,0.18310546875,-0.469482421875,0.568603515625,0.6748046875,-1.5869140625,1.28173828125,-2.01416015625,0.146484375,-1.01416015625,-0.1650390625,-1.220703125,0.1220703125,0.1220703125,-0.615478515625,-0.614013671875,0.6083984375,-0.8544921875,-0.244140625,-2.0751953125,-0.958251953125,-0.090576171875,0.310302734375,-57.9833984375,27.40478515625,-40.34423828125,-0.6837631379693266,0.11719689921359056
2022-06-09 15:29:18.289093632,-0.910400390625,-0.0693359375,-0.380615234375,0.3662109375,2.3193359375,-1.03759765625,0.107421875,0.892578125,-0.283203125,1.15966796875,-0.30517578125,0.1220703125,-0.46875,0.5673828125,0.6748046875,-1.5869140625,1.15966796875,-1.953125,0.1474609375,-1.015869140625,-0.165283203125,-1.03759765625,0.0,0.06103515625,-0.616943359375,-0.61572265625,0.606689453125,-0.732421875,-0.30517578125,-1.8310546875,-0.925048828125,-0.154541015625,0.259765625,-57.6171875,37.90283203125,-49.98779296875,-0.6419666553579979,0.1091722629601275
2022-06-09 15:29:18.299255296,-0.91015625,-0.071044921875,-0.37255859375,-0.42724609375,2.38037109375,-1.03759765625,0.105712890625,0.895263671875,-0.283935546875,1.0986328125,-0.30517578125,-0.06103515625,-0.4677734375,0.569091796875,0.673095703125,-1.46484375,0.91552734375,-1.77001953125,0.143798828125,-1.015380859375,-0.163818359375,-0.8544921875,0.06103515625,0.06103515625,-0.613037109375,-0.61669921875,0.6015625,-0.732421875,-0.42724609375,-1.5869140625,-0.8857421875,-0.208740234375,0.2294921875,-56.396484375,38.14697265625,-58.349609375,-0.6028307811689166,0.10239555330614625
2022-06-09 15:29:18.309416192,-0.91015625,-0.07275390625,-0.378662109375,-1.8310546875,3.0517578125,-1.15966796875,0.105712890625,0.896240234375,-0.283203125,1.0986328125,-0.3662109375,-0.18310546875,-0.463134765625,0.5703125,0.67626953125,-1.46484375,1.15966796875,-1.52587890625,0.143798828125,-1.015625,-0.164794921875,-0.67138671875,0.1220703125,0.1220703125,-0.60888671875,-0.617431640625,0.6005859375,-0.3662109375,-0.42724609375,-1.40380859375,-0.828125,-0.232666015625,0.205810546875,-52.55126953125,34.0576171875,-65.61279296875,-0.5668628942415448,0.09774554276279801
2022-06-09 15:29:18.319577088,-0.91845703125,-0.075927734375,-0.37744140625,-2.3193359375,3.84521484375,-1.28173828125,0.103271484375,0.894775390625,-0.283203125,1.03759765625,-0.48828125,-0.244140625,-0.4716796875,0.5693359375,0.669921875,-2.0751953125,3.2958984375,-1.77001953125,0.14453125,-1.01513671875,-0.1630859375,-0.6103515625,0.0,0.0,-0.603759765625,-0.61767578125,0.6015625,0.244140625,0.0,-1.28173828125,-0.78173828125,-0.232421875,0.191162109375,-48.27880859375,30.76171875,-70.4345703125,-0.5356039991514769,0.09154065817678037
2022-06-09 15:29:18.329737984,-0.923583984375,-0.073486328125,-0.37548828125,-1.89208984375,3.11279296875,-1.46484375,0.104736328125,0.89404296875,-0.279541015625,1.03759765625,-0.67138671875,-0.3662109375,-0.478515625,0.564453125,0.666015625,-2.0751953125,3.173828125,-1.64794921875,0.144775390625,-1.015380859375,-0.164794921875,-0.42724609375,0.0,-0.06103515625,-0.599609375,-0.6201171875,0.601806640625,0.6103515625,0.42724609375,-1.15966796875,-0.76318359375,-0.226318359375,0.18505859375,-44.98291015625,29.11376953125,-71.22802734375,-0.5087168137263928,0.08323507812089037
2022-06-09 15:29:18.339898624,-0.926513671875,-0.068115234375,-0.385986328125,-1.0986328125,2.62451171875,-1.52587890625,0.1064453125,0.891357421875,-0.283447265625,1.15966796875,-0.79345703125,-0.3662109375,-0.478515625,0.562744140625,0.66552734375,-1.89208984375,2.74658203125,-1.64794921875,0.146484375,-1.0146484375,-0.166748046875,-0.06103515625,0.06103515625,-0.06103515625,-0.602294921875,-0.624267578125,0.604736328125,0.91552734375,0.91552734375,-1.15966796875,-0.7734375,-0.199462890625,0.169677734375,-42.6025390625,26.2451171875,-68.05419921875,-0.484556674103325,0.0758893726776213
2022-06-09 15:29:18.350059520,-0.92822265625,-0.064697265625,-0.391357421875,-0.42724609375,2.685546875,-1.52587890625,0.1064453125,0.892822265625,-0.284912109375,1.0986328125,-0.91552734375,-0.48828125,-0.479248046875,0.5654296875,0.668212890625,-1.708984375,2.5634765625,-1.708984375,0.145751953125,-1.014892578125,-0.165771484375,0.18310546875,0.1220703125,-0.06103515625,-0.6015625,-0.62890625,0.60791015625,1.28173828125,1.0986328125,-1.40380859375,-0.7861328125,-0.142333984375,0.15234375,-40.58837890625,18.9208984375,-62.80517578125,-0.461608540249862,0.06915194195575358
2022-06-09 15:29:18.360220416,-0.925048828125,-0.06298828125,-0.383056640625,-0.3662109375,2.3193359375,-1.64794921875,0.105224609375,0.893310546875,-0.284912109375,1.220703125,-0.79345703125,-0.6103515625,-0.47802734375,0.565185546875,0.66943359375,-1.64794921875,2.62451171875,-1.8310546875,0.1455078125,-1.017822265625,-0.1640625,0.244140625,0.18310546875,-0.06103515625,-0.599853515625,-0.62890625,0.609619140625,1.8310546875,1.46484375,-1.89208984375,-0.77099609375,-0.072509765625,0.1484375,-38.4521484375,9.70458984375,-58.837890625,-0.43878636273663474,0.06217571535072164
2022-06-09 15:29:18.370381056,-0.91650390625,-0.05810546875,-0.369140625,-0.42724609375,2.13623046875,-1.953125,0.103515625,0.89208984375,-0.28662109375,1.0986328125,-0.67138671875,-0.732421875,-0.473876953125,0.562744140625,0.67041015625,-1.64794921875,2.74658203125,-1.77001953125,0.14453125,-1.01806640625,-0.16357421875,0.30517578125,0.1220703125,-0.1220703125,-0.60009765625,-0.630615234375,0.607666015625,2.685546875,3.11279296875,-2.74658203125,-0.739013671875,-0.0126953125,0.154296875,-36.4990234375,5.67626953125,-57.9833984375,-0.4154272925968619,0.05500956185731587
2022-06-09 15:29:18.380541952,-0.910888671875,-0.05859375,-0.367431640625,-0.67138671875,3.2958984375,-2.3193359375,0.1005859375,0.89453125,-0.286865234375,0.91552734375,-0.54931640625,-0.79345703125,-0.473876953125,0.563232421875,0.671142578125,-1.708984375,2.8076171875,-1.89208984375,0.142578125,-1.017578125,-0.161865234375,0.48828125,0.18310546875,-0.1220703125,-0.60595703125,-0.626220703125,0.6083984375,3.173828125,4.39453125,-3.2958984375,-0.721435546875,0.02490234375,0.156005859375,-34.72900390625,8.85009765625,-59.6923828125,-0.39103160760773126,0.04736397356113331
2022-06-09 15:29:18.390702848,-0.917236328125,-0.06201171875,-0.37548828125,-1.15966796875,5.06591796875,-2.5634765625,0.102783203125,0.892578125,-0.28369140625,0.9765625,-0.30517578125,-0.79345703125,-0.4736328125,0.560302734375,0.676025390625,-1.8310546875,3.0517578125,-2.0751953125,0.14501953125,-1.013427734375,-0.15966796875,0.6103515625,0.18310546875,-0.18310546875,-0.611083984375,-0.621826171875,0.60791015625,3.2958984375,5.4931640625,-3.5400390625,-0.72412109375,0.032958984375,0.149658203125,-32.3486328125,15.44189453125,-61.95068359375,-0.3653408625163567,0.03789738048887914
2022-06-09 15:29:18.400863744,-0.92724609375,-0.064453125,-0.381591796875,-1.708984375,6.04248046875,-3.11279296875,0.1044921875,0.89111328125,-0.2841796875,1.03759765625,-0.244140625,-0.67138671875,-0.473876953125,0.56005859375,0.67822265625,-2.13623046875,3.72314453125,-2.0751953125,0.1474609375,-1.016357421875,-0.16064453125,0.42724609375,0.18310546875,-0.1220703125,-0.61572265625,-0.618408203125,0.609619140625,3.41796875,5.9814453125,-3.662109375,-0.735107421875,0.02099609375,0.140869140625,-29.47998046875,20.263671875,-62.68310546875,-0.33870824735636285,0.02647894772337711
2022-06-09 15:29:18.411024640,-0.9345703125,-0.068603515625,-0.383056640625,-1.89208984375,5.92041015625,-3.72314453125,0.1064453125,0.890380859375,-0.286865234375,1.0986328125,-0.244140625,-0.91552734375,-0.472412109375,0.560302734375,0.67822265625,-2.50244140625,4.5166015625,-2.13623046875,0.146728515625,-1.01611328125,-0.160888671875,0.48828125,0.18310546875,-0.1220703125,-0.61669921875,-0.613525390625,0.6103515625,3.60107421875,5.9814453125,-3.84521484375,-0.724853515625,-0.007080078125,0.123779296875,-27.34375,20.263671875,-61.5234375,-0.3116266489458692,0.013027437669111297
2022-06-09 15:29:18.421185280,-0.932861328125,-0.071044921875,-0.384521484375,-1.77001953125,5.0048828125,-4.2724609375,0.103515625,0.887451171875,-0.282958984375,1.28173828125,-0.30517578125,-1.03759765625,-0.47314453125,0.55517578125,0.674072265625,-3.0517578125,5.126953125,-2.25830078125,0.1474609375,-1.0166015625,-0.158203125,0.6103515625,0.244140625,0.06103515625,-0.614501953125,-0.608642578125,0.611083984375,3.47900390625,5.7373046875,-4.0283203125,-0.6767578125,-0.040283203125,0.10791015625,-26.67236328125,17.63916015625,-58.28857421875,-0.28312337641095225,-0.003437534050876323
2022-06-09 15:29:18.431346176,-0.92626953125,-0.075439453125,-0.387451171875,-1.64794921875,4.45556640625,-4.638671875,0.10400390625,0.887451171875,-0.283203125,1.3427734375,-0.42724609375,-1.15966796875,-0.470703125,0.55322265625,0.67236328125,-3.2958984375,5.615234375,-2.3193359375,0.14501953125,-1.01611328125,-0.158203125,0.42724609375,0.244140625,0.18310546875,-0.609619140625,-0.60693359375,0.612548828125,3.41796875,5.126953125,-3.84521484375,-0.621337890625,-0.07568359375,0.094970703125,-27.52685546875,17.88330078125,-53.40576171875,-0.25379320629193525,-0.022509747249171763
2022-06-09 15:29:18.441506816,-0.918701171875,-0.078369140625,-0.387451171875,-1.46484375,4.39453125,-4.69970703125,0.1015625,0.888916015625,-0.28369140625,1.40380859375,-0.48828125,-1.28173828125,-0.472412109375,0.5498046875,0.667724609375,-3.662109375,5.9814453125,-2.44140625,0.14404296875,-1.01611328125,-0.1572265625,0.244140625,0.1220703125,0.18310546875,-0.60693359375,-0.605224609375,0.61328125,3.35693359375,4.33349609375,-3.60107421875,-0.5947265625,-0.09619140625,0.074462890625,-28.9306640625,22.705078125,-47.66845703125,-0.22547374471994475,-0.04391812777124837
2022-06-09 15:29:18.451667712,-0.91552734375,-0.081298828125,-0.387939453125,-0.9765625,4.8828125,-4.5166015625,0.099609375,0.892578125,-0.2841796875,1.46484375,-0.48828125,-1.15966796875,-0.470458984375,0.54736328125,0.66650390625,-3.662109375,6.28662109375,-2.44140625,0.142578125,-1.017822265625,-0.155029296875,0.1220703125,0.06103515625,0.18310546875,-0.605224609375,-0.602783203125,0.619384765625,3.23486328125,3.41796875,-3.7841796875,-0.602294921875,-0.103271484375,0.056396484375,-30.94482421875,29.84619140625,-41.748046875,-0.19666763335612397,-0.06692420470233462
2022-06-09 15:29:18.461828608,-0.915283203125,-0.078857421875,-0.390869140625,-0.18310546875,5.06591796875,-4.21142578125,0.10009765625,0.89501953125,-0.285888671875,1.28173828125,-0.6103515625,-0.9765625,-0.472900390625,0.5498046875,0.669677734375,-3.72314453125,6.4697265625,-2.3193359375,0.145751953125,-1.0166015625,-0.15478515625,0.06103515625,-0.06103515625,0.18310546875,-0.6005859375,-0.601806640625,0.62353515625,2.8076171875,2.25830078125,-3.7841796875,-0.664306640625,-0.067138671875,0.020751953125,-33.75244140625,41.1376953125,-31.3720703125,-0.1652811681591113,-0.08967832512725926
2022-06-09 15:29:18.471989504,-0.9130859375,-0.078857421875,-0.393798828125,0.3662109375,4.94384765625,-3.90625,0.099609375,0.896240234375,-0.28759765625,1.28173828125,-0.732421875,-0.8544921875,-0.47412109375,0.548583984375,0.67431640625,-3.72314453125,6.40869140625,-2.3193359375,0.1435546875,-1.014892578125,-0.15478515625,-0.18310546875,-0.18310546875,0.244140625,-0.5966796875,-0.603515625,0.626953125,2.62451171875,1.3427734375,-3.60107421875,-0.705078125,-0.030517578125,0.00927734375,-35.46142578125,44.43359375,-27.52685546875,-0.13246170283928604,-0.11226679260191563
2022-06-09 15:29:18.482150400,-0.916259765625,-0.08056640625,-0.396728515625,0.9765625,4.69970703125,-3.5400390625,0.097412109375,0.896240234375,-0.28857421875,1.28173828125,-0.9765625,-0.91552734375,-0.4775390625,0.548095703125,0.677978515625,-3.96728515625,6.53076171875,-2.50244140625,0.142822265625,-1.01806640625,-0.156982421875,-0.3662109375,-0.30517578125,0.244140625,-0.59326171875,-0.60498046875,0.63037109375,2.5634765625,0.67138671875,-3.47900390625,-0.744384765625,0.023193359375,0.007568359375,-36.7431640625,46.630859375,-25.20751953125,-0.09987179189032214,-0.13657089026558222
2022-06-09 15:29:18.492311040,-0.91845703125,-0.0791015625,-0.3994140625,1.28173828125,4.8828125,-3.11279296875,0.095947265625,0.8955078125,-0.28759765625,1.3427734375,-0.8544921875,-0.79345703125,-0.482177734375,0.548095703125,0.677978515625,-3.90625,6.2255859375,-2.44140625,0.14306640625,-1.01708984375,-0.15625,-0.48828125,-0.30517578125,0.1220703125,-0.59033203125,-0.6064453125,0.630126953125,2.25830078125,0.54931640625,-3.2958984375,-0.774169921875,0.062744140625,0.021484375,-39.1845703125,47.7294921875,-24.169921875,-0.06698761444394086,-0.16205123757307827
2022-06-09 15:29:18.502471936,-0.925048828125,-0.076416015625,-0.401123046875,1.28173828125,5.18798828125,-2.8076171875,0.09814453125,0.893798828125,-0.285400390625,1.3427734375,-0.6103515625,-0.79345703125,-0.486328125,0.548095703125,0.677490234375,-3.7841796875,5.7373046875,-2.38037109375,0.1435546875,-1.016845703125,-0.1572265625,-0.54931640625,-0.244140625,0.18310546875,-0.58935546875,-0.610595703125,0.6318359375,2.13623046875,0.732421875,-2.99072265625,-0.802734375,0.088134765625,0.05859375,-43.27392578125,48.9501953125,-24.169921875,-0.04076547766648431,-0.20506317156120724
2022-06-09 15:29:18.512632832,-0.9306640625,-0.074951171875,-0.406005859375,1.46484375,5.06591796875,-2.44140625,0.097412109375,0.89501953125,-0.287353515625,1.3427734375,-0.3662109375,-0.6103515625,-0.486083984375,0.54736328125,0.679443359375,-3.662109375,5.2490234375,-2.50244140625,0.1455078125,-1.016845703125,-0.15966796875,-0.6103515625,-0.3662109375,0.18310546875,-0.590087890625,-0.615234375,0.632568359375,2.01416015625,0.732421875,-2.685546875,-0.8291015625,0.11328125,0.051025390625,-48.095703125,49.8046875,-24.35302734375,-0.016246637989143164,-0.24756235874918842
2022-06-09 15:29:18.522793472,-0.937255859375,-0.07470703125,-0.399169921875,1.8310546875,4.39453125,-2.0751953125,0.09912109375,0.895751953125,-0.286376953125,1.40380859375,-0.244140625,-0.54931640625,-0.486083984375,0.547119140625,0.683837890625,-3.5400390625,5.2490234375,-2.50244140625,0.144287109375,-1.017333984375,-0.160888671875,-0.6103515625,-0.244140625,0.1220703125,-0.589111328125,-0.616455078125,0.631591796875,1.77001953125,0.732421875,-2.44140625,-0.88232421875,0.093994140625,0.020263671875,-50.96435546875,50.23193359375,-25.0244140625,0.00722220238935789,-0.2898089624337754
2022-06-09 15:29:18.532954368,-0.939697265625,-0.07763671875,-0.394287109375,1.40380859375,3.173828125,-1.708984375,0.099609375,0.896240234375,-0.283935546875,1.3427734375,-0.18310546875,-0.3662109375,-0.484130859375,0.547607421875,0.685302734375,-3.41796875,5.43212890625,-2.5634765625,0.143310546875,-1.0166015625,-0.161865234375,-0.6103515625,-0.1220703125,0.1220703125,-0.589599609375,-0.616943359375,0.6328125,1.28173828125,0.9765625,-2.13623046875,-0.988037109375,0.072998046875,0.076171875,-52.6123046875,52.18505859375,-26.4892578125,0.030910729936274195,-0.3315420761745096
2022-06-09 15:29:18.543115264,-0.93408203125,-0.07470703125,-0.40771484375,1.46484375,2.197265625,-1.5869140625,0.097412109375,0.894775390625,-0.286376953125,1.220703125,-0.18310546875,-0.18310546875,-0.486083984375,0.5439453125,0.68701171875,-3.2958984375,5.06591796875,-2.38037109375,0.141357421875,-1.01806640625,-0.163330078125,-0.6103515625,0.0,0.0,-0.592041015625,-0.621826171875,0.628173828125,0.9765625,1.15966796875,-1.953125,-1.132080078125,0.07080078125,0.137451171875,-58.41064453125,53.466796875,-29.23583984375,0.055252939043137106,-0.37196718311131627
2022-06-09 15:29:18.553276160,-0.929931640625,-0.071533203125,-0.41259765625,1.40380859375,2.86865234375,-1.46484375,0.09716796875,0.894775390625,-0.28466796875,1.03759765625,-0.244140625,-0.1220703125,-0.486328125,0.54541015625,0.689453125,-2.86865234375,4.21142578125,-2.197265625,0.14404296875,-1.01708984375,-0.159912109375,-0.6103515625,0.0,-0.18310546875,-0.5947265625,-0.62451171875,0.62646484375,0.6103515625,1.0986328125,-1.708984375,-1.24267578125,0.04150390625,0.104736328125,-64.14794921875,46.32568359375,-33.02001953125,0.08003954267253344,-0.4092441306802923
2022-06-09 15:29:18.563437056,-0.934326171875,-0.074462890625,-0.405517578125,0.79345703125,3.60107421875,-1.40380859375,0.098388671875,0.894775390625,-0.28955078125,0.9765625,-0.42724609375,0.06103515625,-0.481689453125,0.544677734375,0.6923828125,-2.50244140625,3.5400390625,-1.953125,0.14501953125,-1.01708984375,-0.159423828125,-0.67138671875,0.06103515625,-0.1220703125,-0.598388671875,-0.623046875,0.62255859375,0.244140625,1.03759765625,-1.28173828125,-1.271728515625,0.0009765625,0.052001953125,-65.3076171875,32.40966796875,-35.70556640625,0.10455467119334949,-0.44249858096922323
2022-06-09 15:29:18.573597696,-0.930908203125,-0.07666015625,-0.404296875,0.42724609375,2.5634765625,-1.3427734375,0.09912109375,0.89306640625,-0.292236328125,0.9765625,-0.42724609375,0.18310546875,-0.482666015625,0.54296875,0.69189453125,-2.38037109375,3.2958984375,-1.8310546875,0.14453125,-1.017578125,-0.160400390625,-0.732421875,0.1220703125,-0.18310546875,-0.60107421875,-0.624755859375,0.619873046875,-0.1220703125,0.79345703125,-0.91552734375,-1.2333984375,-0.051025390625,-0.007568359375,-65.49072265625,21.484375,-36.80419921875,0.1283206674409243,-0.4727957290380118
2022-06-09 15:29:18.583758592,-0.921875,-0.0732421875,-0.39794921875,0.42724609375,1.220703125,-1.28173828125,0.100830078125,0.892333984375,-0.29052734375,0.732421875,-0.3662109375,0.244140625,-0.48193359375,0.54296875,0.689208984375,-2.25830078125,3.2958984375,-1.77001953125,0.14599609375,-1.015869140625,-0.16162109375,-0.79345703125,0.06103515625,-0.1220703125,-0.603271484375,-0.626953125,0.6171875,-0.48828125,0.3662109375,-0.67138671875,-1.168212890625,-0.055908203125,-0.060791015625,-63.232421875,21.8505859375,-38.39111328125,0.15198701377947899,-0.5015859095816702
2022-06-09 15:29:18.593919232,-0.92041015625,-0.078125,-0.3916015625,-0.42724609375,1.5869140625,-1.3427734375,0.1015625,0.889892578125,-0.28955078125,0.732421875,-0.06103515625,0.3662109375,-0.48486328125,0.541259765625,0.685546875,-1.953125,3.35693359375,-1.77001953125,0.146728515625,-1.014892578125,-0.164306640625,-0.79345703125,0.06103515625,-0.1220703125,-0.601806640625,-0.623779296875,0.613525390625,-0.67138671875,0.1220703125,-0.244140625,-1.098876953125,-0.022705078125,-0.121337890625,-59.4482421875,30.517578125,-40.6494140625,0.17465790997943587,-0.528965238964552
2022-06-09 15:29:18.604080128,-0.924072265625,-0.080078125,-0.391357421875,-0.48828125,2.5634765625,-1.03759765625,0.10107421875,0.88916015625,-0.287841796875,0.48828125,0.1220703125,0.30517578125,-0.483642578125,0.541748046875,0.68408203125,-1.8310546875,3.41796875,-1.5869140625,0.146728515625,-1.014892578125,-0.16552734375,-0.732421875,0.18310546875,-0.18310546875,-0.60107421875,-0.619873046875,0.608642578125,-0.8544921875,-0.1220703125,0.06103515625,-1.0703125,-0.036376953125,-0.140380859375,-58.837890625,40.771484375,-40.95458984375,0.1954388807840941,-0.5544115148128221
2022-06-09 15:29:18.614241024,-0.92626953125,-0.080810546875,-0.396240234375,0.1220703125,2.3193359375,-0.732421875,0.099853515625,0.890625,-0.2900390625,0.42724609375,0.1220703125,0.18310546875,-0.486328125,0.542236328125,0.67822265625,-1.77001953125,3.35693359375,-1.64794921875,0.145751953125,-1.0146484375,-0.159423828125,-0.67138671875,0.1220703125,-0.244140625,-0.602783203125,-0.619873046875,0.607177734375,-1.15966796875,-0.48828125,0.30517578125,-1.14697265625,-0.09375,-0.064453125,-63.04931640625,44.61669921875,-39.9169921875,0.21539125198391396,-0.5788266654713599
2022-06-09 15:29:18.624401920,-0.9228515625,-0.08251953125,-0.40283203125,0.6103515625,1.0986328125,-0.67138671875,0.1015625,0.890869140625,-0.2880859375,0.42724609375,0.1220703125,0.1220703125,-0.48779296875,0.540283203125,0.67626953125,-1.5869140625,3.2958984375,-1.8310546875,0.148681640625,-1.01171875,-0.1630859375,-0.54931640625,0.244140625,-0.1220703125,-0.607421875,-0.6162109375,0.60595703125,-1.46484375,-0.54931640625,0.3662109375,-1.28955078125,-0.107421875,0.028564453125,-67.44384765625,38.6962890625,-40.8935546875,0.23580194561079681,-0.6036791079768534
2022-06-09 15:29:18.634562816,-0.916259765625,-0.08349609375,-0.404296875,1.28173828125,0.42724609375,-0.54931640625,0.103759765625,0.89208984375,-0.290283203125,0.244140625,0.0,0.244140625,-0.48828125,0.543212890625,0.673583984375,-1.3427734375,3.0517578125,-1.89208984375,0.148193359375,-1.012939453125,-0.16455078125,-0.54931640625,0.1220703125,-0.06103515625,-0.612548828125,-0.61474609375,0.601318359375,-1.8310546875,-0.54931640625,0.42724609375,-1.361572265625,-0.0234375,0.126220703125,-67.56591796875,25.2685546875,-46.2646484375,0.2575249737946218,-0.628502398600811
2022-06-09 15:29:18.644723456,-0.9130859375,-0.084716796875,-0.3994140625,1.708984375,0.54931640625,-0.54931640625,0.10107421875,0.8916015625,-0.287841796875,0.244140625,0.06103515625,0.244140625,-0.491455078125,0.544189453125,0.67236328125,-0.9765625,2.44140625,-1.8310546875,0.146240234375,-1.014404296875,-0.1640625,-0.6103515625,0.0,0.0,-0.620849609375,-0.61767578125,0.60107421875,-2.44140625,-1.0986328125,0.54931640625,-1.326416015625,0.07861328125,0.191162109375,-62.3779296875,21.3623046875,-59.6923828125,0.28134036981145516,-0.6517593280397211
2022-06-09 15:29:18.654884352,-0.91259765625,-0.084716796875,-0.40234375,1.953125,1.220703125,-0.6103515625,0.1005859375,0.892578125,-0.286376953125,0.3662109375,0.1220703125,0.244140625,-0.48974609375,0.54638671875,0.670654296875,-0.42724609375,1.708984375,-1.5869140625,0.145263671875,-1.01513671875,-0.162109375,-0.48828125,0.06103515625,0.0,-0.63720703125,-0.621337890625,0.615478515625,-3.2958984375,-2.50244140625,0.48828125,-1.315673828125,0.19482421875,0.292236328125,-63.17138671875,37.841796875,-78.7353515625,0.30934159287960095,-0.671332074647401
2022-06-09 15:29:18.665045248,-0.913818359375,-0.085693359375,-0.403076171875,2.0751953125,1.52587890625,-0.6103515625,0.100830078125,0.89208984375,-0.28857421875,0.244140625,-0.06103515625,0.244140625,-0.4912109375,0.548095703125,0.677490234375,-0.30517578125,1.0986328125,-1.40380859375,0.1435546875,-1.01416015625,-0.16259765625,-0.42724609375,0.244140625,0.06103515625,-0.651611328125,-0.624267578125,0.6259765625,-4.2724609375,-5.9814453125,0.3662109375,-1.35791015625,0.07861328125,0.56103515625,-80.9326171875,51.94091796875,-94.7265625,0.34366267916759297,-0.6873074501282009
2022-06-09 15:29:18.675205888,-0.912841796875,-0.086181640625,-0.400634765625,1.8310546875,1.3427734375,-0.6103515625,0.101806640625,0.890380859375,-0.289306640625,0.244140625,-0.1220703125,0.244140625,-0.502685546875,0.552978515625,0.68359375,0.06103515625,0.54931640625,-1.0986328125,0.146484375,-1.014404296875,-0.16064453125,-0.3662109375,0.244140625,0.06103515625,-0.6357421875,-0.619873046875,0.62890625,-4.69970703125,-9.765625,0.8544921875,-1.335693359375,-0.056884765625,0.54443359375,-87.21923828125,40.771484375,-101.62353515625,0.380745665472502,-0.6998931531482171
2022-06-09 15:29:18.685366784,-0.9130859375,-0.088134765625,-0.3974609375,1.5869140625,1.28173828125,-0.79345703125,0.100830078125,0.8896484375,-0.28955078125,0.1220703125,-0.1220703125,0.18310546875,-0.525634765625,0.5556640625,0.697998046875,0.9765625,-1.8310546875,-0.67138671875,0.146728515625,-1.014892578125,-0.16357421875,-0.42724609375,0.1220703125,0.1220703125,-0.614990234375,-0.619873046875,0.629150390625,-4.5166015625,-10.68115234375,1.28173828125,-1.1611328125,0.1181640625,0.46044921875,-67.07763671875,16.29638671875,-102.1728515625,0.4145107591973034,-0.7059922222634497
2022-06-09 15:29:18.695527680,-0.914306640625,-0.090087890625,-0.39453125,1.52587890625,1.8310546875,-0.9765625,0.102783203125,0.889892578125,-0.291748046875,0.244140625,-0.06103515625,0.18310546875,-0.53466796875,0.552978515625,0.7041015625,2.197265625,-7.2021484375,-0.244140625,0.146728515625,-1.01611328125,-0.16259765625,-0.30517578125,0.0,0.1220703125,-0.613037109375,-0.62158203125,0.628173828125,-4.150390625,-9.521484375,2.01416015625,-0.935302734375,0.157958984375,0.5908203125,-59.08203125,6.40869140625,-97.16796875,0.44128028137604514,-0.7028840802599914
2022-06-09 15:29:18.705688576,-0.920166015625,-0.086669921875,-0.39697265625,1.46484375,2.0751953125,-1.0986328125,0.1044921875,0.8896484375,-0.2880859375,0.30517578125,0.06103515625,0.06103515625,-0.529296875,0.552001953125,0.704833984375,2.44140625,-12.5732421875,0.54931640625,0.14453125,-1.017578125,-0.163330078125,-0.1220703125,0.1220703125,0.0,-0.616943359375,-0.62109375,0.626220703125,-3.72314453125,-8.544921875,2.9296875,-0.8515625,-0.0615234375,0.559326171875,-53.5888671875,11.5966796875,-90.4541015625,0.45836604384363666,-0.690664039618376
2022-06-09 15:29:18.715850240,-0.92041015625,-0.0830078125,-0.397705078125,1.46484375,1.40380859375,-1.15966796875,0.1044921875,0.888427734375,-0.28662109375,0.48828125,0.06103515625,-0.1220703125,-0.513671875,0.5498046875,0.69189453125,1.64794921875,-13.85498046875,0.54931640625,0.14306640625,-1.01806640625,-0.16357421875,-0.06103515625,0.1220703125,0.0,-0.629150390625,-0.625,0.632568359375,-3.662109375,-8.23974609375,3.60107421875,-0.9111328125,-0.143798828125,0.512451171875,-36.68212890625,18.9208984375,-89.35546875,0.4670336798001965,-0.6763396525416566
2022-06-09 15:29:18.726011648,-0.919189453125,-0.080078125,-0.398193359375,1.46484375,0.54931640625,-1.0986328125,0.1025390625,0.890625,-0.28466796875,0.42724609375,0.1220703125,-0.1220703125,-0.532958984375,0.54296875,0.687255859375,-1.64794921875,-9.46044921875,-2.01416015625,0.1416015625,-1.015625,-0.162353515625,-0.06103515625,0.1220703125,-0.06103515625,-0.677001953125,-0.640625,0.640380859375,-4.08935546875,-11.04736328125,3.47900390625,-1.022705078125,-0.24267578125,0.488525390625,-31.06689453125,23.92578125,-91.796875,0.47409575319272146,-0.683695579104211
2022-06-09 15:29:18.736173056,-0.91455078125,-0.08154296875,-0.401611328125,1.3427734375,0.0,-0.91552734375,0.098876953125,0.8916015625,-0.285400390625,0.48828125,0.1220703125,-0.18310546875,-0.593017578125,0.547119140625,0.701904296875,-2.44140625,-13.18359375,-1.89208984375,0.142822265625,-1.016845703125,-0.16455078125,0.06103515625,0.1220703125,-0.06103515625,-0.726318359375,-0.646484375,0.6337890625,-4.08935546875,-20.5078125,3.11279296875,-1.148193359375,-0.35693359375,0.486328125,-33.5693359375,22.3388671875,-92.6513671875,0.4836246816810803,-0.7121864490716199
2022-06-09 15:29:18.746334720,-0.9072265625,-0.079833984375,-0.408203125,0.9765625,-0.48828125,-1.03759765625,0.101318359375,0.8916015625,-0.28955078125,0.67138671875,-0.244140625,-0.18310546875,-0.6015625,0.530029296875,0.681396484375,-0.67138671875,-24.169921875,-1.40380859375,0.142822265625,-1.0166015625,-0.166259765625,0.18310546875,0.1220703125,-0.244140625,-0.74462890625,-0.639892578125,0.61865234375,-4.638671875,-34.7900390625,3.60107421875,-1.248779296875,-0.402099609375,0.453857421875,-37.2314453125,20.99609375,-93.1396484375,0.4937468719699183,-0.7354727347259575
2022-06-09 15:29:18.756496384,-0.9072265625,-0.075927734375,-0.41650390625,0.67138671875,-0.48828125,-1.0986328125,0.09716796875,0.89208984375,-0.288330078125,0.67138671875,-0.30517578125,-0.30517578125,-0.571533203125,0.5185546875,0.662109375,3.11279296875,-33.0810546875,0.67138671875,0.142578125,-1.01953125,-0.1650390625,0.1220703125,0.1220703125,-0.30517578125,-0.72802734375,-0.631591796875,0.615478515625,-6.103515625,-46.20361328125,4.08935546875,-1.269775390625,-0.355712890625,0.39794921875,-41.9921875,19.34814453125,-89.111328125,0.5063184343614576,-0.7333097110795069
2022-06-09 15:29:18.766658048,-0.91357421875,-0.07421875,-0.422607421875,0.18310546875,1.03759765625,-1.03759765625,0.1015625,0.89453125,-0.285888671875,0.79345703125,-0.3662109375,-0.244140625,-0.58642578125,0.506591796875,0.654541015625,4.21142578125,-37.4755859375,1.52587890625,0.141845703125,-1.020263671875,-0.161376953125,0.30517578125,0.18310546875,-0.3662109375,-0.71044921875,-0.62158203125,0.62109375,-7.32421875,-51.08642578125,5.2490234375,-1.192138671875,-0.277099609375,0.39208984375,-45.34912109375,9.82666015625,-75.74462890625,0.5220320644895882,-0.7058132311731715
2022-06-09 15:29:18.776819712,-0.92529296875,-0.078369140625,-0.41796875,-0.30517578125,2.74658203125,-1.0986328125,0.100341796875,0.897216796875,-0.2880859375,0.9765625,-0.3662109375,-0.18310546875,-0.57275390625,0.483154296875,0.667724609375,4.638671875,-41.8701171875,-0.48828125,0.141357421875,-1.0205078125,-0.159423828125,0.3662109375,0.244140625,-0.42724609375,-0.66455078125,-0.610595703125,0.62158203125,-7.9345703125,-52.3681640625,7.9345703125,-1.085205078125,-0.1962890625,0.3828125,-47.607421875,3.11279296875,-57.43408203125,0.5300804849499314,-0.6795324012350861
2022-06-09 15:29:18.786981120,-0.939453125,-0.082275390625,-0.407470703125,-0.6103515625,1.89208984375,-1.28173828125,0.100341796875,0.893310546875,-0.28857421875,0.9765625,-0.48828125,-0.1220703125,-0.524169921875,0.467529296875,0.66552734375,7.080078125,-45.654296875,-2.8076171875,0.14404296875,-1.02001953125,-0.16259765625,0.42724609375,0.30517578125,-0.48828125,-0.60546875,-0.599609375,0.613525390625,-8.4228515625,-50.1708984375,10.1318359375,-1.05078125,-0.068115234375,0.3408203125,-45.71533203125,13.24462890625,-41.07666015625,0.5240342258820416,-0.6650223713284305
2022-06-09 15:29:18.797142784,-0.941650390625,-0.08203125,-0.40478515625,-0.8544921875,-1.708984375,-1.52587890625,0.103515625,0.891357421875,-0.289306640625,1.0986328125,-0.6103515625,-0.18310546875,-0.495361328125,0.484375,0.678466796875,8.9111328125,-46.875,-4.45556640625,0.145751953125,-1.01904296875,-0.162353515625,0.48828125,0.3662109375,-0.54931640625,-0.569091796875,-0.596923828125,0.61181640625,-8.48388671875,-45.83740234375,11.474609375,-1.063720703125,0.03955078125,0.28271484375,-41.93115234375,24.96337890625,-27.89306640625,0.5069703188732214,-0.657116401968697
2022-06-09 15:29:18.807304448,-0.9306640625,-0.083251953125,-0.41015625,-1.708984375,-4.57763671875,-1.77001953125,0.10302734375,0.889892578125,-0.291748046875,0.9765625,-0.54931640625,-0.30517578125,-0.4775390625,0.500244140625,0.6923828125,8.11767578125,-48.27880859375,-5.18798828125,0.144775390625,-1.015869140625,-0.162109375,0.48828125,0.3662109375,-0.54931640625,-0.56494140625,-0.605712890625,0.618896484375,-8.30078125,-41.80908203125,12.8173828125,-1.022216796875,0.096435546875,0.247802734375,-38.2080078125,23.681640625,-16.66259765625,0.4797214351064901,-0.6570748657703636
2022-06-09 15:29:18.817466112,-0.921142578125,-0.086669921875,-0.404296875,-2.5634765625,-3.47900390625,-1.8310546875,0.098876953125,0.8955078125,-0.291748046875,0.79345703125,-0.6103515625,-0.244140625,-0.44873046875,0.50390625,0.70166015625,8.1787109375,-49.86572265625,-5.37109375,0.143310546875,-1.01611328125,-0.162353515625,0.67138671875,0.244140625,-0.732421875,-0.577392578125,-0.63330078125,0.619873046875,-8.1787109375,-38.02490234375,13.85498046875,-0.91748046875,0.117431640625,0.246337890625,-36.9873046875,19.22607421875,-6.16455078125,0.44277492219597614,-0.6629392505199022
2022-06-09 15:29:18.827627776,-0.922607421875,-0.089599609375,-0.39501953125,-2.685546875,0.06103515625,-1.77001953125,0.09814453125,0.894775390625,-0.2919921875,0.6103515625,-0.67138671875,-0.244140625,-0.40869140625,0.5087890625,0.712890625,8.85009765625,-50.048828125,-5.0048828125,0.142822265625,-1.01513671875,-0.16259765625,0.91552734375,0.1220703125,-0.732421875,-0.583984375,-0.6552734375,0.61279296875,-7.568359375,-32.958984375,14.7705078125,-0.837890625,0.12841796875,0.2470703125,-37.29248046875,24.71923828125,4.82177734375,0.3962216897960734,-0.666112623972796
2022-06-09 15:29:18.837789184,-0.932861328125,-0.08837890625,-0.39599609375,-2.3193359375,1.89208984375,-1.8310546875,0.09912109375,0.893310546875,-0.29150390625,0.54931640625,-0.6103515625,-0.18310546875,-0.368896484375,0.51171875,0.72265625,8.544921875,-47.66845703125,-4.57763671875,0.142578125,-1.015869140625,-0.164794921875,1.0986328125,0.244140625,-0.79345703125,-0.571044921875,-0.6591796875,0.599365234375,-6.53076171875,-26.85546875,15.7470703125,-0.823974609375,0.147216796875,0.23974609375,-38.63525390625,34.1796875,14.5263671875,0.33707364449618904,-0.6648640581114675
2022-06-09 15:29:18.847950592,-0.930908203125,-0.08935546875,-0.403076171875,-2.3193359375,0.42724609375,-1.953125,0.101806640625,0.890380859375,-0.292724609375,0.48828125,-0.6103515625,0.0,-0.354736328125,0.526123046875,0.720703125,8.11767578125,-42.41943359375,-4.45556640625,0.142822265625,-1.015380859375,-0.16357421875,1.15966796875,0.30517578125,-0.9765625,-0.5654296875,-0.64306640625,0.597900390625,-5.92041015625,-20.08056640625,16.9677734375,-0.835205078125,0.153564453125,0.22265625,-41.56494140625,35.70556640625,20.01953125,0.26413214808115126,-0.663097679799831
2022-06-09 15:29:18.858112256,-0.919189453125,-0.092041015625,-0.404052734375,-2.685546875,-1.77001953125,-1.953125,0.10009765625,0.890380859375,-0.292724609375,0.3662109375,-0.42724609375,0.06103515625,-0.34521484375,0.5498046875,0.739990234375,6.65283203125,-37.04833984375,-3.662109375,0.146728515625,-1.017333984375,-0.16259765625,1.3427734375,0.42724609375,-1.03759765625,-0.568115234375,-0.62646484375,0.60107421875,-6.4697265625,-16.357421875,18.310546875,-0.818603515625,0.132080078125,0.19873046875,-44.25048828125,27.64892578125,19.22607421875,0.1814636320950186,-0.6621406588195731
2022-06-09 15:29:18.868273920,-0.906494140625,-0.089599609375,-0.397216796875,-2.8076171875,-1.46484375,-1.64794921875,0.10302734375,0.891845703125,-0.293212890625,0.1220703125,-0.244140625,0.1220703125,-0.364501953125,0.553955078125,0.7392578125,5.126953125,-33.26416015625,-2.3193359375,0.147216796875,-1.016357421875,-0.16259765625,1.52587890625,0.67138671875,-1.15966796875,-0.547607421875,-0.611328125,0.609130859375,-6.89697265625,-15.93017578125,19.83642578125,-0.773193359375,0.0634765625,0.17626953125,-46.56982421875,18.9208984375,13.48876953125,0.09148723653677537,-0.6594088054903641
2022-06-09 15:29:18.878435584,-0.90185546875,-0.084716796875,-0.39208984375,-2.5634765625,0.79345703125,-1.64794921875,0.10302734375,0.88818359375,-0.293212890625,-0.06103515625,-0.06103515625,0.18310546875,-0.38623046875,0.56396484375,0.728515625,4.82177734375,-30.21240234375,-3.173828125,0.146484375,-1.015380859375,-0.163330078125,1.5869140625,0.79345703125,-1.15966796875,-0.527587890625,-0.6025390625,0.608154296875,-7.50732421875,-15.13671875,20.751953125,-0.735107421875,-0.022216796875,0.15966796875,-48.52294921875,17.15087890625,5.79833984375,-0.003995316801760795,-0.6592050676883082
2022-06-09 15:29:18.888596992,-0.910888671875,-0.0830078125,-0.388916015625,-2.38037109375,2.74658203125,-1.3427734375,0.100341796875,0.889892578125,-0.293701171875,-0.06103515625,0.1220703125,0.1220703125,-0.37451171875,0.5732421875,0.713623046875,4.2724609375,-28.86962890625,-2.86865234375,0.145751953125,-1.013671875,-0.1591796875,1.46484375,1.03759765625,-1.220703125,-0.502197265625,-0.59326171875,0.597900390625,-7.9345703125,-14.0380859375,20.6298828125,-0.720458984375,-0.069091796875,0.148681640625,-50.59814453125,20.5078125,-1.03759765625,-0.09882319239073667,-0.6636116663579572
2022-06-09 15:29:18.898758656,-0.92236328125,-0.082763671875,-0.39111328125,-2.74658203125,3.41796875,-0.9765625,0.09912109375,0.890625,-0.293212890625,-0.18310546875,0.244140625,0.18310546875,-0.36328125,0.5810546875,0.69482421875,3.5400390625,-25.634765625,-1.40380859375,0.1494140625,-1.0126953125,-0.159423828125,1.52587890625,1.28173828125,-1.28173828125,-0.494140625,-0.58544921875,0.59326171875,-8.11767578125,-14.46533203125,20.44677734375,-0.72802734375,-0.0869140625,0.14208984375,-54.5654296875,24.47509765625,-5.55419921875,-0.1903535594172694,-0.6635174938711779
2022-06-09 15:29:18.908920320,-0.9287109375,-0.087646484375,-0.404052734375,-3.5400390625,2.99072265625,-0.9765625,0.097412109375,0.894775390625,-0.2900390625,-0.18310546875,0.3662109375,0.244140625,-0.409912109375,0.59521484375,0.68798828125,1.52587890625,-23.193359375,-1.15966796875,0.145263671875,-1.010986328125,-0.1591796875,1.52587890625,1.15966796875,-1.28173828125,-0.469970703125,-0.5947265625,0.591064453125,-8.60595703125,-15.93017578125,19.4091796875,-0.76123046875,-0.056884765625,0.124267578125,-64.14794921875,28.74755859375,-6.89697265625,-0.27493856169931064,-0.6629529992831862
2022-06-09 15:29:18.919081984,-0.928955078125,-0.08935546875,-0.4267578125,-5.0048828125,1.8310546875,-1.0986328125,0.097412109375,0.89599609375,-0.289794921875,-0.244140625,0.48828125,0.3662109375,-0.471923828125,0.596923828125,0.673583984375,-1.5869140625,-29.296875,-2.50244140625,0.145751953125,-1.013671875,-0.158935546875,1.52587890625,0.91552734375,-1.15966796875,-0.464599609375,-0.61669921875,0.615478515625,-8.9111328125,-15.31982421875,18.1884765625,-0.779541015625,-0.059814453125,0.10546875,-68.4814453125,31.43310546875,-5.43212890625,-0.3482683736730308,-0.6803706246483472
2022-06-09 15:29:18.929243648,-0.927490234375,-0.08740234375,-0.43212890625,-5.92041015625,1.28173828125,-1.15966796875,0.09521484375,0.89990234375,-0.28857421875,-0.244140625,0.6103515625,0.54931640625,-0.462158203125,0.57958984375,0.661376953125,-0.9765625,-44.0673828125,-2.3193359375,0.147705078125,-1.0166015625,-0.156982421875,1.40380859375,0.732421875,-1.220703125,-0.48681640625,-0.635009765625,0.65087890625,-8.85009765625,-12.6953125,17.63916015625,-0.764892578125,-0.0546875,0.089599609375,-69.4580078125,29.78515625,-6.103515625,-0.4140557540015888,-0.7093958010207764
2022-06-09 15:29:18.939405056,-0.92529296875,-0.086669921875,-0.4111328125,-5.18798828125,1.5869140625,-0.8544921875,0.097900390625,0.8984375,-0.286376953125,-0.30517578125,0.6103515625,0.48828125,-0.454345703125,0.599853515625,0.6708984375,2.44140625,-58.28857421875,-0.67138671875,0.1455078125,-1.015869140625,-0.154296875,1.28173828125,0.54931640625,-1.220703125,-0.509033203125,-0.65087890625,0.6904296875,-8.72802734375,-8.97216796875,17.2119140625,-0.713623046875,-0.01806640625,0.0654296875,-69.4580078125,25.57373046875,-9.70458984375,-0.4767129632264891,-0.720300903894874
2022-06-09 15:29:18.949566720,-0.926513671875,-0.08154296875,-0.412353515625,-3.23486328125,1.5869140625,-0.1220703125,0.10009765625,0.897216796875,-0.288818359375,-0.18310546875,0.67138671875,0.54931640625,-0.476318359375,0.611572265625,0.6640625,2.0751953125,-71.10595703125,-0.67138671875,0.145263671875,-1.01806640625,-0.15283203125,0.9765625,0.54931640625,-1.220703125,-0.529052734375,-0.649169921875,0.68798828125,-8.056640625,-9.21630859375,14.46533203125,-0.669189453125,0.02197265625,0.0498046875,-70.49560546875,25.634765625,-13.671875,-0.5301190899766263,-0.7164403830865538
2022-06-09 15:29:18.959728128,-0.927490234375,-0.07177734375,-0.42041015625,-0.6103515625,0.79345703125,0.91552734375,0.101318359375,0.89501953125,-0.286376953125,-0.1220703125,0.54931640625,0.732421875,-0.43603515625,0.5849609375,0.660400390625,3.2958984375,-82.45849609375,-1.15966796875,0.146484375,-1.0185546875,-0.151611328125,0.8544921875,0.48828125,-1.28173828125,-0.51953125,-0.64111328125,0.689453125,-7.2021484375,-12.02392578125,13.18359375,-0.658447265625,0.051513671875,0.038330078125,-72.021484375,30.8837890625,-17.27294921875,-0.5736225649690511,-0.7128682066528115
2022-06-09 15:29:18.969889792,-0.921875,-0.070068359375,-0.414794921875,0.06103515625,-0.42724609375,1.953125,0.099853515625,0.89453125,-0.287353515625,0.06103515625,0.48828125,0.67138671875,-0.37646484375,0.583984375,0.690673828125,6.89697265625,-85.99853515625,-1.40380859375,0.150390625,-1.017333984375,-0.155029296875,0.67138671875,0.42724609375,-1.40380859375,-0.488037109375,-0.63623046875,0.701416015625,-5.67626953125,-11.474609375,12.39013671875,-0.677734375,0.0693359375,0.026611328125,-72.93701171875,37.17041015625,-20.81298828125,-0.6174525235828191,-0.70060253352671
2022-06-09 15:29:18.980051456,-0.915771484375,-0.076904296875,-0.41748046875,-1.03759765625,-0.6103515625,2.86865234375,0.10205078125,0.89111328125,-0.288330078125,0.1220703125,0.3662109375,0.67138671875,-0.35302734375,0.60009765625,0.71533203125,7.8125,-82.1533203125,-2.13623046875,0.15185546875,-1.017333984375,-0.15673828125,0.6103515625,0.42724609375,-1.3427734375,-0.47998046875,-0.631591796875,0.71142578125,-3.35693359375,-6.34765625,11.1083984375,-0.70703125,0.076904296875,0.012451171875,-73.8525390625,41.32080078125,-24.10888671875,-0.6666039770220333,-0.6815083178055557
2022-06-09 15:29:18.990212864,-0.91015625,-0.077880859375,-0.418212890625,-2.38037109375,0.6103515625,3.60107421875,0.10302734375,0.889892578125,-0.287841796875,0.244140625,0.1220703125,0.67138671875,-0.339599609375,0.612060546875,0.74267578125,7.2021484375,-77.08740234375,-4.33349609375,0.15185546875,-1.015869140625,-0.156005859375,0.244140625,0.42724609375,-1.28173828125,-0.493896484375,-0.623291015625,0.717041015625,-1.28173828125,-0.54931640625,11.04736328125,-0.72412109375,0.070068359375,-0.01953125,-75.3173828125,43.701171875,-27.099609375,-0.7256686538781669,-0.674918877302257
